EST_MER_6;MARCA;FABRICANTE
C10A PREPARADOS PARA REGULACAO COLESTEROL E TRIGLICERID;ATORVASTATINA 1FA;1FARMA
D01A ANTIMICOTICOS DERMATOLOGICOS;CETOCONAZOL 1FA;1FARMA
M03B RELAXANTES MUSCULARES ACAO CENTRAL;CLOR DE CICLOBENZAPRINA 1FA;1FARMA
A02B ANTIULCEROSOS;OMEPRAZOL 1FA;1FARMA
C10A PREPARADOS PARA REGULACAO COLESTEROL E TRIGLICERID;SINVASTATINA 1FA;1FARMA
A05A PRODUTOS PARA DISTURBIOS DO TRATO BILIAR;ALCACHOFRA 4EL;4 ELEMENTOS IND ALIM
R05B ANTIGRIPAIS C ANTIINFECCIOSOS;7 ABELHAS;7 ABELHAS
R05C EXPECTORANTES;ACETILCISTEINA A2F;A2F LABORATORIO
M02A ANTIREUMATICOS TOPICOS COM ANALGESICOS;CERA MAIS;A2F LABORATORIO
R05C EXPECTORANTES;GEOTOSS A2F;A2F LABORATORIO
A12C OUTROS SUPLEMENTOS MINERAIS;GEOVIT;A2F LABORATORIO
R05C EXPECTORANTES;GEOVIT A2F;A2F LABORATORIO
A11G VITAMINA C INCLUSIVE ASSOCIADA A MINERAIS;GERA;A2F LABORATORIO
R05C EXPECTORANTES;GERA;A2F LABORATORIO
R05C EXPECTORANTES;GRA LABS A2F;A2F LABORATORIO
A12A CALCIO;IMUNEVITTA CALCIO;A2F LABORATORIO
A12C OUTROS SUPLEMENTOS MINERAIS;MENUTRI;A2F LABORATORIO
A07G REPOSITORES ELECTROLITICOS ORAIS;MENUTRI A2F;A2F LABORATORIO
H04X OUTRAS HORMONIOS E PREPARACAO COM ACOES SIMILARES;MENUTRI A2F;A2F LABORATORIO
R05B ANTIGRIPAIS C ANTIINFECCIOSOS;MENUTRI A2F;A2F LABORATORIO
R05C EXPECTORANTES;MENUTRI A2F;A2F LABORATORIO
A11G VITAMINA C INCLUSIVE ASSOCIADA A MINERAIS;PHD A2F;A2F LABORATORIO
R05C EXPECTORANTES;PHD A2F;A2F LABORATORIO
A12C OUTROS SUPLEMENTOS MINERAIS;VITA PREMIUM;A2F LABORATORIO
R05C EXPECTORANTES;VITOREX A2F;A2F LABORATORIO
A09A DIGESTIVOS INCLUIDO ENZIMAS;ABBOTT;ABBOTT
C05C TERAPIA VARICOSA SISTEMICA;ABBOTT;ABBOTT
G03F ASSOCIACOES DE ESTROGENOS E PROGESTOGENOS EXCETO G;ABBOTT;ABBOTT
J01G FLUOROQUINOLONAS;ABBOTT;ABBOTT
J07E VACINAS VIRAIS;ABBOTT;ABBOTT
N03A ANTICONVULSIVANTES;ABBOTT;ABBOTT
P01B ANTIHELMINTICOS EXCETO OS ESQUISTOSOMICIDAS;ABBOTT;ABBOTT
R05C EXPECTORANTES;ABBOTT;ABBOTT
N04A ANTIPARKINSONIANOS;AKINETON ABB;ABBOTT
A12C OUTROS SUPLEMENTOS MINERAIS;ALETAM ABB;ABBOTT
M01A ANTI REUMATICOS SEM ESTEROIDES;ALIVETORE ABB;ABBOTT
J01H PENICILINAS DE PEQUENO E MEDIO ESPECTRO;BENZETACIL ABB;ABBOTT
N07C OUTROS MEDICAMENTOS ANTIVERTIGINOSOS;BETASERC ABB;ABBOTT
A09A DIGESTIVOS INCLUIDO ENZIMAS;CREON ABB;ABBOTT
P03A ECTOPARASITICIDAS INCL ESCAB;DELTACID ABB;ABBOTT
N03A ANTICONVULSIVANTES;DEPAKENE ABB;ABBOTT
R05C EXPECTORANTES;DEPAKENE ABB;ABBOTT
N03A ANTICONVULSIVANTES;DEPAKOTE ABB;ABBOTT
N03A ANTICONVULSIVANTES;DEPAKOTE ER;ABBOTT
C08A ANTAGONISTAS DO CALCIO PUROS;DILACORON ABB;ABBOTT
N03A ANTICONVULSIVANTES;DIVALCON ABB;ABBOTT
N03A ANTICONVULSIVANTES;DIVALPROATO DE SODIO ABB;ABBOTT
A06A DROGAS PARA A CONSTIPACAO;DUPHALAC ABB;ABBOTT
G03D PROGESTOGENOS E ASSOCIACOES EXCLUINDO G3A G3F;DUPHASTON ABB;ABBOTT
C10B PREPARACOES ANTIATEROMA DE ORIGEM NATURAL;DUPLOSTAT ABB;ABBOTT
A03A ANTIESPASMODICOS E ANTICOLINERGICOS PUROS;DUSPATALIN ABB;ABBOTT
G03F ASSOCIACOES DE ESTROGENOS E PROGESTOGENOS EXCETO G;FEMOSTON ABB;ABBOTT
N06A A DEPRESSIVOS E REGUL DE HUMOR;FLUVOXAMINA ABB;ABBOTT
M01A ANTI REUMATICOS SEM ESTEROIDES;HIDROXIZINA ABB;ABBOTT
J07E VACINAS VIRAIS;INFLUVAC ABB;ABBOTT
D03A AGENTES CURATIVOS FERIDAS;IRUXOL ABB;ABBOTT
G01C ANTIBACTERIANOS GINECOLOGICOS;IRUXOL ABB;ABBOTT
J01F MACROLIDEOS E SIMILARES;KLARICID ABB;ABBOTT
C10A PREPARADOS PARA REGULACAO COLESTEROL E TRIGLICERID;LIPIDIL ABB;ABBOTT
G03A CONTRACEPTIVOS HORMONAIS SISTEMICOS;LIVANEL ABB;ABBOTT
C07A AGENTES BETA BLOQUEADORES PUROS;LOBEAT ABB;ABBOTT
N06A A DEPRESSIVOS E REGUL DE HUMOR;LUVOX ABB;ABBOTT
M01A ANTI REUMATICOS SEM ESTEROIDES;MOVYDIA ABB;ABBOTT
R05C EXPECTORANTES;MUCOLIN ABB;ABBOTT
A07A ANTI INFECCIOSOS INTESTINAIS;PEDIALYTE ABB;ABBOTT
A07G REPOSITORES ELECTROLITICOS ORAIS;PEDIALYTE ABB;ABBOTT
A07G REPOSITORES ELECTROLITICOS ORAIS;PEDIALYTE MAX ABB;ABBOTT
M05X OUTROS PRODUTOS SISTEMA MUSCULO ESQUELETICO;PIASCLEDINE ABB;ABBOTT
C01B ANTIARRITMICOS;PROPAFENONA ABB;ABBOTT
P01B ANTIHELMINTICOS EXCETO OS ESQUISTOSOMICIDAS;REVECTINA ABB;ABBOTT
N06A A DEPRESSIVOS E REGUL DE HUMOR;REVOC ABB;ABBOTT
C01B ANTIARRITMICOS;RITMONORM ABB;ABBOTT
B01F INIBIDOR DIRETO DO FATOR XA;RIVACRIST ABB;ABBOTT
A03A ANTIESPASMODICOS E ANTICOLINERGICOS PUROS;RUBENTI ABB;ABBOTT
H03A PREPARADOS DE TIREOIDE;SYNTHROID ABB;ABBOTT
C04A VASOTERAPIA CEREBRAL E PERIFERICA;TANAKAN ABB;ABBOTT
R03B XANTINAS;TEOLONG ABB;ABBOTT
C05B TERAPIA VARICOSA TOPICA;TROMBOFOB ABB;ABBOTT
C05C TERAPIA VARICOSA SISTEMICA;VENOCUR ABB;ABBOTT
R05D ANTITUSSIGENOS;VIBRAL ABB;ABBOTT
N02D PROD GABAPENTINOIDES;ZEROPIN ABB;ABBOTT
L01X OUTROS ANTINEOPLASICOS;EPKINLY ABV;ABBVIE
L04B MEDICAMENTOS ANTI TNF;HUMIRA ABV;ABBVIE
L04D INIBIDORES DE JAK;RINVOQ ABV;ABBVIE
L04C INIBIDORES DE INTERLEUCINA;SKYRIZI ABV;ABBVIE
L01X OUTROS ANTINEOPLASICOS;VENCLEXTA ABV;ABBVIE
R05B ANTIGRIPAIS C ANTIINFECCIOSOS;ABELHINHA;ABELHINHA
J01D CEFALOSPORINAS;CEFALEXINA ABL;ABL BRASIL
J01D CEFALOSPORINAS;CEFTRIAXONA ABL;ABL BRASIL
J01F MACROLIDEOS E SIMILARES;CLARITROMICINA ABL;ABL BRASIL
J01P OUTROS BETA LACTAMNICOS EXCLUINDO PENICILINAS;MEROPENEM ABL;ABL BRASIL
C09A INIBIDORES ACE PUROS;ABEPOTEN ABN;ABNAT
L01H ANTINEOPLASICOS INIBIDORES DA PROTEINA QUINASE;ACCORD;ACCORD FARMACEUTICA
L02B ANTAGONISTAS DE HORMONIOS CITOSTATICOS;BICALUTAMIDA ACR;ACCORD FARMACEUTICA
B01C INIBIDORES DA AGREGACAO PLAQUETARIA;BISSUL DE CLOPIDOGREL ACR;ACCORD FARMACEUTICA
L01H ANTINEOPLASICOS INIBIDORES DA PROTEINA QUINASE;EVEROLIMO ACR;ACCORD FARMACEUTICA
N07X TODAS OUTRAS DROGAS PARA SNC;FAMPRIDINA ACR;ACCORD FARMACEUTICA
N05A ANTIPSICOTICOS;HEMIFUMARATO DE QUETIAPINA ACR;ACCORD FARMACEUTICA
A10J BIGUANIDA A DIABETICOS;METFORMINA ACR;ACCORD FARMACEUTICA
L04X OUTROS IMUNOSSUPRESORES;MICOFENOLATO DE MOFETILA ACR;ACCORD FARMACEUTICA
L04X OUTROS IMUNOSSUPRESORES;MICOFENOLATO DE SODIO ACR;ACCORD FARMACEUTICA
A04A ANTIEMETICOS E ANTINAUSEOSOS;PALOCYT ACR;ACCORD FARMACEUTICA
B01F INIBIDOR DIRETO DO FATOR XA;RIVAROXABANA ACR;ACCORD FARMACEUTICA
N03A ANTICONVULSIVANTES;TOPIRAMATO ACR;ACCORD FARMACEUTICA
P03A ECTOPARASITICIDAS INCL ESCAB;ACARSAN ACH;ACHE LABORATORIOS FARMACEUTICOS SA
R05C EXPECTORANTES;ACEBROFILINA ACH;ACHE LABORATORIOS FARMACEUTICOS SA
R05C EXPECTORANTES;ACETILCISTEINA ACH;ACHE LABORATORIOS FARMACEUTICOS SA
A12C OUTROS SUPLEMENTOS MINERAIS;ACHE;ACHE LABORATORIOS FARMACEUTICOS SA
H02A CORTICOSTEROIDES PUROS;ACHE;ACHE LABORATORIOS FARMACEUTICOS SA
N03A ANTICONVULSIVANTES;ACHE;ACHE LABORATORIOS FARMACEUTICOS SA
S01K PRODUTOS PARA OLHO SECO;ACHE;ACHE LABORATORIOS FARMACEUTICOS SA
M02A ANTIREUMATICOS TOPICOS COM ANALGESICOS;ACHEFLAN ACH;ACHE LABORATORIOS FARMACEUTICOS SA
D06D PRODUTOS PARA INFECOES VIRAIS;ACICLOVIR ACH;ACHE LABORATORIOS FARMACEUTICOS SA
J05B OUTROS ANTIVIRAIS;ACICLOVIR ACH;ACHE LABORATORIOS FARMACEUTICOS SA
M01A ANTI REUMATICOS SEM ESTEROIDES;ACIDO MEFENAMICO ACH;ACHE LABORATORIOS FARMACEUTICOS SA
D07A CORTICOIDES TOPICOS PUROS;ADINOS ACH;ACHE LABORATORIOS FARMACEUTICOS SA
D07B ASSOCIACOES DE CORTICOIDES;ADINOS ACH;ACHE LABORATORIOS FARMACEUTICOS SA
A02B ANTIULCEROSOS;ADIPEPT ACH;ACHE LABORATORIOS FARMACEUTICOS SA
R03A AGONISTAS BETA 2;ALENIA ACH;ACHE LABORATORIOS FARMACEUTICOS SA
R03F AGONISTAS BETA 2 E CORTICOIDES COMBINADO;ALENIA ACH;ACHE LABORATORIOS FARMACEUTICOS SA
M01A ANTI REUMATICOS SEM ESTEROIDES;ALGILIVE ACH;ACHE LABORATORIOS FARMACEUTICOS SA
G03A CONTRACEPTIVOS HORMONAIS SISTEMICOS;ALLESTRA ACH;ACHE LABORATORIOS FARMACEUTICOS SA
N05C TRANQUILIZANTES;ALPRAZOLAM ACH;ACHE LABORATORIOS FARMACEUTICOS SA
J01C PENICILINAS DE AMPLO ESPECTRO;AMOXICILINA ACH;ACHE LABORATORIOS FARMACEUTICOS SA
J01C PENICILINAS DE AMPLO ESPECTRO;AMOXICILINA CLAVULANATO ACH;ACHE LABORATORIOS FARMACEUTICOS SA
D04A ANTIPRURIGINOSOS,INCLUSIVE ANTIHISTAMINICOS ANESTE;ANDANTOL ACH;ACHE LABORATORIOS FARMACEUTICOS SA
S01E MIOTICOS E PRAPARADOS ANTIGLAUCOMA;ANDRUM ACH;ACHE LABORATORIOS FARMACEUTICOS SA
C07A AGENTES BETA BLOQUEADORES PUROS;ANGIPRESS ACH;ACHE LABORATORIOS FARMACEUTICOS SA
C07B ASSOCIACOES DE BETA BLOQUEADORES;ANGIPRESS ACH;ACHE LABORATORIOS FARMACEUTICOS SA
R05D ANTITUSSIGENOS;ANTUX ACH;ACHE LABORATORIOS FARMACEUTICOS SA
N05A ANTIPSICOTICOS;AQUARELA ACH;ACHE LABORATORIOS FARMACEUTICOS SA
N05A ANTIPSICOTICOS;ARIPIPRAZOL ACH;ACHE LABORATORIOS FARMACEUTICOS SA
N05A ANTIPSICOTICOS;ARISTAB ACH;ACHE LABORATORIOS FARMACEUTICOS SA
A12C OUTROS SUPLEMENTOS MINERAIS;ARTROGEN ACH;ACHE LABORATORIOS FARMACEUTICOS SA
A12C OUTROS SUPLEMENTOS MINERAIS;ARTROGEN PLUS;ACHE LABORATORIOS FARMACEUTICOS SA
A12C OUTROS SUPLEMENTOS MINERAIS;ARTROLIVE ACH;ACHE LABORATORIOS FARMACEUTICOS SA
M01A ANTI REUMATICOS SEM ESTEROIDES;ARTROLIVE ACH;ACHE LABORATORIOS FARMACEUTICOS SA
M05X OUTROS PRODUTOS SISTEMA MUSCULO ESQUELETICO;ARTROLIVE ACH;ACHE LABORATORIOS FARMACEUTICOS SA
M01A ANTI REUMATICOS SEM ESTEROIDES;ARTROSIL ACH;ACHE LABORATORIOS FARMACEUTICOS SA
C07A AGENTES BETA BLOQUEADORES PUROS;ATENOLOL ACH;ACHE LABORATORIOS FARMACEUTICOS SA
A07X OUTROS PRODUTOS PARA DESORDENS INTESTINAIS;AVIDE ACH;ACHE LABORATORIOS FARMACEUTICOS SA
N05A ANTIPSICOTICOS;AXONIUM ACH;ACHE LABORATORIOS FARMACEUTICOS SA
A11D VITAMINA B1 E ASSOCIACOES;BENFOTIAMINA ACH;ACHE LABORATORIOS FARMACEUTICOS SA
N07C OUTROS MEDICAMENTOS ANTIVERTIGINOSOS;BETADINE ACH;ACHE LABORATORIOS FARMACEUTICOS SA
C08B ANTAGONISTAS DO CALCIO ASSOCIADOS;BETALOR ACH;ACHE LABORATORIOS FARMACEUTICOS SA
D07B ASSOCIACOES DE CORTICOIDES;BETAMETASONA GETAMICINA TOLNAFTATO CLIOQUINOL ACH;ACHE LABORATORIOS FARMACEUTICOS SA
A07F MICROORGANISMOS ANTIDIARREICOS;BIO FEMINA;ACHE LABORATORIOS FARMACEUTICOS SA
M01A ANTI REUMATICOS SEM ESTEROIDES;BIOFENAC ACH;ACHE LABORATORIOS FARMACEUTICOS SA
M02A ANTIREUMATICOS TOPICOS COM ANALGESICOS;BIOFENAC ACH;ACHE LABORATORIOS FARMACEUTICOS SA
M01A ANTI REUMATICOS SEM ESTEROIDES;BIOFLAC ACH;ACHE LABORATORIOS FARMACEUTICOS SA
A08A - PREPARADOS ANOREXICOS EXETO OS DIETETICOS;BIOMAG ACH;ACHE LABORATORIOS FARMACEUTICOS SA
A12C OUTROS SUPLEMENTOS MINERAIS;BIOMAG ACH;ACHE LABORATORIOS FARMACEUTICOS SA
A07F MICROORGANISMOS ANTIDIARREICOS;BIOSINTETICA;ACHE LABORATORIOS FARMACEUTICOS SA
C01E NITRITOS E NITRATOS;BIOSINTETICA;ACHE LABORATORIOS FARMACEUTICOS SA
C07B ASSOCIACOES DE BETA BLOQUEADORES;BIOSINTETICA;ACHE LABORATORIOS FARMACEUTICOS SA
N03A ANTICONVULSIVANTES;BIOSINTETICA;ACHE LABORATORIOS FARMACEUTICOS SA
R06A ANTIHISTAMINICOS SISTEMICOS;BIOSINTETICA;ACHE LABORATORIOS FARMACEUTICOS SA
R06A ANTIHISTAMINICOS SISTEMICOS;BIXLYN ACH;ACHE LABORATORIOS FARMACEUTICOS SA
C09C ANTAGONISTAS DE LA ANGIOTENSINA II PUROS;BRAVAN ACH;ACHE LABORATORIOS FARMACEUTICOS SA
C09D ANTAGONISTAS DE LA ANGIOTENSINA II COMBINADOS;BRAVAN ACH;ACHE LABORATORIOS FARMACEUTICOS SA
C09D ANTAGONISTAS DE LA ANGIOTENSINA II COMBINADOS;BRAVAN HCT ACH;ACHE LABORATORIOS FARMACEUTICOS SA
N05C TRANQUILIZANTES;BROMAZEPAM ACH;ACHE LABORATORIOS FARMACEUTICOS SA
R03K ANTICOLINERGICOS SIMPLES;BROMETO DE IPRATROPIO ACH;ACHE LABORATORIOS FARMACEUTICOS SA
A03F GASTROPROCINETICOS;BROMOPRIDA ACH;ACHE LABORATORIOS FARMACEUTICOS SA
R05C EXPECTORANTES;BRONDILAT ACH;ACHE LABORATORIOS FARMACEUTICOS SA
R01A PREPARACOES NASAIS TOPICAS;BUSONID ACH;ACHE LABORATORIOS FARMACEUTICOS SA
R03D CORTICOIDES;BUSONID ACH;ACHE LABORATORIOS FARMACEUTICOS SA
N03A ANTICONVULSIVANTES;CANABIDIOL ACH;ACHE LABORATORIOS FARMACEUTICOS SA
C09C ANTAGONISTAS DE LA ANGIOTENSINA II PUROS;CANDESARTANA ACH;ACHE LABORATORIOS FARMACEUTICOS SA
D07B ASSOCIACOES DE CORTICOIDES;CANDICORT ACH;ACHE LABORATORIOS FARMACEUTICOS SA
N07X TODAS OUTRAS DROGAS PARA SNC;CANNABIS ACH;ACHE LABORATORIOS FARMACEUTICOS SA
R05C EXPECTORANTES;CARBOCISTEINA ACH;ACHE LABORATORIOS FARMACEUTICOS SA
R05C EXPECTORANTES;CARBOCISTEINA XAROPE ACH;ACHE LABORATORIOS FARMACEUTICOS SA
C07A AGENTES BETA BLOQUEADORES PUROS;CARVEDILOL ACH;ACHE LABORATORIOS FARMACEUTICOS SA
N02C CONTRA ENXAQUECA;CEFALIUM ACH;ACHE LABORATORIOS FARMACEUTICOS SA
N02C CONTRA ENXAQUECA;CEFALIV ACH;ACHE LABORATORIOS FARMACEUTICOS SA
M01A ANTI REUMATICOS SEM ESTEROIDES;CELECOXIBE ACH;ACHE LABORATORIOS FARMACEUTICOS SA
D07B ASSOCIACOES DE CORTICOIDES;CETOCONAZOL BETAMETASONA NEOMICINA ACH;ACHE LABORATORIOS FARMACEUTICOS SA
M01A ANTI REUMATICOS SEM ESTEROIDES;CETOPROFENO ACH;ACHE LABORATORIOS FARMACEUTICOS SA
B01C INIBIDORES DA AGREGACAO PLAQUETARIA;CILOSTAZOL ACH;ACHE LABORATORIOS FARMACEUTICOS SA
C10A PREPARADOS PARA REGULACAO COLESTEROL E TRIGLICERID;CIPIDE ACH;ACHE LABORATORIOS FARMACEUTICOS SA
C10A PREPARADOS PARA REGULACAO COLESTEROL E TRIGLICERID;CIPROFIBRATO ACH;ACHE LABORATORIOS FARMACEUTICOS SA
N06A A DEPRESSIVOS E REGUL DE HUMOR;CITALOPRAM ACH;ACHE LABORATORIOS FARMACEUTICOS SA
S01R ANTIINFLAMATORIOS OFTALMOLOGICOS NAO ESTEROIDES;CLILON ACH;ACHE LABORATORIOS FARMACEUTICOS SA
B01C INIBIDORES DA AGREGACAO PLAQUETARIA;CLOPIDOGREL ACH;ACHE LABORATORIOS FARMACEUTICOS SA
B01C INIBIDORES DA AGREGACAO PLAQUETARIA;CLOPIN ACH;ACHE LABORATORIOS FARMACEUTICOS SA
R05C EXPECTORANTES;CLOR DE AMBROXOL ACH;ACHE LABORATORIOS FARMACEUTICOS SA
R05C EXPECTORANTES;CLOR DE AMBROXOL XAROPE ACH;ACHE LABORATORIOS FARMACEUTICOS SA
M03B RELAXANTES MUSCULARES ACAO CENTRAL;CLOR DE CICLOBENZAPRINA ACH;ACHE LABORATORIOS FARMACEUTICOS SA
J01G FLUOROQUINOLONAS;CLOR DE CIPROFLOXACINO ACH;ACHE LABORATORIOS FARMACEUTICOS SA
N07D PRODUTOS ANTI ALZHEIMER;CLOR DE DORZOLAMIDA ACH;ACHE LABORATORIOS FARMACEUTICOS SA
S01E MIOTICOS E PRAPARADOS ANTIGLAUCOMA;CLOR DE DORZOLAMIDA COLIRIO ACH;ACHE LABORATORIOS FARMACEUTICOS SA
N06A A DEPRESSIVOS E REGUL DE HUMOR;CLOR DE DULOXETINA ACH;ACHE LABORATORIOS FARMACEUTICOS SA
N06A A DEPRESSIVOS E REGUL DE HUMOR;CLOR DE FLUOXETINA ACH;ACHE LABORATORIOS FARMACEUTICOS SA
N07D PRODUTOS ANTI ALZHEIMER;CLOR DE MEMANTINA ACH;ACHE LABORATORIOS FARMACEUTICOS SA
C07A AGENTES BETA BLOQUEADORES PUROS;CLOR DE NEBIVOLOL ACH;ACHE LABORATORIOS FARMACEUTICOS SA
N06A A DEPRESSIVOS E REGUL DE HUMOR;CLOR DE SERTRALINA ACH;ACHE LABORATORIOS FARMACEUTICOS SA
A08A - PREPARADOS ANOREXICOS EXETO OS DIETETICOS;CLOR DE SIBUTRAMINA ACH;ACHE LABORATORIOS FARMACEUTICOS SA
A08A - PREPARADOS ANOREXICOS EXETO OS DIETETICOS;CLOR DE SIBUTRAMINA BIO;ACHE LABORATORIOS FARMACEUTICOS SA
C07A AGENTES BETA BLOQUEADORES PUROS;CLOR DE SOTALOL ACH;ACHE LABORATORIOS FARMACEUTICOS SA
J02A AGENTES ANTIMICOTICOS SISTEMICOS EXCLUINDO GRISEOF;CLOR DE TERBINAFINA ACH;ACHE LABORATORIOS FARMACEUTICOS SA
N02A ANALGESICOS NARCOTICOS;CLOR DE TRAMADOL PARACETAMOL ACHE;ACHE LABORATORIOS FARMACEUTICOS SA
N06A A DEPRESSIVOS E REGUL DE HUMOR;CLOR DE VENLAFAXINA ACH;ACHE LABORATORIOS FARMACEUTICOS SA
C08A ANTAGONISTAS DO CALCIO PUROS;CLOR DE VERAPAMIL ACH;ACHE LABORATORIOS FARMACEUTICOS SA
A07F MICROORGANISMOS ANTIDIARREICOS;COLIDIS ACH;ACHE LABORATORIOS FARMACEUTICOS SA
G01A TRICOMONICIDAS;COLPISTATIN ACH;ACHE LABORATORIOS FARMACEUTICOS SA
N02A ANALGESICOS NARCOTICOS;COMBFIX ACH;ACHE LABORATORIOS FARMACEUTICOS SA
B03A HEMATINICOS FERRO E TODAS AS ASSOCIACOES;COMBIRON ACH;ACHE LABORATORIOS FARMACEUTICOS SA
S01E MIOTICOS E PRAPARADOS ANTIGLAUCOMA;COMBTOL ACH;ACHE LABORATORIOS FARMACEUTICOS SA
N07D PRODUTOS ANTI ALZHEIMER;COMFECT ACH;ACHE LABORATORIOS FARMACEUTICOS SA
N07D PRODUTOS ANTI ALZHEIMER;COMFECT DUO ACH;ACHE LABORATORIOS FARMACEUTICOS SA
C08A ANTAGONISTAS DO CALCIO PUROS;CORDAREX ACH;ACHE LABORATORIOS FARMACEUTICOS SA
C09C ANTAGONISTAS DE LA ANGIOTENSINA II PUROS;CORUS ACH;ACHE LABORATORIOS FARMACEUTICOS SA
C09D ANTAGONISTAS DE LA ANGIOTENSINA II COMBINADOS;CORUS ACH;ACHE LABORATORIOS FARMACEUTICOS SA
G04C PRODUTOS PARA HIPERPLASIA PROSTATICA BENIGNA HPB;DASTENE ACH;ACHE LABORATORIOS FARMACEUTICOS SA
H02A CORTICOSTEROIDES PUROS;DECADRON ACH;ACHE LABORATORIOS FARMACEUTICOS SA
R01A PREPARACOES NASAIS TOPICAS;DECADRON ACH;ACHE LABORATORIOS FARMACEUTICOS SA
S01C COMBINACOES DE ANTI INFLAMATORIOS OFTALMICOS E ANT;DECADRON ACH;ACHE LABORATORIOS FARMACEUTICOS SA
R01A PREPARACOES NASAIS TOPICAS;DECONGEX ACH;ACHE LABORATORIOS FARMACEUTICOS SA
R01B DESCONGESTIONANTES NASAIS SISTEMICOS;DECONGEX ACH;ACHE LABORATORIOS FARMACEUTICOS SA
R06A ANTIHISTAMINICOS SISTEMICOS;DECONLERG ACH;ACHE LABORATORIOS FARMACEUTICOS SA
R05D ANTITUSSIGENOS;DECONTOSSE ACH;ACHE LABORATORIOS FARMACEUTICOS SA
N06A A DEPRESSIVOS E REGUL DE HUMOR;DELLER ACH;ACHE LABORATORIOS FARMACEUTICOS SA
N06A A DEPRESSIVOS E REGUL DE HUMOR;DEPAXAN ACH;ACHE LABORATORIOS FARMACEUTICOS SA
N01B ANESTESICOS LOCAIS EXCLUINDO DERMATOLOGICOS;DERMOMAX ACH;ACHE LABORATORIOS FARMACEUTICOS SA
N06A A DEPRESSIVOS E REGUL DE HUMOR;DESENVO ACH;ACHE LABORATORIOS FARMACEUTICOS SA
R06A ANTIHISTAMINICOS SISTEMICOS;DESLORATADINA ACH;ACHE LABORATORIOS FARMACEUTICOS SA
R06A ANTIHISTAMINICOS SISTEMICOS;DESLORATADINA XAROPE ACH;ACHE LABORATORIOS FARMACEUTICOS SA
G03A CONTRACEPTIVOS HORMONAIS SISTEMICOS;DESOGESTREL ACH;ACHE LABORATORIOS FARMACEUTICOS SA
G03A CONTRACEPTIVOS HORMONAIS SISTEMICOS;DESOGESTREL ETINILESTRADIOL ACH;ACHE LABORATORIOS FARMACEUTICOS SA
D07A CORTICOIDES TOPICOS PUROS;DESONIDA ACH;ACHE LABORATORIOS FARMACEUTICOS SA
N06A A DEPRESSIVOS E REGUL DE HUMOR;DESVE ACH;ACHE LABORATORIOS FARMACEUTICOS SA
N07C OUTROS MEDICAMENTOS ANTIVERTIGINOSOS;DICLOR DE BETAISTINA ACH;ACHE LABORATORIOS FARMACEUTICOS SA
N04A ANTIPARKINSONIANOS;DICLOR DE PRAMIPEXOL ACH;ACHE LABORATORIOS FARMACEUTICOS SA
G03D PROGESTOGENOS E ASSOCIACOES EXCLUINDO G3A G3F;DIENOGESTE ACH;ACHE LABORATORIOS FARMACEUTICOS SA
A09A DIGESTIVOS INCLUIDO ENZIMAS;DIGEPLUS ACH;ACHE LABORATORIOS FARMACEUTICOS SA
C05B TERAPIA VARICOSA TOPICA;DIOSMIN ACH;ACHE LABORATORIOS FARMACEUTICOS SA
C05C TERAPIA VARICOSA SISTEMICA;DIOSMIN ACH;ACHE LABORATORIOS FARMACEUTICOS SA
N02B NAO NARCOTICOS ANTIPIRETICOS;DIPIRONA ACH;ACHE LABORATORIOS FARMACEUTICOS SA
C05C TERAPIA VARICOSA SISTEMICA;DISP H ACH;ACHE LABORATORIOS FARMACEUTICOS SA
A02B ANTIULCEROSOS;DISPETIC ACH;ACHE LABORATORIOS FARMACEUTICOS SA
A02B ANTIULCEROSOS;DIVENA ACH;ACHE LABORATORIOS FARMACEUTICOS SA
A03F GASTROPROCINETICOS;DOMPED ACH;ACHE LABORATORIOS FARMACEUTICOS SA
N07D PRODUTOS ANTI ALZHEIMER;DONILA ACH;ACHE LABORATORIOS FARMACEUTICOS SA
N07D PRODUTOS ANTI ALZHEIMER;DONILA DUO ACH;ACHE LABORATORIOS FARMACEUTICOS SA
N02B NAO NARCOTICOS ANTIPIRETICOS;DORALIV ACH;ACHE LABORATORIOS FARMACEUTICOS SA
N02D PROD GABAPENTINOIDES;DORENE ACH;ACHE LABORATORIOS FARMACEUTICOS SA
N02D PROD GABAPENTINOIDES;DORENE TABS ACH;ACHE LABORATORIOS FARMACEUTICOS SA
M03B RELAXANTES MUSCULARES ACAO CENTRAL;DORILAX ACH;ACHE LABORATORIOS FARMACEUTICOS SA
G04C PRODUTOS PARA HIPERPLASIA PROSTATICA BENIGNA HPB;DROALFA ACH;ACHE LABORATORIOS FARMACEUTICOS SA
R05D ANTITUSSIGENOS;DROPROPIZINA ACH;ACHE LABORATORIOS FARMACEUTICOS SA
N06A A DEPRESSIVOS E REGUL DE HUMOR;DUAL ACH;ACHE LABORATORIOS FARMACEUTICOS SA
D10B PREPARACOES ANTIACNE ORAIS;DUNIA 35 ACH;ACHE LABORATORIOS FARMACEUTICOS SA
G04C PRODUTOS PARA HIPERPLASIA PROSTATICA BENIGNA HPB;DUTASTERIDA ACH;ACHE LABORATORIOS FARMACEUTICOS SA
M05B REGULADORES DO CALCIO OSSEO;EDIFICAN ACH;ACHE LABORATORIOS FARMACEUTICOS SA
A10P INIBIDORES DE ANTIDIABETICOS DE SGLT2;EDISTRIDE ACH;ACHE LABORATORIOS FARMACEUTICOS SA
A10S AGONISTAS GLP 1;EDISTRIDE ACH;ACHE LABORATORIOS FARMACEUTICOS SA
N04A ANTIPARKINSONIANOS;EKSON ACH;ACHE LABORATORIOS FARMACEUTICOS SA
A04A ANTIEMETICOS E ANTINAUSEOSOS;ENRIZA ACH;ACHE LABORATORIOS FARMACEUTICOS SA
J01F MACROLIDEOS E SIMILARES;ERITREX ACH;ACHE LABORATORIOS FARMACEUTICOS SA
R06A ANTIHISTAMINICOS SISTEMICOS;ESALERG ACH;ACHE LABORATORIOS FARMACEUTICOS SA
R01B DESCONGESTIONANTES NASAIS SISTEMICOS;ESALERG D12 ACH;ACHE LABORATORIOS FARMACEUTICOS SA
N03A ANTICONVULSIVANTES;ETIRA ACH;ACHE LABORATORIOS FARMACEUTICOS SA
M01A ANTI REUMATICOS SEM ESTEROIDES;ETORBEN ACH;ACHE LABORATORIOS FARMACEUTICOS SA
N06A A DEPRESSIVOS E REGUL DE HUMOR;EXODUS ACH;ACHE LABORATORIOS FARMACEUTICOS SA
A02B ANTIULCEROSOS;FAMOX ACH;ACHE LABORATORIOS FARMACEUTICOS SA
G03A CONTRACEPTIVOS HORMONAIS SISTEMICOS;FEMINA ACH;ACHE LABORATORIOS FARMACEUTICOS SA
G03A CONTRACEPTIVOS HORMONAIS SISTEMICOS;FEMINIQUE ACH;ACHE LABORATORIOS FARMACEUTICOS SA
D01A ANTIMICOTICOS DERMATOLOGICOS;FENTIZOL ACH;ACHE LABORATORIOS FARMACEUTICOS SA
G01B ANTIMICOTICOS GINECOLOGICOS;FENTIZOL ACH;ACHE LABORATORIOS FARMACEUTICOS SA
L03A AGENTES IMUNOESTIMULANTES EXCL INTERFERON;FILGRASTIM ACH;ACHE LABORATORIOS FARMACEUTICOS SA
G04C PRODUTOS PARA HIPERPLASIA PROSTATICA BENIGNA HPB;FINASTERIDA ACH;ACHE LABORATORIOS FARMACEUTICOS SA
A02A ANTIACIDOS ANTIFISETICOS;FLAGASS ACH;ACHE LABORATORIOS FARMACEUTICOS SA
A03A ANTIESPASMODICOS E ANTICOLINERGICOS PUROS;FLAGASS ACH;ACHE LABORATORIOS FARMACEUTICOS SA
A03E OUTRAS ASSOCIACOES;FLAGASS ACH;ACHE LABORATORIOS FARMACEUTICOS SA
G02X OTROS PRODUTOS GINECOLOGICOS;FLOGO ROSA ACH;ACHE LABORATORIOS FARMACEUTICOS SA
M01A ANTI REUMATICOS SEM ESTEROIDES;FLOGORAL ACH;ACHE LABORATORIOS FARMACEUTICOS SA
R02A PREPARACOES PARA GARGANTA;FLOGORAL ACH;ACHE LABORATORIOS FARMACEUTICOS SA
R05A ANTIGRIPAIS EXCLUINDO ANTINFECCIOSOS;FLOGORAL ACH;ACHE LABORATORIOS FARMACEUTICOS SA
R03A AGONISTAS BETA 2;FORMOCAPS ACH;ACHE LABORATORIOS FARMACEUTICOS SA
M01A ANTI REUMATICOS SEM ESTEROIDES;FOXIS ACH;ACHE LABORATORIOS FARMACEUTICOS SA
N03A ANTICONVULSIVANTES;FRONTLEV ACH;ACHE LABORATORIOS FARMACEUTICOS SA
R03C ANTIINFLAMATORIOS RESPIRATORIOS NAO ESTEROIDES;FUMARATO DE CETOTIFENO ACH;ACHE LABORATORIOS FARMACEUTICOS SA
C03A DIURETICOS;FUROSEMIDA ACH;ACHE LABORATORIOS FARMACEUTICOS SA
N06A A DEPRESSIVOS E REGUL DE HUMOR;FUSOR ACH;ACHE LABORATORIOS FARMACEUTICOS SA
N02D PROD GABAPENTINOIDES;GABAPENTINA ACH;ACHE LABORATORIOS FARMACEUTICOS SA
A02B ANTIULCEROSOS;GAESO ACH;ACHE LABORATORIOS FARMACEUTICOS SA
A02B ANTIULCEROSOS;GASTRIUM ACH;ACHE LABORATORIOS FARMACEUTICOS SA
G03A CONTRACEPTIVOS HORMONAIS SISTEMICOS;GESTODENO ETINILESTRADIOL ACH;ACHE LABORATORIOS FARMACEUTICOS SA
N04A ANTIPARKINSONIANOS;GILMOV ACH;ACHE LABORATORIOS FARMACEUTICOS SA
N07D PRODUTOS ANTI ALZHEIMER;HEMITARTARATO DE RIVASTIGMINA ACH;ACHE LABORATORIOS FARMACEUTICOS SA
R01A PREPARACOES NASAIS TOPICAS;HIDROCIN ACH;ACHE LABORATORIOS FARMACEUTICOS SA
J05B OUTROS ANTIVIRAIS;HPMIX ACH;ACHE LABORATORIOS FARMACEUTICOS SA
M05B REGULADORES DO CALCIO OSSEO;IBANDRONATO ACH;ACHE LABORATORIOS FARMACEUTICOS SA
M05B REGULADORES DO CALCIO OSSEO;IBANDRONATO DE SODIO ACH;ACHE LABORATORIOS FARMACEUTICOS SA
N02B NAO NARCOTICOS ANTIPIRETICOS;IBUPROFENO ACH;ACHE LABORATORIOS FARMACEUTICOS SA
N02D PROD GABAPENTINOIDES;INFOC ACH;ACHE LABORATORIOS FARMACEUTICOS SA
A03F GASTROPROCINETICOS;IRRITRATIL ACH;ACHE LABORATORIOS FARMACEUTICOS SA
M05X OUTROS PRODUTOS SISTEMA MUSCULO ESQUELETICO;JOGGER ACH;ACHE LABORATORIOS FARMACEUTICOS SA
G03D PROGESTOGENOS E ASSOCIACOES EXCLUINDO G3A G3F;KALIST ACH;ACHE LABORATORIOS FARMACEUTICOS SA
B01F INIBIDOR DIRETO DO FATOR XA;KLEV ACH;ACHE LABORATORIOS FARMACEUTICOS SA
C08A ANTAGONISTAS DO CALCIO PUROS;KOPREXX ACH;ACHE LABORATORIOS FARMACEUTICOS SA
R05C EXPECTORANTES;LABEL ACH;ACHE LABORATORIOS FARMACEUTICOS SA
N03A ANTICONVULSIVANTES;LACOSAMIDA ACH;ACHE LABORATORIOS FARMACEUTICOS SA
S01K PRODUTOS PARA OLHO SECO;LAXIME ACH;ACHE LABORATORIOS FARMACEUTICOS SA
L03A AGENTES IMUNOESTIMULANTES EXCL INTERFERON;LEUCOGEN ACH;ACHE LABORATORIOS FARMACEUTICOS SA
J01G FLUOROQUINOLONAS;LEVOFLOXACINO ACH;ACHE LABORATORIOS FARMACEUTICOS SA
H03A PREPARADOS DE TIREOIDE;LEVOID ACH;ACHE LABORATORIOS FARMACEUTICOS SA
A09A DIGESTIVOS INCLUIDO ENZIMAS;LEVTY ACH;ACHE LABORATORIOS FARMACEUTICOS SA
R05C EXPECTORANTES;LIBERAFLUX ACH;ACHE LABORATORIOS FARMACEUTICOS SA
J01G FLUOROQUINOLONAS;LIVEPAX ACH;ACHE LABORATORIOS FARMACEUTICOS SA
R06A ANTIHISTAMINICOS SISTEMICOS;LORATADINA ACH;ACHE LABORATORIOS FARMACEUTICOS SA
R01B DESCONGESTIONANTES NASAIS SISTEMICOS;LORATADINA SUL DE PSEUDOEFEDRINA XAROPE ACH;ACHE LABORATORIOS FARMACEUTICOS SA
R06A ANTIHISTAMINICOS SISTEMICOS;LORATADINA XAROPE ACH;ACHE LABORATORIOS FARMACEUTICOS SA
C09C ANTAGONISTAS DE LA ANGIOTENSINA II PUROS;LOSARTANA ACH;ACHE LABORATORIOS FARMACEUTICOS SA
C09D ANTAGONISTAS DE LA ANGIOTENSINA II COMBINADOS;LOTAR ACH;ACHE LABORATORIOS FARMACEUTICOS SA
S01K PRODUTOS PARA OLHO SECO;LUBRIS ACH;ACHE LABORATORIOS FARMACEUTICOS SA
R06A ANTIHISTAMINICOS SISTEMICOS;LUR ACH;ACHE LABORATORIOS FARMACEUTICOS SA
R01B DESCONGESTIONANTES NASAIS SISTEMICOS;LUR D12 ACH;ACHE LABORATORIOS FARMACEUTICOS SA
N05A ANTIPSICOTICOS;LUTAB ACH;ACHE LABORATORIOS FARMACEUTICOS SA
C02A ANTIHIPERTENSIVOS NAO HERBACEOS PUROS;LUTICS ACH;ACHE LABORATORIOS FARMACEUTICOS SA
N06A A DEPRESSIVOS E REGUL DE HUMOR;MAXAPRAN ACH;ACHE LABORATORIOS FARMACEUTICOS SA
J01D CEFALOSPORINAS;MEFEX ACH;ACHE LABORATORIOS FARMACEUTICOS SA
G03A CONTRACEPTIVOS HORMONAIS SISTEMICOS;MELIK ACH;ACHE LABORATORIOS FARMACEUTICOS SA
R05C EXPECTORANTES;MELYSSE ACH;ACHE LABORATORIOS FARMACEUTICOS SA
N05A ANTIPSICOTICOS;MENSYVA ACH;ACHE LABORATORIOS FARMACEUTICOS SA
J01H PENICILINAS DE PEQUENO E MEDIO ESPECTRO;MERACILINA ACH;ACHE LABORATORIOS FARMACEUTICOS SA
A10J BIGUANIDA A DIABETICOS;MERITOR ACH;ACHE LABORATORIOS FARMACEUTICOS SA
D01A ANTIMICOTICOS DERMATOLOGICOS;MICETAL;ACHE LABORATORIOS FARMACEUTICOS SA
D11A OUTRAS PREPARACOES DERMATOLOGICAS INCL XAMPUS MED;MINOXIDIL ACH;ACHE LABORATORIOS FARMACEUTICOS SA
M03B RELAXANTES MUSCULARES ACAO CENTRAL;MIRTAX ACH;ACHE LABORATORIOS FARMACEUTICOS SA
P03A ECTOPARASITICIDAS INCL ESCAB;MITICOCAN ACH;ACHE LABORATORIOS FARMACEUTICOS SA
C01E NITRITOS E NITRATOS;MONONITRATO DE ISOSSORBIDA ACH;ACHE LABORATORIOS FARMACEUTICOS SA
R03J ANTI ASMATICOS ANTAGONISTAS DE LEUCOTRIENE;MONTELAIR ACH;ACHE LABORATORIOS FARMACEUTICOS SA
R03J ANTI ASMATICOS ANTAGONISTAS DE LEUCOTRIENE;MONTELUCASTE ACH;ACHE LABORATORIOS FARMACEUTICOS SA
M05X OUTROS PRODUTOS SISTEMA MUSCULO ESQUELETICO;MOTORE ACH;ACHE LABORATORIOS FARMACEUTICOS SA
A04A ANTIEMETICOS E ANTINAUSEOSOS;NAUCLOZ ACH;ACHE LABORATORIOS FARMACEUTICOS SA
A04A ANTIEMETICOS E ANTINAUSEOSOS;NAUTEX ACH;ACHE LABORATORIOS FARMACEUTICOS SA
C07A AGENTES BETA BLOQUEADORES PUROS;NEBITAH ACH;ACHE LABORATORIOS FARMACEUTICOS SA
L02A HORMONIOS CITOSTATICOS;NEO DECAPEPTYL ACH;ACHE LABORATORIOS FARMACEUTICOS SA
G04E PRODUTOS PARA DISFUNCAO ERETIL;NESTA ACH;ACHE LABORATORIOS FARMACEUTICOS SA
A04A ANTIEMETICOS E ANTINAUSEOSOS;NEUCLOZ ACH;ACHE LABORATORIOS FARMACEUTICOS SA
C07A AGENTES BETA BLOQUEADORES PUROS;NIENZA ACH;ACHE LABORATORIOS FARMACEUTICOS SA
M01A ANTI REUMATICOS SEM ESTEROIDES;NIMESULIDA ACH;ACHE LABORATORIOS FARMACEUTICOS SA
M01A ANTI REUMATICOS SEM ESTEROIDES;NISULID ACH;ACHE LABORATORIOS FARMACEUTICOS SA
C08A ANTAGONISTAS DO CALCIO PUROS;NITRENDIPINO ACH;ACHE LABORATORIOS FARMACEUTICOS SA
N06D NOOTROPICOS;NOOTRON ACH;ACHE LABORATORIOS FARMACEUTICOS SA
R05D ANTITUSSIGENOS;NOTUSS ACH;ACHE LABORATORIOS FARMACEUTICOS SA
D07B ASSOCIACOES DE CORTICOIDES;NOVACORT ACH;ACHE LABORATORIOS FARMACEUTICOS SA
J01C PENICILINAS DE AMPLO ESPECTRO;NOVAMOX ACH;ACHE LABORATORIOS FARMACEUTICOS SA
J01C PENICILINAS DE AMPLO ESPECTRO;NOVOCILIN ACH;ACHE LABORATORIOS FARMACEUTICOS SA
N05A ANTIPSICOTICOS;OLANEXYN ACH;ACHE LABORATORIOS FARMACEUTICOS SA
N06A A DEPRESSIVOS E REGUL DE HUMOR;OLANEXYN ACH;ACHE LABORATORIOS FARMACEUTICOS SA
N05A ANTIPSICOTICOS;OLANZAPINA ACH;ACHE LABORATORIOS FARMACEUTICOS SA
A02B ANTIULCEROSOS;OMEPRAMIX ACH;ACHE LABORATORIOS FARMACEUTICOS SA
A02B ANTIULCEROSOS;OMEPRAZOL ACH;ACHE LABORATORIOS FARMACEUTICOS SA
R03J ANTI ASMATICOS ANTAGONISTAS DE LEUCOTRIENE;OXCENE ACH;ACHE LABORATORIOS FARMACEUTICOS SA
M01A ANTI REUMATICOS SEM ESTEROIDES;OXOTRON ACH;ACHE LABORATORIOS FARMACEUTICOS SA
B03A HEMATINICOS FERRO E TODAS AS ASSOCIACOES;PAMFER ACH;ACHE LABORATORIOS FARMACEUTICOS SA
D11A OUTRAS PREPARACOES DERMATOLOGICAS INCL XAMPUS MED;PANT ACH;ACHE LABORATORIOS FARMACEUTICOS SA
A02B ANTIULCEROSOS;PANTOMIX ACH;ACHE LABORATORIOS FARMACEUTICOS SA
A02B ANTIULCEROSOS;PANTOPRAZOL ACH;ACHE LABORATORIOS FARMACEUTICOS SA
N02B NAO NARCOTICOS ANTIPIRETICOS;PARACETAMOL ACH;ACHE LABORATORIOS FARMACEUTICOS SA
P01B ANTIHELMINTICOS EXCETO OS ESQUISTOSOMICIDAS;PARASIN ACH;ACHE LABORATORIOS FARMACEUTICOS SA
M01A ANTI REUMATICOS SEM ESTEROIDES;PARZO ACH;ACHE LABORATORIOS FARMACEUTICOS SA
H02A CORTICOSTEROIDES PUROS;PREDNISOLONA ACH;ACHE LABORATORIOS FARMACEUTICOS SA
H02A CORTICOSTEROIDES PUROS;PREDNISONA ACH;ACHE LABORATORIOS FARMACEUTICOS SA
N02D PROD GABAPENTINOIDES;PREGABALINA ACH;ACHE LABORATORIOS FARMACEUTICOS SA
H02A CORTICOSTEROIDES PUROS;PRELONE ACH;ACHE LABORATORIOS FARMACEUTICOS SA
A12C OUTROS SUPLEMENTOS MINERAIS;PRETEN ACH;ACHE LABORATORIOS FARMACEUTICOS SA
B03X OUTROS ANTIANEMICOS INCLUINDO ACIDO FOLICO E FOLIN;PREVAX ACH;ACHE LABORATORIOS FARMACEUTICOS SA
A12C OUTROS SUPLEMENTOS MINERAIS;PROFUSE ACH;ACHE LABORATORIOS FARMACEUTICOS SA
D01A ANTIMICOTICOS DERMATOLOGICOS;PROFUSE ACH;ACHE LABORATORIOS FARMACEUTICOS SA
A12C OUTROS SUPLEMENTOS MINERAIS;PROGRESS ACH;ACHE LABORATORIOS FARMACEUTICOS SA
A06A DROGAS PARA A CONSTIPACAO;PROHN ACH;ACHE LABORATORIOS FARMACEUTICOS SA
A07A ANTI INFECCIOSOS INTESTINAIS;PROLIVE ACH;ACHE LABORATORIOS FARMACEUTICOS SA
A07F MICROORGANISMOS ANTIDIARREICOS;PROLIVE ACH;ACHE LABORATORIOS FARMACEUTICOS SA
A12C OUTROS SUPLEMENTOS MINERAIS;PROTEINA ACH;ACHE LABORATORIOS FARMACEUTICOS SA
A12C OUTROS SUPLEMENTOS MINERAIS;PROTENA ACH;ACHE LABORATORIOS FARMACEUTICOS SA
A12C OUTROS SUPLEMENTOS MINERAIS;PROTENAPLUS ACH;ACHE LABORATORIOS FARMACEUTICOS SA
A12C OUTROS SUPLEMENTOS MINERAIS;PROTENAPRO ACH;ACHE LABORATORIOS FARMACEUTICOS SA
A07F MICROORGANISMOS ANTIDIARREICOS;PROVANCE ACH;ACHE LABORATORIOS FARMACEUTICOS SA
A09A DIGESTIVOS INCLUIDO ENZIMAS;PROVANCE ACH;ACHE LABORATORIOS FARMACEUTICOS SA
A07F MICROORGANISMOS ANTIDIARREICOS;PROVANCE IMUNE ACH;ACHE LABORATORIOS FARMACEUTICOS SA
N05A ANTIPSICOTICOS;QUETROS ACH;ACHE LABORATORIOS FARMACEUTICOS SA
C10A PREPARADOS PARA REGULACAO COLESTEROL E TRIGLICERID;RAVUNA ACH;ACHE LABORATORIOS FARMACEUTICOS SA
N07D PRODUTOS ANTI ALZHEIMER;REGRESSA ACH;ACHE LABORATORIOS FARMACEUTICOS SA
N05B HIPNOTICOS SEDATIVOS;REMILEV ACH;ACHE LABORATORIOS FARMACEUTICOS SA
J05B OUTROS ANTIVIRAIS;RESIST ACH;ACHE LABORATORIOS FARMACEUTICOS SA
N02A ANALGESICOS NARCOTICOS;REVANGE ACH;ACHE LABORATORIOS FARMACEUTICOS SA
N02B NAO NARCOTICOS ANTIPIRETICOS;REVANGE ACH;ACHE LABORATORIOS FARMACEUTICOS SA
M05B REGULADORES DO CALCIO OSSEO;RISEDRONATO SODICO ACH;ACHE LABORATORIOS FARMACEUTICOS SA
B01F INIBIDOR DIRETO DO FATOR XA;RIVAROXABANA ACH;ACHE LABORATORIOS FARMACEUTICOS SA
C10A PREPARADOS PARA REGULACAO COLESTEROL E TRIGLICERID;ROSUVASTATINA ACH;ACHE LABORATORIOS FARMACEUTICOS SA
C10A PREPARADOS PARA REGULACAO COLESTEROL E TRIGLICERID;ROSUVASTATINA CALCICA ACH;ACHE LABORATORIOS FARMACEUTICOS SA
B01F INIBIDOR DIRETO DO FATOR XA;ROTEAS ACH;ACHE LABORATORIOS FARMACEUTICOS SA
G03A CONTRACEPTIVOS HORMONAIS SISTEMICOS;RUBIA ACH;ACHE LABORATORIOS FARMACEUTICOS SA
C10A PREPARADOS PARA REGULACAO COLESTEROL E TRIGLICERID;RUNNER ACH;ACHE LABORATORIOS FARMACEUTICOS SA
C10C REGUL DE LIPIDEOS EM COMB C OUT LIPIDOS REGUL;RUNNER ACH;ACHE LABORATORIOS FARMACEUTICOS SA
L02B ANTAGONISTAS DE HORMONIOS CITOSTATICOS;SABINE ACH;ACHE LABORATORIOS FARMACEUTICOS SA
N06A A DEPRESSIVOS E REGUL DE HUMOR;SERTRALINA ACH;ACHE LABORATORIOS FARMACEUTICOS SA
A02A ANTIACIDOS ANTIFISETICOS;SIMETICONA ACH;ACHE LABORATORIOS FARMACEUTICOS SA
N05B HIPNOTICOS SEDATIVOS;SINTOCALMY ACH;ACHE LABORATORIOS FARMACEUTICOS SA
C01D TERAPIA CORONARIA EXCLUINDO ANTAGONISTAS DO CALCIO;SOANZA XR ACH;ACHE LABORATORIOS FARMACEUTICOS SA
N05C TRANQUILIZANTES;SOMALIUM ACH;ACHE LABORATORIOS FARMACEUTICOS SA
R01A PREPARACOES NASAIS TOPICAS;SORINE ACH;ACHE LABORATORIOS FARMACEUTICOS SA
G02X OTROS PRODUTOS GINECOLOGICOS;SOYFEMME ACH;ACHE LABORATORIOS FARMACEUTICOS SA
N04A ANTIPARKINSONIANOS;STABIL ACH;ACHE LABORATORIOS FARMACEUTICOS SA
A05B PRODUTOS PARA DOENCAS DO FIGADO HEPATOPROTETORES;STEATON ACH;ACHE LABORATORIOS FARMACEUTICOS SA
N06A A DEPRESSIVOS E REGUL DE HUMOR;SUCCINATO DE DESVENLAFAXINA ACH;ACHE LABORATORIOS FARMACEUTICOS SA
C07A AGENTES BETA BLOQUEADORES PUROS;SUCCINATO DE METOPROLOL ACH;ACHE LABORATORIOS FARMACEUTICOS SA
R06A ANTIHISTAMINICOS SISTEMICOS;TALERC ACH;ACHE LABORATORIOS FARMACEUTICOS SA
M01A ANTI REUMATICOS SEM ESTEROIDES;TANDRILAX ACH;ACHE LABORATORIOS FARMACEUTICOS SA
M03B RELAXANTES MUSCULARES ACAO CENTRAL;TANDRILAX ACH;ACHE LABORATORIOS FARMACEUTICOS SA
S01E MIOTICOS E PRAPARADOS ANTIGLAUCOMA;TARTARATO DE BRIMONIDINA COLIRIO ACH;ACHE LABORATORIOS FARMACEUTICOS SA
C07A AGENTES BETA BLOQUEADORES PUROS;TARTARATO DE METOPROLOL ACH;ACHE LABORATORIOS FARMACEUTICOS SA
S01E MIOTICOS E PRAPARADOS ANTIGLAUCOMA;TIMOLOL COLIRIO ACH;ACHE LABORATORIOS FARMACEUTICOS SA
N05B HIPNOTICOS SEDATIVOS;TOLREST ACH;ACHE LABORATORIOS FARMACEUTICOS SA
N06A A DEPRESSIVOS E REGUL DE HUMOR;TOLREST ACH;ACHE LABORATORIOS FARMACEUTICOS SA
N03A ANTICONVULSIVANTES;TOPIRAMATO ACH;ACHE LABORATORIOS FARMACEUTICOS SA
N02B NAO NARCOTICOS ANTIPIRETICOS;TORMIV ACH;ACHE LABORATORIOS FARMACEUTICOS SA
N02B NAO NARCOTICOS ANTIPIRETICOS;TORMIV SL ACH;ACHE LABORATORIOS FARMACEUTICOS SA
M01A ANTI REUMATICOS SEM ESTEROIDES;TORXIS ACH;ACHE LABORATORIOS FARMACEUTICOS SA
N02B NAO NARCOTICOS ANTIPIRETICOS;TOTTI SL ACH;ACHE LABORATORIOS FARMACEUTICOS SA
R05C EXPECTORANTES;TRANSPULMIN ACH;ACHE LABORATORIOS FARMACEUTICOS SA
N02A ANALGESICOS NARCOTICOS;TRAUM ACH;ACHE LABORATORIOS FARMACEUTICOS SA
C10C REGUL DE LIPIDEOS EM COMB C OUT LIPIDOS REGUL;TREZETE ACH;ACHE LABORATORIOS FARMACEUTICOS SA
C10A PREPARADOS PARA REGULACAO COLESTEROL E TRIGLICERID;TREZOR ACH;ACHE LABORATORIOS FARMACEUTICOS SA
B01A ANTICOAGULANTES NAO INJETAVEIS;TRIMETAZIDINA ACH;ACHE LABORATORIOS FARMACEUTICOS SA
J01G FLUOROQUINOLONAS;URCIP ACH;ACHE LABORATORIOS FARMACEUTICOS SA
R01A PREPARACOES NASAIS TOPICAS;UTILAR ACH;ACHE LABORATORIOS FARMACEUTICOS SA
N03A ANTICONVULSIVANTES;VALPI ACH;ACHE LABORATORIOS FARMACEUTICOS SA
C09D ANTAGONISTAS DE LA ANGIOTENSINA II COMBINADOS;VALSAR HIDROCL ACH;ACHE LABORATORIOS FARMACEUTICOS SA
C09C ANTAGONISTAS DE LA ANGIOTENSINA II PUROS;VALSARTANA ACH;ACHE LABORATORIOS FARMACEUTICOS SA
C09D ANTAGONISTAS DE LA ANGIOTENSINA II COMBINADOS;VALSARTANA HIDROCLOROTIAZIDA ACH;ACHE LABORATORIOS FARMACEUTICOS SA
B01C INIBIDORES DA AGREGACAO PLAQUETARIA;VASOGARD ACH;ACHE LABORATORIOS FARMACEUTICOS SA
C05C TERAPIA VARICOSA SISTEMICA;VENOXIDE ACH;ACHE LABORATORIOS FARMACEUTICOS SA
C04A VASOTERAPIA CEREBRAL E PERIFERICA;VERTIX ACH;ACHE LABORATORIOS FARMACEUTICOS SA
C04A VASOTERAPIA CEREBRAL E PERIFERICA;VERTIZINE D ACH;ACHE LABORATORIOS FARMACEUTICOS SA
A10P INIBIDORES DE ANTIDIABETICOS DE SGLT2;VIDAP;ACHE LABORATORIOS FARMACEUTICOS SA
N03A ANTICONVULSIVANTES;VIDMAX ACH;ACHE LABORATORIOS FARMACEUTICOS SA
N07D PRODUTOS ANTI ALZHEIMER;VIE ACH;ACHE LABORATORIOS FARMACEUTICOS SA
N07C OUTROS MEDICAMENTOS ANTIVERTIGINOSOS;VITALIA XR ACH;ACHE LABORATORIOS FARMACEUTICOS SA
N07D PRODUTOS ANTI ALZHEIMER;VIVENCIA PATCH ACH;ACHE LABORATORIOS FARMACEUTICOS SA
B01B ANTICOAGULANTES INJETAVEIS;VOLARE ACH;ACHE LABORATORIOS FARMACEUTICOS SA
N05A ANTIPSICOTICOS;ZARGUS ACH;ACHE LABORATORIOS FARMACEUTICOS SA
H02A CORTICOSTEROIDES PUROS;ZASTAT ACH;ACHE LABORATORIOS FARMACEUTICOS SA
J02A AGENTES ANTIMICOTICOS SISTEMICOS EXCLUINDO GRISEOF;ZIOR ACH;ACHE LABORATORIOS FARMACEUTICOS SA
J01F MACROLIDEOS E SIMILARES;ZIRK ACH;ACHE LABORATORIOS FARMACEUTICOS SA
N05B HIPNOTICOS SEDATIVOS;ZOLFEST ACH;ACHE LABORATORIOS FARMACEUTICOS SA
G04E PRODUTOS PARA DISFUNCAO ERETIL;ZYAD ACH;ACHE LABORATORIOS FARMACEUTICOS SA
R05C EXPECTORANTES;DILUTE;ACQUAMIX
R05C EXPECTORANTES;ADACISTEIN ADA;ADA NUTRACEUTICA
R05C EXPECTORANTES;FLUALIV ADA;ADA NUTRACEUTICA
R05C EXPECTORANTES;NAC ADA;ADA NUTRACEUTICA
G04E PRODUTOS PARA DISFUNCAO ERETIL;PRAZZ MIL;ADIMED
G01A TRICOMONICIDAS;BIO VAGIN ADI;ADIUM
L01H ANTINEOPLASICOS INIBIDORES DA PROTEINA QUINASE;BRUKINSA ADI;ADIUM
G02D INIBIDORES DA PROLACTINA;CABERTRIX ADI;ADIUM
A11D VITAMINA B1 E ASSOCIACOES;CLOR DE METILFENIDATO ADI;ADIUM
M05X OUTROS PRODUTOS SISTEMA MUSCULO ESQUELETICO;CONDROFLEX ADI;ADIUM
N06B PSICOESTIMULANTES;CONSIV ADI;ADIUM
G04C PRODUTOS PARA HIPERPLASIA PROSTATICA BENIGNA HPB;DUTAM ADI;ADIUM
R07D PRODUTOS PRA FIBROSE PULMONAR IDIOPATICA;EGURINEL ADI;ADIUM
L02A HORMONIOS CITOSTATICOS;ELIGARD ADI;ADIUM
G04D PRODUTOS PARA INCONTINENCIA URINARIA;FENAZIC ADI;ADIUM
M01A ANTI REUMATICOS SEM ESTEROIDES;FLODIN DUO ADI;ADIUM
N03A ANTICONVULSIVANTES;ILUDRAL ADI;ADIUM
N03A ANTICONVULSIVANTES;LACOTEM ADI;ADIUM
N03A ANTICONVULSIVANTES;LEVETIRACETAM ADIUM;ADIUM
G03A CONTRACEPTIVOS HORMONAIS SISTEMICOS;LIBERFEM ADI;ADIUM
N07D PRODUTOS ANTI ALZHEIMER;LIBTAYO ADI;ADIUM
N02A ANALGESICOS NARCOTICOS;LUSANDA ADI;ADIUM
M03B RELAXANTES MUSCULARES ACAO CENTRAL;MITRUL ADI;ADIUM
M01A ANTI REUMATICOS SEM ESTEROIDES;NUSIRA ADI;ADIUM
M05B REGULADORES DO CALCIO OSSEO;OSTEOTEC ADI;ADIUM
N02A ANALGESICOS NARCOTICOS;OXYPYNAL ADI;ADIUM
N02A ANALGESICOS NARCOTICOS;PARATRAM ADI;ADIUM
N02D PROD GABAPENTINOIDES;PREBICTAL ADI;ADIUM
G04X OUTROS PRODUTOS UROLOGICOS;PYRIDIUM ADI;ADIUM
M05X OUTROS PRODUTOS SISTEMA MUSCULO ESQUELETICO;SUPHRAHYAL ADI;ADIUM
N02B NAO NARCOTICOS ANTIPIRETICOS;SYMDULOR SL ZOD;ADIUM
G04C PRODUTOS PARA HIPERPLASIA PROSTATICA BENIGNA HPB;TAMSULON ADI;ADIUM
L01B ANTIMETABOLITOS;TECNOMET ADI;ADIUM
N05A ANTIPSICOTICOS;VEGAPALI ADI;ADIUM
N06A A DEPRESSIVOS E REGUL DE HUMOR;VEGAPALI ADI;ADIUM
N06B PSICOESTIMULANTES;VIMADE ADI;ADIUM
M01A ANTI REUMATICOS SEM ESTEROIDES;XUMER;ADIUM
M01A ANTI REUMATICOS SEM ESTEROIDES;XUMER ADI;ADIUM
A06A DROGAS PARA A CONSTIPACAO;ADV ADV;ADV
D08A ANTISSEPTICOS E DESINFETANTES EXCL CURATIVOS MEDIC;ADVFARMA ADV;ADV
A07G REPOSITORES ELECTROLITICOS ORAIS;HIDRORAL ADV;ADV
M02A ANTIREUMATICOS TOPICOS COM ANALGESICOS;MY HEALTH;AEROFLEX
M03B RELAXANTES MUSCULARES ACAO CENTRAL;MY HEALTH;AEROFLEX
M02A ANTIREUMATICOS TOPICOS COM ANALGESICOS;MYHEALTH AER;AEROFLEX
N02B NAO NARCOTICOS ANTIPIRETICOS;DOLOCALM;AERZ QUIMICA
A12C OUTROS SUPLEMENTOS MINERAIS;TRIUNLIFE;AF2 INDUSTRIA FARMACEUTIA LTDA
N02B NAO NARCOTICOS ANTIPIRETICOS;AGAFARMA;AGAFARMA
K01F SOLUCOES PARA TERAPIA OSMOTICA;MANITOL AGL;AGILLE
M02A ANTIREUMATICOS TOPICOS COM ANALGESICOS;AGPMED;AGPMED
A12C OUTROS SUPLEMENTOS MINERAIS;BUONA VITA;AGUA MINERAL LEVE LTDA
R02A PREPARACOES PARA GARGANTA;AGUA RABELO;AGUA RABELO
A12A CALCIO;ABCALCIUM AIR;AIRELA PHARMACEUTICA
A05B PRODUTOS PARA DOENCAS DO FIGADO HEPATOPROTETORES;ABCLER AIR;AIRELA PHARMACEUTICA
N02B NAO NARCOTICOS ANTIPIRETICOS;ABERALGINA AIR;AIRELA PHARMACEUTICA
N02B NAO NARCOTICOS ANTIPIRETICOS;ABIDOR AIR;AIRELA PHARMACEUTICA
R05C EXPECTORANTES;ABRYFLUI AIR;AIRELA PHARMACEUTICA
R05C EXPECTORANTES;ACETILCISTEINA AIR;AIRELA PHARMACEUTICA
A01A ESTOMATOLOGICOS;AFTANAX AIR;AIRELA PHARMACEUTICA
A07G REPOSITORES ELECTROLITICOS ORAIS;AIRELA;AIRELA PHARMACEUTICA
R05C EXPECTORANTES;AIRELA;AIRELA PHARMACEUTICA
A02A ANTIACIDOS ANTIFISETICOS;AIRELA AIR;AIRELA PHARMACEUTICA
R02A PREPARACOES PARA GARGANTA;AIRELA AIR;AIRELA PHARMACEUTICA
A05A PRODUTOS PARA DISTURBIOS DO TRATO BILIAR;ALCAGEST AIR;AIRELA PHARMACEUTICA
A12A CALCIO;CALCIOPREVIX AIE;AIRELA PHARMACEUTICA
N05B HIPNOTICOS SEDATIVOS;CALMAZIL AIR;AIRELA PHARMACEUTICA
D11A OUTRAS PREPARACOES DERMATOLOGICAS INCL XAMPUS MED;CALOFIM AIR;AIRELA PHARMACEUTICA
R05C EXPECTORANTES;CLOR DE AMBROXOL XAROPE AIR;AIRELA PHARMACEUTICA
A07F MICROORGANISMOS ANTIDIARREICOS;CULTILIFE AIR;AIRELA PHARMACEUTICA
A02A ANTIACIDOS ANTIFISETICOS;DIMETICONA AIR;AIRELA PHARMACEUTICA
R05C EXPECTORANTES;EXPECVEM AIR;AIRELA PHARMACEUTICA
A06A DROGAS PARA A CONSTIPACAO;FLEXENEMA AIR;AIRELA PHARMACEUTICA
A07F MICROORGANISMOS ANTIDIARREICOS;FLORPLEX AIR;AIRELA PHARMACEUTICA
R05C EXPECTORANTES;FLUIVE AIR;AIRELA PHARMACEUTICA
C05C TERAPIA VARICOSA SISTEMICA;FLUXOLIV AIR;AIRELA PHARMACEUTICA
A11B POLIVITAMINICOS PUROS;FORTEVIT AIR;AIRELA PHARMACEUTICA
R05C EXPECTORANTES;GUACOFLUS AIR;AIRELA PHARMACEUTICA
A07G REPOSITORES ELECTROLITICOS ORAIS;HIDRALI AIR;AIRELA PHARMACEUTICA
A02A ANTIACIDOS ANTIFISETICOS;HIDROXIDO AIR;AIRELA PHARMACEUTICA
A02A ANTIACIDOS ANTIFISETICOS;HIDROXIDO DE ALUMINIO AIR;AIRELA PHARMACEUTICA
N02B NAO NARCOTICOS ANTIPIRETICOS;IBUPROFENO AIR;AIRELA PHARMACEUTICA
A07F MICROORGANISMOS ANTIDIARREICOS;LACLIZE AIR;AIRELA PHARMACEUTICA
A09A DIGESTIVOS INCLUIDO ENZIMAS;LACLIZE AIR;AIRELA PHARMACEUTICA
A06A DROGAS PARA A CONSTIPACAO;LACTULAXY AIR;AIRELA PHARMACEUTICA
A07F MICROORGANISMOS ANTIDIARREICOS;LEFLORA AIR;AIRELA PHARMACEUTICA
R06A ANTIHISTAMINICOS SISTEMICOS;LORATADINA XAROPE AIR;AIRELA PHARMACEUTICA
A02A ANTIACIDOS ANTIFISETICOS;LUFTY AIR;AIRELA PHARMACEUTICA
A06A DROGAS PARA A CONSTIPACAO;MAGMILK AIR;AIRELA PHARMACEUTICA
D08A ANTISSEPTICOS E DESINFETANTES EXCL CURATIVOS MEDIC;MERTIOCURE AIR;AIRELA PHARMACEUTICA
A03F GASTROPROCINETICOS;METOCLOPRAMIDA AIR;AIRELA PHARMACEUTICA
R01A PREPARACOES NASAIS TOPICAS;NASONEW AIR;AIRELA PHARMACEUTICA
A12A CALCIO;OFOLIFLEX AIR;AIRELA PHARMACEUTICA
A12A CALCIO;OSTEOPREVIX AIR;AIRELA PHARMACEUTICA
N05B HIPNOTICOS SEDATIVOS;PASSIFLORA AIR;AIRELA PHARMACEUTICA
R06A ANTIHISTAMINICOS SISTEMICOS;POLARAX AIR;AIRELA PHARMACEUTICA
R05A ANTIGRIPAIS EXCLUINDO ANTINFECCIOSOS;RESFENAX AIR;AIRELA PHARMACEUTICA
A06A DROGAS PARA A CONSTIPACAO;SENEBEN AIR;AIRELA PHARMACEUTICA
A02A ANTIACIDOS ANTIFISETICOS;SILUSGEL AIR;AIRELA PHARMACEUTICA
A05B PRODUTOS PARA DOENCAS DO FIGADO HEPATOPROTETORES;SILYDUZ;AIRELA PHARMACEUTICA
A02A ANTIACIDOS ANTIFISETICOS;SIMETICONA AIR;AIRELA PHARMACEUTICA
A11A POLIVITAMINICOS COM MINERAIS;ZINQUA AIR;AIRELA PHARMACEUTICA
A05A PRODUTOS PARA DISTURBIOS DO TRATO BILIAR;AMARGOMIL;AKMEL
S01H ANESTESICOS LOCAIS;ANESTALCON ALC;ALCON
S01E MIOTICOS E PRAPARADOS ANTIGLAUCOMA;AZOPT ALC;ALCON
S01E MIOTICOS E PRAPARADOS ANTIGLAUCOMA;AZORGA ALC;ALCON
S02D OUTROS PREPARADOS OTOLOGICOS;CERUMIN ALC;ALCON
S01C COMBINACOES DE ANTI INFLAMATORIOS OFTALMICOS E ANT;CILODEX ALC;ALCON
S01G PREPARADOS PARA O TRATAMENTO DE CONJUNTIVITES NAO;CLARIL ALC;ALCON
S01K PRODUTOS PARA OLHO SECO;LACRIMA ALC;ALCON
S01X OUTROS OFTALMOLOGICOS;LACRIMA ALC;ALCON
S01C COMBINACOES DE ANTI INFLAMATORIOS OFTALMICOS E ANT;MAXITROL ALC;ALCON
S01F MIDRIATICOS E CICLOPLEGICOS;MYDRIACYL ALC;ALCON
S01K PRODUTOS PARA OLHO SECO;OFTANE ALC;ALCON
S01X OUTROS OFTALMOLOGICOS;OFTANE ALC;ALCON
S01X OUTROS OFTALMOLOGICOS;OPTI FREE ALC;ALCON
S01K PRODUTOS PARA OLHO SECO;OPTIFREE ALC;ALCON
S01L PREPARADOS PARA USO COM LENTES DE CONTATO;OPTIFREE ALC;ALCON
S01G PREPARADOS PARA O TRATAMENTO DE CONJUNTIVITES NAO;PATANOL ALC;ALCON
S01E MIOTICOS E PRAPARADOS ANTIGLAUCOMA;SIMBRINZA ALC;ALCON
S01G PREPARADOS PARA O TRATAMENTO DE CONJUNTIVITES NAO;SYSTANE;ALCON
S01K PRODUTOS PARA OLHO SECO;SYSTANE ALC;ALCON
S01C COMBINACOES DE ANTI INFLAMATORIOS OFTALMICOS E ANT;TOBRADEX ALC;ALCON
S01A ANTINFECCIOSOS;TOBREX ALC;ALCON
S01E MIOTICOS E PRAPARADOS ANTIGLAUCOMA;TRAVATAN ALC;ALCON
S01K PRODUTOS PARA OLHO SECO;TRISORB ALC;ALCON
S01X OUTROS OFTALMOLOGICOS;TRISORB ALC;ALCON
S01C COMBINACOES DE ANTI INFLAMATORIOS OFTALMICOS E ANT;VIGADEXA ALC;ALCON
S01A ANTINFECCIOSOS;VIGAMOX ALC;ALCON
S01R ANTIINFLAMATORIOS OFTALMOLOGICOS NAO ESTEROIDES;ACULAR ALL;ALLERGAN
S01K PRODUTOS PARA OLHO SECO;ALLERGAN ALL;ALLERGAN
S01X OUTROS OFTALMOLOGICOS;ALLERGAN ALL;ALLERGAN
S01E MIOTICOS E PRAPARADOS ANTIGLAUCOMA;ALPHAGAN ALL;ALLERGAN
S01H ANESTESICOS LOCAIS;ANESTESICO ALL;ALLERGAN
S01F MIDRIATICOS E CICLOPLEGICOS;ATROPINA ALL;ALLERGAN
S01F MIDRIATICOS E CICLOPLEGICOS;CICLOPLEGICO ALL;ALLERGAN
S01E MIOTICOS E PRAPARADOS ANTIGLAUCOMA;COMBIGAN ALL;ALLERGAN
S01G PREPARADOS PARA O TRATAMENTO DE CONJUNTIVITES NAO;CROMOLERG ALL;ALLERGAN
S01G PREPARADOS PARA O TRATAMENTO DE CONJUNTIVITES NAO;DINILL ALL;ALLERGAN
S01E MIOTICOS E PRAPARADOS ANTIGLAUCOMA;DURACARE ALL;ALLERGAN
S01F MIDRIATICOS E CICLOPLEGICOS;FENILEFRINA ALL;ALLERGAN
S01K PRODUTOS PARA OLHO SECO;FILMCEL ALL;ALLERGAN
S01X OUTROS OFTALMOLOGICOS;FRESH ALL;ALLERGAN
S01X OUTROS OFTALMOLOGICOS;FRESH TEARS ALL;ALLERGAN
S01K PRODUTOS PARA OLHO SECO;FRESHTEARS ALL;ALLERGAN
S01E MIOTICOS E PRAPARADOS ANTIGLAUCOMA;GANFORT ALL;ALLERGAN
S01A ANTINFECCIOSOS;GENTAMICINA ALL;ALLERGAN
S01K PRODUTOS PARA OLHO SECO;LACRIL ALL;ALLERGAN
S01E MIOTICOS E PRAPARADOS ANTIGLAUCOMA;LASTACAFT ALL;ALLERGAN
S01G PREPARADOS PARA O TRATAMENTO DE CONJUNTIVITES NAO;LASTACAFT ALL;ALLERGAN
S01X OUTROS OFTALMOLOGICOS;LATISSE ALL;ALLERGAN
S01E MIOTICOS E PRAPARADOS ANTIGLAUCOMA;LUMIGAN ALL;ALLERGAN
S01K PRODUTOS PARA OLHO SECO;LUMIGAN ALL;ALLERGAN
S01A ANTINFECCIOSOS;OFLOX ALL;ALLERGAN
S01K PRODUTOS PARA OLHO SECO;OPTIVE;ALLERGAN
S01K PRODUTOS PARA OLHO SECO;OPTIVE ALL;ALLERGAN
S01X OUTROS OFTALMOLOGICOS;OPTIVE ALL;ALLERGAN
S01B CORTICOIDES;OZURDEX ALL;ALLERGAN
S01E MIOTICOS E PRAPARADOS ANTIGLAUCOMA;PILOCARPINA ALL;ALLERGAN
S01B CORTICOIDES;PRED ALL;ALLERGAN
S01G PREPARADOS PARA O TRATAMENTO DE CONJUNTIVITES NAO;RELESTAT ALL;ALLERGAN
S01K PRODUTOS PARA OLHO SECO;RESTASIS ALL;ALLERGAN
S01R ANTIINFLAMATORIOS OFTALMOLOGICOS NAO ESTEROIDES;STILL ALL;ALLERGAN
S01E MIOTICOS E PRAPARADOS ANTIGLAUCOMA;TIMOLOL ALL;ALLERGAN
S01A ANTINFECCIOSOS;TRIPLENEX ALL;ALLERGAN
S01E MIOTICOS E PRAPARADOS ANTIGLAUCOMA;TRIPLENEX ALL;ALLERGAN
S01A ANTINFECCIOSOS;ZYMAR ALL;ALLERGAN
S01C COMBINACOES DE ANTI INFLAMATORIOS OFTALMICOS E ANT;ZYPRED ALL;ALLERGAN
N05B HIPNOTICOS SEDATIVOS;ALMEIDA PRADO ALM;ALMEIDA PRADO
A09A DIGESTIVOS INCLUIDO ENZIMAS;ALMEIDAPRADO ALM;ALMEIDA PRADO
A12C OUTROS SUPLEMENTOS MINERAIS;ALMEIDAPRADO ALM;ALMEIDA PRADO
C05B TERAPIA VARICOSA TOPICA;ALMEIDAPRADO ALM;ALMEIDA PRADO
D08A ANTISSEPTICOS E DESINFETANTES EXCL CURATIVOS MEDIC;ALMEIDAPRADO ALM;ALMEIDA PRADO
M02A ANTIREUMATICOS TOPICOS COM ANALGESICOS;ALMEIDAPRADO ALM;ALMEIDA PRADO
R05C EXPECTORANTES;ALMEIDAPRADO ALM;ALMEIDA PRADO
R05D ANTITUSSIGENOS;ALMEIDAPRADO ALM;ALMEIDA PRADO
R05D ANTITUSSIGENOS;ALMEIDAPRADO LAA;ALMEIDA PRADO
M02A ANTIREUMATICOS TOPICOS COM ANALGESICOS;ARNICA ALM;ALMEIDA PRADO
A06A DROGAS PARA A CONSTIPACAO;COMPLEXO A ALM;ALMEIDA PRADO
N05B HIPNOTICOS SEDATIVOS;COMPLEXO H ALM;ALMEIDA PRADO
C05A ANTIHEMORROIDARIOS TOPICOS;HEMORROIMED ALM;ALMEIDA PRADO
N05B HIPNOTICOS SEDATIVOS;HOMEOPAX ALM;ALMEIDA PRADO
R01B DESCONGESTIONANTES NASAIS SISTEMICOS;SINUMED ALM;ALMEIDA PRADO
R02A PREPARACOES PARA GARGANTA;ALIVIO MEL ALQ;ALQUIMIA
A11D VITAMINA B1 E ASSOCIACOES;ALQUIMIA;ALQUIMIA
A12C OUTROS SUPLEMENTOS MINERAIS;ALQUIMIA;ALQUIMIA
G03A CONTRACEPTIVOS HORMONAIS SISTEMICOS;ACET DE CLORMADINONA ETINILESTRADIOL ALT;ALTHAIA
N06A A DEPRESSIVOS E REGUL DE HUMOR;BROMIDRATO DE VORTIOXETINA ALT;ALTHAIA
N06B PSICOESTIMULANTES;CLOR DE METILFENIDATO ALT;ALTHAIA
A04A ANTIEMETICOS E ANTINAUSEOSOS;CLOR DE ONDANSETRONA ALT;ALTHAIA
C01B ANTIARRITMICOS;CLOR DE PROPAFENONA ALT;ALTHAIA
N06A A DEPRESSIVOS E REGUL DE HUMOR;CLOR DE TRAZODONA ALT;ALTHAIA
C10A PREPARADOS PARA REGULACAO COLESTEROL E TRIGLICERID;CRESLIP ALT;ALTHAIA
N07C OUTROS MEDICAMENTOS ANTIVERTIGINOSOS;DICLOR DE BETAISTINA ALT;ALTHAIA
G03D PROGESTOGENOS E ASSOCIACOES EXCLUINDO G3A G3F;DIENOGESTE ALT;ALTHAIA
J01G FLUOROQUINOLONAS;DIENOGESTE ALT;ALTHAIA
J01G FLUOROQUINOLONAS;DROSPIRENONA ALT;ALTHAIA
G03A CONTRACEPTIVOS HORMONAIS SISTEMICOS;DROSPIRENONA ETINILESTRADIOL ALT;ALTHAIA
A04A ANTIEMETICOS E ANTINAUSEOSOS;ENJOVIX FLASH ALT;ALTHAIA
A07F MICROORGANISMOS ANTIDIARREICOS;EQUALIV ALT;ALTHAIA
A07G REPOSITORES ELECTROLITICOS ORAIS;EQUALIV ALT;ALTHAIA
A11C VITAMINA A D INCLUINDO ASSOCIACOES DAS DUAS;EQUALIV ALT;ALTHAIA
A12C OUTROS SUPLEMENTOS MINERAIS;EQUALIV ALT;ALTHAIA
H04X OUTRAS HORMONIOS E PREPARACAO COM ACOES SIMILARES;EQUALIV ALT;ALTHAIA
R02A PREPARACOES PARA GARGANTA;EQUALIV ALT;ALTHAIA
R05C EXPECTORANTES;EQUALIV ALT;ALTHAIA
A12A CALCIO;EQUALIV CALCIO+VIT D;ALTHAIA
A02B ANTIULCEROSOS;ESOMEPRAZOL ALT;ALTHAIA
M01A ANTI REUMATICOS SEM ESTEROIDES;ETODOLACO ALT;ALTHAIA
C10A PREPARADOS PARA REGULACAO COLESTEROL E TRIGLICERID;EZETIMIBA ALT;ALTHAIA
N06A A DEPRESSIVOS E REGUL DE HUMOR;FLUVOXAMINA ALT;ALTHAIA
N05B HIPNOTICOS SEDATIVOS;HEMITARTARATO DE ZOLPIDEM ALT;ALTHAIA
M05B REGULADORES DO CALCIO OSSEO;IBANDRONATO DE SODIO ALT;ALTHAIA
M01A ANTI REUMATICOS SEM ESTEROIDES;IBUPROFENO ALT;ALTHAIA
N02B NAO NARCOTICOS ANTIPIRETICOS;IBUPROFENO ALT;ALTHAIA
P01B ANTIHELMINTICOS EXCETO OS ESQUISTOSOMICIDAS;IROSE ALT;ALTHAIA
D10B PREPARACOES ANTIACNE ORAIS;ISOTRETINOINA ALT;ALTHAIA
J01G FLUOROQUINOLONAS;ISOTRETINOINA ALT;ALTHAIA
N03A ANTICONVULSIVANTES;LAMOTRIGINA ALT;ALTHAIA
G04D PRODUTOS PARA INCONTINENCIA URINARIA;MIRABEGRONA ALT;ALTHAIA
P01B ANTIHELMINTICOS EXCETO OS ESQUISTOSOMICIDAS;NITAZOXANIDA ALT;ALTHAIA
C09C ANTAGONISTAS DE LA ANGIOTENSINA II PUROS;OLMESARTANA MEDOXOMILA ALT;ALTHAIA
H02A CORTICOSTEROIDES PUROS;PREDNISOLONA ALT;ALTHAIA
N02D PROD GABAPENTINOIDES;PREGABALINA ALT;ALTHAIA
M05B REGULADORES DO CALCIO OSSEO;RISEDRONATO ALT;ALTHAIA
C10A PREPARADOS PARA REGULACAO COLESTEROL E TRIGLICERID;ROSUVASTATINA CALCICA ALT;ALTHAIA
N06A A DEPRESSIVOS E REGUL DE HUMOR;SUCCINATO DE DESVENLAFAXINA ALT;ALTHAIA
C09C ANTAGONISTAS DE LA ANGIOTENSINA II PUROS;TELMISARTANA ALT;ALTHAIA
B01F INIBIDOR DIRETO DO FATOR XA;TOSILATO EDOXABANA ALT;ALTHAIA
A11C VITAMINA A D INCLUINDO ASSOCIACOES DAS DUAS;TRATEDE ALT;ALTHAIA
A03F GASTROPROCINETICOS;TRIMEBUTINA ALT;ALTHAIA
B01A ANTICOAGULANTES NAO INJETAVEIS;TRIMETAZIDINA ALT;ALTHAIA
C01E NITRITOS E NITRATOS;TRIMETAZIDINA ALT;ALTHAIA
N02B NAO NARCOTICOS ANTIPIRETICOS;TROMETAMOL CETOROLACO ALT;ALTHAIA
C09C ANTAGONISTAS DE LA ANGIOTENSINA II PUROS;VALSARTANA ALT;ALTHAIA
A10N INIBIDOR DPP IV;VILDAGLIPTINA ALT;ALTHAIA
A10N INIBIDOR DPP IV;VILDAGLIPTINA CLOR DE METFORMINA ALT;ALTHAIA
N06A A DEPRESSIVOS E REGUL DE HUMOR;VORTIOXETINA ALT;ALTHAIA
C10A PREPARADOS PARA REGULACAO COLESTEROL E TRIGLICERID;ZETERINA ALT;ALTHAIA
N02A ANALGESICOS NARCOTICOS;AMAZON ERVAS AZV;AMAZON ERVAS
N07D PRODUTOS ANTI ALZHEIMER;ARANESP;AMGEN
L04B MEDICAMENTOS ANTI TNF;AVSOLA AMG;AMGEN
M05B REGULADORES DO CALCIO OSSEO;EVENITY AMG;AMGEN
L01J ANTINEOPLASICOS INIBIDORES DA PROTEASE;KYPROLIS AMG;AMGEN
L01G ANTICORPOS MONOCLONAIS ANTINEOPLASICOS;MVASI AMG;AMGEN
M05B REGULADORES DO CALCIO OSSEO;PROLIA AMG;AMGEN
L04C INIBIDORES DE INTERLEUCINA;WEZENLA AMG;AMGEN
M05B REGULADORES DO CALCIO OSSEO;XGEVA AMG;AMGEN
N02A ANALGESICOS NARCOTICOS;BABYDEAS AMH;AMH FARMA
R01A PREPARACOES NASAIS TOPICAS;BABYDEAS AMH;AMH FARMA
A06A DROGAS PARA A CONSTIPACAO;AMICARE;AMILAB
A11G VITAMINA C INCLUSIVE ASSOCIADA A MINERAIS;AMICARE;AMILAB
H04X OUTRAS HORMONIOS E PREPARACAO COM ACOES SIMILARES;AMICARE;AMILAB
R02A PREPARACOES PARA GARGANTA;AMICARE;AMILAB
R05C EXPECTORANTES;AMICARE;AMILAB
A11G VITAMINA C INCLUSIVE ASSOCIADA A MINERAIS;AMILAB;AMILAB
A11X OUTRAS VITAMINAS PURAS;AMILAB;AMILAB
A12C OUTROS SUPLEMENTOS MINERAIS;AMILAB;AMILAB
R05C EXPECTORANTES;AMILAB;AMILAB
R02A PREPARACOES PARA GARGANTA;APIARIO DA SERRA;APIARIO DA SERRA
R02A PREPARACOES PARA GARGANTA;APIARIO DA SERRA ASE;APIARIO DA SERRA
R02A PREPARACOES PARA GARGANTA;APIARIODASERRA ASR;APIARIO DA SERRA
R05B ANTIGRIPAIS C ANTIINFECCIOSOS;FLOR DA SERRA;APIARIO FLOR DA SERRA
R02A PREPARACOES PARA GARGANTA;APIARIO NECTAR IBATE;APIARIO NECTAR IBATE
R02A PREPARACOES PARA GARGANTA;APIARIO SO MEL;APIARIO SO MEL
R02A PREPARACOES PARA GARGANTA;APIARIOSOMEL AML;APIARIO SO MEL
R05C EXPECTORANTES;APIARIO SUL DE MINAS;APIARIO SUL DE MINAS
R05B ANTIGRIPAIS C ANTIINFECCIOSOS;APIARIOS BONADIO;APIARIOS BONADIO
R02A PREPARACOES PARA GARGANTA;APIARIOSCASAGRANDE ACG;APIARIOS CASAGRANDE
R05B ANTIGRIPAIS C ANTIINFECCIOSOS;APIARIOSCASAGRANDE ACG;APIARIOS CASAGRANDE
R02A PREPARACOES PARA GARGANTA;TIARAJU;APIARIOS CASAGRANDE
R02A PREPARACOES PARA GARGANTA;LAMBERTUCCI ATC;APIARIOS LAMBERTUCCI
R05B ANTIGRIPAIS C ANTIINFECCIOSOS;LAMBERTUCCI ATC;APIARIOS LAMBERTUCCI
R05C EXPECTORANTES;LAMBERTUCCI ATC;APIARIOS LAMBERTUCCI
R02A PREPARACOES PARA GARGANTA;MEL SANTA BARBARA;APIARIOS MACKLLANI
R02A PREPARACOES PARA GARGANTA;NATURIX APX;APICENTRO NATURIX
R02A PREPARACOES PARA GARGANTA;ABV;APICULTURA BOA VISTA
R02A PREPARACOES PARA GARGANTA;ABV AVS;APICULTURA BOA VISTA
R05B ANTIGRIPAIS C ANTIINFECCIOSOS;ABV AVS;APICULTURA BOA VISTA
R05C EXPECTORANTES;ABV AVS;APICULTURA BOA VISTA
R05C EXPECTORANTES;BOA VISTA;APICULTURA BOA VISTA
R02A PREPARACOES PARA GARGANTA;BOAVISTA AVS;APICULTURA BOA VISTA
R02A PREPARACOES PARA GARGANTA;MULTIFLOR AMU;APICULTURA MULTIFLOR
R05C EXPECTORANTES;APIERVAS;APIERVAS
R05B ANTIGRIPAIS C ANTIINFECCIOSOS;FAVO DE OURO;APINARIO FAVO DE OURO
M02A ANTIREUMATICOS TOPICOS COM ANALGESICOS;APINIL;APINIL COSMETICOS
M03B RELAXANTES MUSCULARES ACAO CENTRAL;APINIL;APINIL COSMETICOS
R02A PREPARACOES PARA GARGANTA;APIDOL AFL;APIS FLORA
R02A PREPARACOES PARA GARGANTA;APIGUACO AFL;APIS FLORA
R02A PREPARACOES PARA GARGANTA;APIROMA AFL;APIS FLORA
R02A PREPARACOES PARA GARGANTA;APIS FLORA;APIS FLORA
R05B ANTIGRIPAIS C ANTIINFECCIOSOS;APIS FLORA;APIS FLORA
R05C EXPECTORANTES;APIS FLORA;APIS FLORA
R02A PREPARACOES PARA GARGANTA;APISFLORA AFL;APIS FLORA
R05B ANTIGRIPAIS C ANTIINFECCIOSOS;APISFLORA AFL;APIS FLORA
R05C EXPECTORANTES;APISFLORA AFL;APIS FLORA
R02A PREPARACOES PARA GARGANTA;APISGEN AFL;APIS FLORA
R02A PREPARACOES PARA GARGANTA;PROPOMAX AFL;APIS FLORA
R05B ANTIGRIPAIS C ANTIINFECCIOSOS;PROPOMAX AFL;APIS FLORA
R05C EXPECTORANTES;PROPOMAX AFL;APIS FLORA
R02A PREPARACOES PARA GARGANTA;APIS JORDANS;APIS JORDANS
R05B ANTIGRIPAIS C ANTIINFECCIOSOS;APIS JORDANS;APIS JORDANS
R02A PREPARACOES PARA GARGANTA;APISJORDAN AJD;APIS JORDANS
R02A PREPARACOES PARA GARGANTA;APISJORDANS AJD;APIS JORDANS
R02A PREPARACOES PARA GARGANTA;APIS VIDA;APIS VIDA
R05C EXPECTORANTES;APIS VIDA;APIS VIDA
R02A PREPARACOES PARA GARGANTA;APIS VIDA APV;APIS VIDA
R02A PREPARACOES PARA GARGANTA;APISVIDA APV;APIS VIDA
R05C EXPECTORANTES;APISVIDA APV;APIS VIDA
R02A PREPARACOES PARA GARGANTA;BELLABELHA;APIS VIDA
R02A PREPARACOES PARA GARGANTA;NANOPROPOLIS APV;APIS VIDA
R02A PREPARACOES PARA GARGANTA;PRODAY;APIS VIDA
R02A PREPARACOES PARA GARGANTA;PRODAY APV;APIS VIDA
R05B ANTIGRIPAIS C ANTIINFECCIOSOS;PRODAY APV;APIS VIDA
A12C OUTROS SUPLEMENTOS MINERAIS;APISNUTRI APN;APISNUTRI
R05C EXPECTORANTES;PROPONATUS APN;APISNUTRI
A12C OUTROS SUPLEMENTOS MINERAIS;WOLFS;APISNUTRI
A07G REPOSITORES ELECTROLITICOS ORAIS;RELAMPAGO;APISVIDA
N07D PRODUTOS ANTI ALZHEIMER;ALOIS APS;APSEN
A10S AGONISTAS GLP 1;APSEN;APSEN
G04C PRODUTOS PARA HIPERPLASIA PROSTATICA BENIGNA HPB;APSEN;APSEN
N03A ANTICONVULSIVANTES;APSEN;APSEN
B01A ANTICOAGULANTES NAO INJETAVEIS;ARPADOL APS;APSEN
M05X OUTROS PRODUTOS SISTEMA MUSCULO ESQUELETICO;ARPADOL APS;APSEN
N04A ANTIPARKINSONIANOS;ARTANE APS;APSEN
N06B PSICOESTIMULANTES;ATENTAH APS;APSEN
N07X TODAS OUTRAS DROGAS PARA SNC;ATENTAH APS;APSEN
A07E PRODUTOS PARA DOENCA INFLAMATORIA INTESTINAL;AZULFIN APS;APSEN
A05A PRODUTOS PARA DISTURBIOS DO TRATO BILIAR;CELLOFARM;APSEN
M04A ANTIGOTOSOS;COLCHIS APS;APSEN
L02A HORMONIOS CITOSTATICOS;DESTILBENOL APS;APSEN
A09A DIGESTIVOS INCLUIDO ENZIMAS;DIGELIV APS;APSEN
C05C TERAPIA VARICOSA SISTEMICA;DOBEVEN APS;APSEN
N06A A DEPRESSIVOS E REGUL DE HUMOR;DONAREN APS;APSEN
N03A ANTICONVULSIVANTES;DUEPOLI APS;APSEN
D11A OUTRAS PREPARACOES DERMATOLOGICAS INCL XAMPUS MED;ENIAGOR APS;APSEN
N03A ANTICONVULSIVANTES;ETOXIN APS;APSEN
A12C OUTROS SUPLEMENTOS MINERAIS;EXTIMA APS;APSEN
D03A AGENTES CURATIVOS FERIDAS;FITOSCAR APS;APSEN
M01A ANTI REUMATICOS SEM ESTEROIDES;FLANCOX APS;APSEN
A07F MICROORGANISMOS ANTIDIARREICOS;FLORACOL APS;APSEN
G02E INIBIDORES DO PARTO;INIBINA APS;APSEN
A02B ANTIULCEROSOS;INILOK APS;APSEN
N06A A DEPRESSIVOS E REGUL DE HUMOR;INSERIS XR APS;APSEN
N02D PROD GABAPENTINOIDES;INSIT APS;APSEN
N07C OUTROS MEDICAMENTOS ANTIVERTIGINOSOS;LABIRIN APS;APSEN
A09A DIGESTIVOS INCLUIDO ENZIMAS;LACTOSIL APS;APSEN
N03A ANTICONVULSIVANTES;LECZA;APSEN
N05B HIPNOTICOS SEDATIVOS;LENIX APS;APSEN
J01G FLUOROQUINOLONAS;LEVOXIN APS;APSEN
G04X OUTROS PRODUTOS UROLOGICOS;LITOCIT APS;APSEN
A03A ANTIESPASMODICOS E ANTICOLINERGICOS PUROS;LONIUM APS;APSEN
A04A ANTIEMETICOS E ANTINAUSEOSOS;MECLIN APS;APSEN
G04D PRODUTOS PARA INCONTINENCIA URINARIA;MICPURE APS;APSEN
M03B RELAXANTES MUSCULARES ACAO CENTRAL;MIOSAN APS;APSEN
M02A ANTIREUMATICOS TOPICOS COM ANALGESICOS;MOMENT APS;APSEN
A12C OUTROS SUPLEMENTOS MINERAIS;MONOVISC;APSEN
A12C OUTROS SUPLEMENTOS MINERAIS;MOTILEX APS;APSEN
S02A ANTINFECCIOSOS OTOLOGICOS;OTO XILODASE APS;APSEN
D07B ASSOCIACOES DE CORTICOIDES;POSTEC APS;APSEN
N03A ANTICONVULSIVANTES;PRIMID APS;APSEN
N05B HIPNOTICOS SEDATIVOS;PROBIANS APS;APSEN
A07F MICROORGANISMOS ANTIDIARREICOS;PROBID APS;APSEN
H04X OUTRAS HORMONIOS E PREPARACAO COM ACOES SIMILARES;RAHIME APS;APSEN
G04D PRODUTOS PARA INCONTINENCIA URINARIA;RETEMIC APS;APSEN
P01D ANTIMALARICOS;REUQUINOL APS;APSEN
G04C PRODUTOS PARA HIPERPLASIA PROSTATICA BENIGNA HPB;TANDUO APS;APSEN
G04A ANTISSEPTICOS E ANTINFECCIOSOS URINARIOS;TRATURIL APS;APSEN
H02A CORTICOSTEROIDES PUROS;TRIANCIL APS;APSEN
C02A ANTIHIPERTENSIVOS NAO HERBACEOS PUROS;UNOPROST APS;APSEN
D11A OUTRAS PREPARACOES DERMATOLOGICAS INCL XAMPUS MED;URO VAXOM APS;APSEN
J07X OUTROS PRODUTOS TAIS COMO VACINAS;URO VAXOM APS;APSEN
A12A CALCIO;VELUS ASP;APSEN
B01F INIBIDOR DIRETO DO FATOR XA;XAFAC APS;APSEN
C08A ANTAGONISTAS DO CALCIO PUROS;ZANIDIP ASP;APSEN
M01A ANTI REUMATICOS SEM ESTEROIDES;SYNOLISVA APT;APTISSEN BRASIL
M05X OUTROS PRODUTOS SISTEMA MUSCULO ESQUELETICO;SYNOLISVA APT;APTISSEN BRASIL
N02A ANALGESICOS NARCOTICOS;ARESE;ARESE PHARMA LTDA.
A12C OUTROS SUPLEMENTOS MINERAIS;CISTOP;ARESE PHARMA LTDA.
G03A CONTRACEPTIVOS HORMONAIS SISTEMICOS;CLIC ARE;ARESE PHARMA LTDA.
G01A TRICOMONICIDAS;COLPIST ARE;ARESE PHARMA LTDA.
M01B ANTI REUMATICOS ASSOCIADOS COM CORTICOSTEROIDES;DEXADOR ARE;ARESE PHARMA LTDA.
A12C OUTROS SUPLEMENTOS MINERAIS;ENAX ARE;ARESE PHARMA LTDA.
C05C TERAPIA VARICOSA SISTEMICA;FLENUS ARE;ARESE PHARMA LTDA.
A09A DIGESTIVOS INCLUIDO ENZIMAS;INTOLIV ARE;ARESE PHARMA LTDA.
A04A ANTIEMETICOS E ANTINAUSEOSOS;JOFIX ARE;ARESE PHARMA LTDA.
A06A DROGAS PARA A CONSTIPACAO;LACASS ARE;ARESE PHARMA LTDA.
G02X OTROS PRODUTOS GINECOLOGICOS;MINEL ARE;ARESE PHARMA LTDA.
A11D VITAMINA B1 E ASSOCIACOES;NEVRIX ARE;ARESE PHARMA LTDA.
N05B HIPNOTICOS SEDATIVOS;PAZINE ARE;ARESE PHARMA LTDA.
A09A DIGESTIVOS INCLUIDO ENZIMAS;PRECOL ARE;ARESE PHARMA LTDA.
R01A PREPARACOES NASAIS TOPICAS;RINILAV ARE;ARESE PHARMA LTDA.
J01C PENICILINAS DE AMPLO ESPECTRO;SEPTAM BD ARE;ARESE PHARMA LTDA.
A02A ANTIACIDOS ANTIFISETICOS;SOFTOL ARE;ARESE PHARMA LTDA.
G01B ANTIMICOTICOS GINECOLOGICOS;TERICIN ARE;ARESE PHARMA LTDA.
J02A AGENTES ANTIMICOTICOS SISTEMICOS EXCLUINDO GRISEOF;ZELIX ARE;ARESE PHARMA LTDA.
M02A ANTIREUMATICOS TOPICOS COM ANALGESICOS;AROEIRA;AROEIRA COSMETICA
H04X OUTRAS HORMONIOS E PREPARACAO COM ACOES SIMILARES;AROMA BEM ESTAR;AROMA BEM ESTAR IND E COM DE PROD NATURAIS
M01A ANTI REUMATICOS SEM ESTEROIDES;ARTRIMED;AROMA BEM ESTAR IND E COM DE PROD NATURAIS
M05X OUTROS PRODUTOS SISTEMA MUSCULO ESQUELETICO;ARTROBEM;AROMA BEM ESTAR IND E COM DE PROD NATURAIS
N02A ANALGESICOS NARCOTICOS;ARTROBEM;AROMA BEM ESTAR IND E COM DE PROD NATURAIS
A05B PRODUTOS PARA DOENCAS DO FIGADO HEPATOPROTETORES;AYEROBIN ARO;AROMA BEM ESTAR IND E COM DE PROD NATURAIS
R05C EXPECTORANTES;BECOLINA ARO;AROMA BEM ESTAR IND E COM DE PROD NATURAIS
N05B HIPNOTICOS SEDATIVOS;CALMAMENTE;AROMA BEM ESTAR IND E COM DE PROD NATURAIS
A11A POLIVITAMINICOS COM MINERAIS;CENTROMAIS ARO;AROMA BEM ESTAR IND E COM DE PROD NATURAIS
A12A CALCIO;CENTROMAIS ARO;AROMA BEM ESTAR IND E COM DE PROD NATURAIS
H04X OUTRAS HORMONIOS E PREPARACAO COM ACOES SIMILARES;CENTROMAIS ARO;AROMA BEM ESTAR IND E COM DE PROD NATURAIS
R05C EXPECTORANTES;CENTROMAIS ARO;AROMA BEM ESTAR IND E COM DE PROD NATURAIS
R05C EXPECTORANTES;ESPEKIM ARO;AROMA BEM ESTAR IND E COM DE PROD NATURAIS
R05C EXPECTORANTES;EXPECBEM ARO;AROMA BEM ESTAR IND E COM DE PROD NATURAIS
R05C EXPECTORANTES;GUAMAX MUNE;AROMA BEM ESTAR IND E COM DE PROD NATURAIS
H04X OUTRAS HORMONIOS E PREPARACAO COM ACOES SIMILARES;LIBERT;AROMA BEM ESTAR IND E COM DE PROD NATURAIS
R05C EXPECTORANTES;MAGEXPECTOR;AROMA BEM ESTAR IND E COM DE PROD NATURAIS
A12A CALCIO;MEGA CALCIO ARO;AROMA BEM ESTAR IND E COM DE PROD NATURAIS
C10B PREPARACOES ANTIATEROMA DE ORIGEM NATURAL;MUWIZ ARO;AROMA BEM ESTAR IND E COM DE PROD NATURAIS
R05C EXPECTORANTES;PROMUCO ARO;AROMA BEM ESTAR IND E COM DE PROD NATURAIS
R05C EXPECTORANTES;PULMOCETIL ARO;AROMA BEM ESTAR IND E COM DE PROD NATURAIS
M01A ANTI REUMATICOS SEM ESTEROIDES;SOMALIFE ARO;AROMA BEM ESTAR IND E COM DE PROD NATURAIS
R05C EXPECTORANTES;SOMALIFE ARO;AROMA BEM ESTAR IND E COM DE PROD NATURAIS
A12C OUTROS SUPLEMENTOS MINERAIS;ULTRACAPS;AROMA BEM ESTAR IND E COM DE PROD NATURAIS
A02A ANTIACIDOS ANTIFISETICOS;VIVA BEM ARO;AROMA BEM ESTAR IND E COM DE PROD NATURAIS
R05C EXPECTORANTES;VIVA BEM ARO;AROMA BEM ESTAR IND E COM DE PROD NATURAIS
R05C EXPECTORANTES;VIVARIS ARO;AROMA BEM ESTAR IND E COM DE PROD NATURAIS
M02A ANTIREUMATICOS TOPICOS COM ANALGESICOS;AROMY;AROMY BRASILE
A07G REPOSITORES ELECTROLITICOS ORAIS;ARREBITE;ARREBITE
R02A PREPARACOES PARA GARGANTA;APIS FRESH ART;ARTE NATIVA
R05B ANTIGRIPAIS C ANTIINFECCIOSOS;ARTE NATIVA;ARTE NATIVA
A01A ESTOMATOLOGICOS;ARTENATIVA ART;ARTE NATIVA
A06A DROGAS PARA A CONSTIPACAO;ARTENATIVA ART;ARTE NATIVA
D01A ANTIMICOTICOS DERMATOLOGICOS;CETOCONAZOL ART;ARTE NATIVA
R04A UNGUENTOS PERCUTANEOS E OUTROS INALANTES;NEORUB ART;ARTE NATIVA
A12A CALCIO;OSSOVIT ART;ARTE NATIVA
A07G REPOSITORES ELECTROLITICOS ORAIS;PEDHIDRAT ART;ARTE NATIVA
A12A CALCIO;PRO CALCIO ART;ARTE NATIVA
A12A CALCIO;PRO CALCIO D3 ART;ARTE NATIVA
R05C EXPECTORANTES;GRIPTOSS;AS ERVAS CURAM PHARMA
A05A PRODUTOS PARA DISTURBIOS DO TRATO BILIAR;ALCACHOFRA ASP;ASPEN
C02A ANTIHIPERTENSIVOS NAO HERBACEOS PUROS;ALDOMET ASP;ASPEN
C09C ANTAGONISTAS DE LA ANGIOTENSINA II PUROS;ALDOMET ASP;ASPEN
A02A ANTIACIDOS ANTIFISETICOS;ASPEN;ASPEN
A06A DROGAS PARA A CONSTIPACAO;ASPEN;ASPEN
N01B ANESTESICOS LOCAIS EXCLUINDO DERMATOLOGICOS;ASPHEN PHARMA;ASPEN
N05B HIPNOTICOS SEDATIVOS;CALMAN ASP;ASPEN
N07D PRODUTOS ANTI ALZHEIMER;CLOR DE MEMANTINA ASP;ASPEN
G03A CONTRACEPTIVOS HORMONAIS SISTEMICOS;DECA DURABOLIN ASP;ASPEN
A10S AGONISTAS GLP 1;DOBEVEN ASP;ASPEN
G03B ANDROGENOS E ASSOCIACOES EXCETO G3E G3F;DURATESTON ASP;ASPEN
N01B ANESTESICOS LOCAIS EXCLUINDO DERMATOLOGICOS;EMLA ASP;ASPEN
D07A CORTICOIDES TOPICOS PUROS;FLORINEFE ASP;ASPEN
H02A CORTICOSTEROIDES PUROS;FLORINEFE ASP;ASPEN
L04X OUTROS IMUNOSSUPRESORES;IMURAN ASP;ASPEN
M01A ANTI REUMATICOS SEM ESTEROIDES;INDOCID ASP;ASPEN
A10C INSULINAS HUMANAS E ANALOGAS;INSUNORM ASP;ASPEN
P03A ECTOPARASITICIDAS INCL ESCAB;KWELL ASP;ASPEN
A06A DROGAS PARA A CONSTIPACAO;LEITE MAG PHILLIPS ASP;ASPEN
L01A AGENTES ALQUILINIZANTES;LEUKERAN ASP;ASPEN
A02A ANTIACIDOS ANTIFISETICOS;MAGNESIA BISURADA ASP;ASPEN
A01A ESTOMATOLOGICOS;OMCILON ASP;ASPEN
A01A ESTOMATOLOGICOS;OMCILON-A ASP;ASPEN
A11C VITAMINA A D INCLUINDO ASSOCIACOES DAS DUAS;OSTEONUTRI ASP;ASPEN
A12A CALCIO;OSTEONUTRI ASP;ASPEN
A06A DROGAS PARA A CONSTIPACAO;PHILLIPS ASP;ASPEN
N05B HIPNOTICOS SEDATIVOS;PRAKALMAR APS;ASPEN
L01B ANTIMETABOLITOS;PURINETHOL ASP;ASPEN
G04C PRODUTOS PARA HIPERPLASIA PROSTATICA BENIGNA HPB;SIL HP ASP;ASPEN
G04D PRODUTOS PARA INCONTINENCIA URINARIA;SPASMEX ASP;ASPEN
N01B ANESTESICOS LOCAIS EXCLUINDO DERMATOLOGICOS;XYLOCAINA ASP;ASPEN
C05A ANTIHEMORROIDARIOS TOPICOS;XYLOPROCT ASP;ASPEN
C09C ANTAGONISTAS DE LA ANGIOTENSINA II PUROS;ZANIDIP ASP;ASPEN
M01A ANTI REUMATICOS SEM ESTEROIDES;ZYLORIC ASP;ASPEN
M04A ANTIGOTOSOS;ZYLORIC ASP;ASPEN
J01M RIFAMPICINA RIFAMICINA;AFLEVIL;ASSIFARMA
N02B NAO NARCOTICOS ANTIPIRETICOS;AFLEVIL AIR;ASSIFARMA
M02A ANTIREUMATICOS TOPICOS COM ANALGESICOS;ASSIFLORA;ASSIFARMA
R05A ANTIGRIPAIS EXCLUINDO ANTINFECCIOSOS;ASSIFLORA;ASSIFARMA
R05B ANTIGRIPAIS C ANTIINFECCIOSOS;ASSIFLORA;ASSIFARMA
A06A DROGAS PARA A CONSTIPACAO;BIOPRO ASS;ASSIFARMA
A07F MICROORGANISMOS ANTIDIARREICOS;BIOPRO FLORA;ASSIFARMA
A12C OUTROS SUPLEMENTOS MINERAIS;BORG ASS;ASSIFARMA
N05B HIPNOTICOS SEDATIVOS;CALMALEVHY VDO;ASSIFARMA
R05C EXPECTORANTES;CEITIL ASS;ASSIFARMA
A02A ANTIACIDOS ANTIFISETICOS;ENTOMAC INR;ASSIFARMA
A07F MICROORGANISMOS ANTIDIARREICOS;EPADOSE;ASSIFARMA
A02A ANTIACIDOS ANTIFISETICOS;FLATULON ASS;ASSIFARMA
C04A VASOTERAPIA CEREBRAL E PERIFERICA;GINKGO BILOBA;ASSIFARMA
A07G REPOSITORES ELECTROLITICOS ORAIS;HIDRACT NEXTER;ASSIFARMA
A09A DIGESTIVOS INCLUIDO ENZIMAS;LACLAZE;ASSIFARMA
A09A DIGESTIVOS INCLUIDO ENZIMAS;LACLAZE ASS;ASSIFARMA
R04A UNGUENTOS PERCUTANEOS E OUTROS INALANTES;MENTOLRUB;ASSIFARMA
A06A DROGAS PARA A CONSTIPACAO;NEXTER;ASSIFARMA
A06A DROGAS PARA A CONSTIPACAO;NEXTER ASS;ASSIFARMA
H04X OUTRAS HORMONIOS E PREPARACAO COM ACOES SIMILARES;PRODIZ;ASSIFARMA
A06A DROGAS PARA A CONSTIPACAO;REGULACTO ASS;ASSIFARMA
R01A PREPARACOES NASAIS TOPICAS;SONASAL ASS;ASSIFARMA
A06A DROGAS PARA A CONSTIPACAO;SUAVEMAG ASS;ASSIFARMA
R05C EXPECTORANTES;SUPRASPECTOR ASS;ASSIFARMA
M02A ANTIREUMATICOS TOPICOS COM ANALGESICOS;SVEDA ASS;ASSIFARMA
A06A DROGAS PARA A CONSTIPACAO;TRIANE;ASSIFARMA
N05B HIPNOTICOS SEDATIVOS;VALERIANA ASS;ASSIFARMA
L02B ANTAGONISTAS DE HORMONIOS CITOSTATICOS;ASTELLAS AST;ASTELLAS FARMA BRASIL
G04D PRODUTOS PARA INCONTINENCIA URINARIA;MYRBETRIC AST;ASTELLAS FARMA BRASIL
L04X OUTROS IMUNOSSUPRESORES;PROGRAF AST;ASTELLAS FARMA BRASIL
G04D PRODUTOS PARA INCONTINENCIA URINARIA;VESICARE AST;ASTELLAS FARMA BRASIL
G04C PRODUTOS PARA HIPERPLASIA PROSTATICA BENIGNA HPB;VESOMNI AST;ASTELLAS FARMA BRASIL
L02B ANTAGONISTAS DE HORMONIOS CITOSTATICOS;XTANDI AST;ASTELLAS FARMA BRASIL
M01A ANTI REUMATICOS SEM ESTEROIDES;ASTRAL;ASTRAL COM.E DISTRIB.
L02B ANTAGONISTAS DE HORMONIOS CITOSTATICOS;ARIMIDEX AZN;ASTRAZENECA
A02B ANTIULCEROSOS;ASTRAZENECA AZN;ASTRAZENECA
C09D ANTAGONISTAS DE LA ANGIOTENSINA II COMBINADOS;ATACAND;ASTRAZENECA
C09C ANTAGONISTAS DE LA ANGIOTENSINA II PUROS;ATACAND AZN;ASTRAZENECA
C09D ANTAGONISTAS DE LA ANGIOTENSINA II COMBINADOS;ATACAND AZN;ASTRAZENECA
R03L ANTICOLINERGICOS COM AGONISTAS B2;BREZTRI AZN;ASTRAZENECA
B01C INIBIDORES DA AGREGACAO PLAQUETARIA;BRILINTA AZN;ASTRAZENECA
L01H ANTINEOPLASICOS INIBIDORES DA PROTEINA QUINASE;CALQUENCE AZN;ASTRAZENECA
C10A PREPARADOS PARA REGULACAO COLESTEROL E TRIGLICERID;CRESTOR AZN;ASTRAZENECA
A10P INIBIDORES DE ANTIDIABETICOS DE SGLT2;DAPAGLIFLOZINA AZN;ASTRAZENECA
R03A AGONISTAS BETA 2;DAXAS AZN;ASTRAZENECA
R03H INIBIDORES DA PDE4 PARA ASMA E DPOC;DAXAS AZN;ASTRAZENECA
R03M ANTIASMATICOS INIBIDORES DAS INTERLEUCINAS;FASENRA AZN;ASTRAZENECA
A10P INIBIDORES DE ANTIDIABETICOS DE SGLT2;FORXIGA AZN;ASTRAZENECA
A10X OUTRAS DROGAS PARA DIABETES;FORXIGA AZN;ASTRAZENECA
L01G ANTICORPOS MONOCLONAIS ANTINEOPLASICOS;IMFINZI AZN;ASTRAZENECA
A10N INIBIDOR DPP IV;KOMBIGLYZE AZN;ASTRAZENECA
L01H ANTINEOPLASICOS INIBIDORES DA PROTEINA QUINASE;KOSELUGO AZN;ASTRAZENECA
A02B ANTIULCEROSOS;LOSEC AZN;ASTRAZENECA
D11A OUTRAS PREPARACOES DERMATOLOGICAS INCL XAMPUS MED;LYNPARZA AZN;ASTRAZENECA
A02B ANTIULCEROSOS;NEXIUM AZN;ASTRAZENECA
L02B ANTAGONISTAS DE HORMONIOS CITOSTATICOS;NOLVADEX AZN;ASTRAZENECA
A10N INIBIDOR DPP IV;ONGLYZA AZN;ASTRAZENECA
A10S AGONISTAS GLP 1;ONGLYZA AZN;ASTRAZENECA
R03D CORTICOIDES;PULMICORT AZN;ASTRAZENECA
A10P INIBIDORES DE ANTIDIABETICOS DE SGLT2;QTERN AZN;ASTRAZENECA
A10S AGONISTAS GLP 1;QTERN AZN;ASTRAZENECA
L04X OUTROS IMUNOSSUPRESORES;SAPHNELO AZN;ASTRAZENECA
C07A AGENTES BETA BLOQUEADORES PUROS;SELOKEN AZN;ASTRAZENECA
C07B ASSOCIACOES DE BETA BLOQUEADORES;SELOPRESS ZOK;ASTRAZENECA
C07A AGENTES BETA BLOQUEADORES PUROS;SELOZOK AZN;ASTRAZENECA
C08B ANTAGONISTAS DO CALCIO ASSOCIADOS;SELOZOK AZN;ASTRAZENECA
N05A ANTIPSICOTICOS;SEROQUEL AZN;ASTRAZENECA
R03F AGONISTAS BETA 2 E CORTICOIDES COMBINADO;SYMBICORT AZN;ASTRAZENECA
J06H IMUNO GLOBULINAS ESPECIFICAS ANTIVIROTICAS;SYNAGIS AZN;ASTRAZENECA
L01H ANTINEOPLASICOS INIBIDORES DA PROTEINA QUINASE;TAGRISSO AZN;ASTRAZENECA
R03F AGONISTAS BETA 2 E CORTICOIDES COMBINADO;VANNAIR AZN;ASTRAZENECA
A10P INIBIDORES DE ANTIDIABETICOS DE SGLT2;XIGDUO AZN;ASTRAZENECA
A10S AGONISTAS GLP 1;XIGDUO AZN;ASTRAZENECA
N01B ANESTESICOS LOCAIS EXCLUINDO DERMATOLOGICOS;XYLOCAINA AZN;ASTRAZENECA
L02A HORMONIOS CITOSTATICOS;ZOLADEX AZN;ASTRAZENECA
R05C EXPECTORANTES;ACETILCISTEINA ATV;ATIVDAY
A02A ANTIACIDOS ANTIFISETICOS;ATLHETICA NUTRITION;ATLHETICA NUTRITION
A12C OUTROS SUPLEMENTOS MINERAIS;ATLHETICA NUTRITION;ATLHETICA NUTRITION
K01A SOLUCOES ELETROLITICAS IGUAL MAIOR 100 ML;ATLHETICA NUTRITION;ATLHETICA NUTRITION
R05C EXPECTORANTES;ATLHETICA NUTRITION;ATLHETICA NUTRITION
N03A ANTICONVULSIVANTES;CANABIDIOL ARP;AURA PHARMA
N03A ANTICONVULSIVANTES;CANABIDIOL AUR;AURA PHARMA
N03A ANTICONVULSIVANTES;CANNABIS ARP;AURA PHARMA
R05C EXPECTORANTES;ACETILCISTEINA AUR;AURAQUIMICA
R02A PREPARACOES PARA GARGANTA;AURAQUIMICA;AURAQUIMICA
R05F OUTROS ANTITUSSIGENOS E ANTIGRIPAIS;AURAQUIMICA;AURAQUIMICA
A05B PRODUTOS PARA DOENCAS DO FIGADO HEPATOPROTETORES;FIGON;AURAQUIMICA
R05C EXPECTORANTES;FLUITEIL AUR;AURAQUIMICA
A02A ANTIACIDOS ANTIFISETICOS;SEBO DE CARNEIRO;AURAQUIMICA
M02A ANTIREUMATICOS TOPICOS COM ANALGESICOS;SEBO DE CARNEIRO;AURAQUIMICA
A12A CALCIO;FORT VITAN;AURAQUIMICA IND FARMACETICA LTDA
H04X OUTRAS HORMONIOS E PREPARACAO COM ACOES SIMILARES;VITTANOVA;AURAQUIMICA IND FARMACETICA LTDA
J01D CEFALOSPORINAS;CEFALEXINA AUR;AUROBINDO PHARMA DO BRASIL
J01G FLUOROQUINOLONAS;CEFEPIMA AUR;AUROBINDO PHARMA DO BRASIL
B01C INIBIDORES DA AGREGACAO PLAQUETARIA;CLOPIDOGREL AUR;AUROBINDO PHARMA DO BRASIL
A10J BIGUANIDA A DIABETICOS;CLOR DE METFORMINA AUR;AUROBINDO PHARMA DO BRASIL
G04C PRODUTOS PARA HIPERPLASIA PROSTATICA BENIGNA HPB;FINASTERIDA AUR;AUROBINDO PHARMA DO BRASIL
C02A ANTIHIPERTENSIVOS NAO HERBACEOS PUROS;MESILATO DE DOXAZOSINA AUR;AUROBINDO PHARMA DO BRASIL
J01G FLUOROQUINOLONAS;OXACILINA AUR;AUROBINDO PHARMA DO BRASIL
C10A PREPARADOS PARA REGULACAO COLESTEROL E TRIGLICERID;ROSUVASTATINA AUR;AUROBINDO PHARMA DO BRASIL
R02A PREPARACOES PARA GARGANTA;AFCALM AVR;AVERT
A03D ASSOCIACOES COM ANALGESICOS;AVERT AVR;AVERT
A11A POLIVITAMINICOS COM MINERAIS;AVERT AVR;AVERT
D11A OUTRAS PREPARACOES DERMATOLOGICAS INCL XAMPUS MED;AVVIO;AVVIO PHARMA
M02A ANTIREUMATICOS TOPICOS COM ANALGESICOS;AVVIO;AVVIO PHARMA
R04A UNGUENTOS PERCUTANEOS E OUTROS INALANTES;AVVIO;AVVIO PHARMA
M02A ANTIREUMATICOS TOPICOS COM ANALGESICOS;AVVIO AVV;AVVIO PHARMA
R05C EXPECTORANTES;AVVIO AVV;AVVIO PHARMA
D03A AGENTES CURATIVOS FERIDAS;BEPANDEX;AVVIO PHARMA
J01D CEFALOSPORINAS;KEFLEX BAG;BAGO
J01G FLUOROQUINOLONAS;KEFLEX BAG;BAGO
M01A ANTI REUMATICOS SEM ESTEROIDES;TARGUS BAG;BAGO
M02A ANTIREUMATICOS TOPICOS COM ANALGESICOS;TARGUS BAG;BAGO
A07X OUTROS PRODUTOS PARA DESORDENS INTESTINAIS;TIORFAN BAG;BAGO
N05C TRANQUILIZANTES;TRANQUINAL BAG;BAGO
J01C PENICILINAS DE AMPLO ESPECTRO;TRIFAMOX BAG;BAGO
C01B ANTIARRITMICOS;AMIOBAL BAL;BALDACCI
C05B TERAPIA VARICOSA TOPICA;CAPILAREMA BAL;BALDACCI
C05C TERAPIA VARICOSA SISTEMICA;CAPILAREMA BAL;BALDACCI
C01A GLICOSIDEOS CARDIACOS E ASSOCIACOES;DIGOBAL BAL;BALDACCI
C07A AGENTES BETA BLOQUEADORES PUROS;DIVELOL BAL;BALDACCI
A05B PRODUTOS PARA DOENCAS DO FIGADO HEPATOPROTETORES;METADOXIL BAL;BALDACCI
C01E NITRITOS E NITRATOS;MONOCORDIL BAL;BALDACCI
A12C OUTROS SUPLEMENTOS MINERAIS;PIDOMAG BAL;BALDACCI
C10A PREPARADOS PARA REGULACAO COLESTEROL E TRIGLICERID;SINVASCOR BAL;BALDACCI
A02B ANTIULCEROSOS;ZIPROL BAL;BALDACCI
R02A PREPARACOES PARA GARGANTA;BALDONI;BALDONI AGROINDUSTRIA LTDA
R05B ANTIGRIPAIS C ANTIINFECCIOSOS;BALDONI;BALDONI AGROINDUSTRIA LTDA
R02A PREPARACOES PARA GARGANTA;PROPOLIS VERDE;BALDONI AGROINDUSTRIA LTDA
M02A ANTIREUMATICOS TOPICOS COM ANALGESICOS;ABOVE;BASTON DO BRASIL PROD.QUIMICO
R05B ANTIGRIPAIS C ANTIINFECCIOSOS;ABOVE;BASTON DO BRASIL PROD.QUIMICO
S01K PRODUTOS PARA OLHO SECO;ARTELAC BAU;BAUSCH LOMB
S01E MIOTICOS E PRAPARADOS ANTIGLAUCOMA;ARULATAN BAU;BAUSCH LOMB
D05B PRODUTOS ANTIPSORIASE SISTEMICOS;BAUSCH LOMB;BAUSCH LOMB
D11A OUTRAS PREPARACOES DERMATOLOGICAS INCL XAMPUS MED;BAUSCH LOMB;BAUSCH LOMB
S01X OUTROS OFTALMOLOGICOS;EPITEGEL BAU;BAUSCH LOMB
D11A OUTRAS PREPARACOES DERMATOLOGICAS INCL XAMPUS MED;GLYQUIN BAU;BAUSCH LOMB
D10B PREPARACOES ANTIACNE ORAIS;ISOTRETINOINA BAU;BAUSCH LOMB
S01K PRODUTOS PARA OLHO SECO;LIPOSIC BAU;BAUSCH LOMB
S01B CORTICOIDES;LOTEPROL BAU;BAUSCH LOMB
D11A OUTRAS PREPARACOES DERMATOLOGICAS INCL XAMPUS MED;OXIPELLE BAU;BAUSCH LOMB
S02A ANTINFECCIOSOS OTOLOGICOS;RENU BAU;BAUSCH LOMB
S02A ANTINFECCIOSOS OTOLOGICOS;RENU PLUS;BAUSCH LOMB
D11A OUTRAS PREPARACOES DERMATOLOGICAS INCL XAMPUS MED;SKIMATIX BAU;BAUSCH LOMB
S01K PRODUTOS PARA OLHO SECO;VIDISIC BAU;BAUSCH LOMB
S01E MIOTICOS E PRAPARADOS ANTIGLAUCOMA;VYZULTA BAU;BAUSCH LOMB
S01C COMBINACOES DE ANTI INFLAMATORIOS OFTALMICOS E ANT;ZYLET BAU;BAUSCH LOMB
L01A AGENTES ALQUILINIZANTES;GENUXAL BAX;BAXTER
C06B PRODUTOS PARA HIPERTENSAO ARTERIAL PULMONAR;ADEMPAS BAY;BAYER
D07A CORTICOIDES TOPICOS PUROS;ADVANTAN BAY;BAYER
G03D PROGESTOGENOS E ASSOCIACOES EXCLUINDO G3A G3F;ALLURENE BAY;BAYER
G03A CONTRACEPTIVOS HORMONAIS SISTEMICOS;ANDROCUR BAY;BAYER
J01G FLUOROQUINOLONAS;ANDROCUR BAY;BAYER
L02B ANTAGONISTAS DE HORMONIOS CITOSTATICOS;ANDROCUR BAY;BAYER
G03F ASSOCIACOES DE ESTROGENOS E PROGESTOGENOS EXCETO G;ANGELIQ BAY;BAYER
N02A ANALGESICOS NARCOTICOS;ASPDIP BAY;BAYER
B01C INIBIDORES DA AGREGACAO PLAQUETARIA;ASPIRINA BAY;BAYER
N02B NAO NARCOTICOS ANTIPIRETICOS;ASPIRINA BAY;BAYER
N02B NAO NARCOTICOS ANTIPIRETICOS;ASPMOL BAY;BAYER
J01G FLUOROQUINOLONAS;AVALOX BAY;BAYER
J01G FLUOROQUINOLONAS;AZELAN BAY;BAYER
D07B ASSOCIACOES DE CORTICOIDES;BAYCUTEN BAY;BAYER
D11A OUTRAS PREPARACOES DERMATOLOGICAS INCL XAMPUS MED;BAYER BAY;BAYER
G03A CONTRACEPTIVOS HORMONAIS SISTEMICOS;BAYER BAY;BAYER
N02B NAO NARCOTICOS ANTIPIRETICOS;BAYER BAY;BAYER
N02A ANALGESICOS NARCOTICOS;CAFIASPIRINA BAY;BAYER
N02B NAO NARCOTICOS ANTIPIRETICOS;CAFIASPIRINA BAY;BAYER
D01A ANTIMICOTICOS DERMATOLOGICOS;CANESTEN BAY;BAYER
G01B ANTIMICOTICOS GINECOLOGICOS;CANESTEN BAY;BAYER
G03A CONTRACEPTIVOS HORMONAIS SISTEMICOS;CICLOPRIMOGYNA BAY;BAYER
G03F ASSOCIACOES DE ESTROGENOS E PROGESTOGENOS EXCETO G;CICLOPRIMOGYNA BAY;BAYER
J01G FLUOROQUINOLONAS;CIPRO BAY;BAYER
R06A ANTIHISTAMINICOS SISTEMICOS;CLARITIN BAY;BAYER
G03A CONTRACEPTIVOS HORMONAIS SISTEMICOS;CLIMENE BAY;BAYER
D10B PREPARACOES ANTIACNE ORAIS;DIANE BAY;BAYER
P01B ANTIHELMINTICOS EXCETO OS ESQUISTOSOMICIDAS;DRONTAL BAY;BAYER
D11A OUTRAS PREPARACOES DERMATOLOGICAS INCL XAMPUS MED;EYLIA BAY;BAYER
C03A DIURETICOS;FIRIALTA BAY;BAYER
M01A ANTI REUMATICOS SEM ESTEROIDES;FLANAX BAY;BAYER
G01B ANTIMICOTICOS GINECOLOGICOS;GINO CANESTEN BAY;BAYER
J01G FLUOROQUINOLONAS;GINO CANESTEN BAY;BAYER
G01B ANTIMICOTICOS GINECOLOGICOS;GINOCANESTEN BAY;BAYER
G01B ANTIMICOTICOS GINECOLOGICOS;GYNO ICADEN BAY;BAYER
G03A CONTRACEPTIVOS HORMONAIS SISTEMICOS;KYLEENA BAY;BAYER
G04E PRODUTOS PARA DISFUNCAO ERETIL;LEVITRA BAY;BAYER
G03A CONTRACEPTIVOS HORMONAIS SISTEMICOS;MESIGYMA BAY;BAYER
G03A CONTRACEPTIVOS HORMONAIS SISTEMICOS;MESIGYNA BAY;BAYER
G03A CONTRACEPTIVOS HORMONAIS SISTEMICOS;MICROVLAR BAY;BAYER
G03A CONTRACEPTIVOS HORMONAIS SISTEMICOS;MIRENA BAY;BAYER
G03A CONTRACEPTIVOS HORMONAIS SISTEMICOS;NEBIDO BAY;BAYER
G03B ANDROGENOS E ASSOCIACOES EXCETO G3E G3F;NEBIDO BAY;BAYER
G03A CONTRACEPTIVOS HORMONAIS SISTEMICOS;NEOVLAR BAY;BAYER
L01H ANTINEOPLASICOS INIBIDORES DA PROTEINA QUINASE;NEXAVAR BAY;BAYER
L02B ANTAGONISTAS DE HORMONIOS CITOSTATICOS;NUBEQA BAY;BAYER
G03C ESTROGENOS E ASSOCIACOES EXCETO G03A G03E G03F;PRIMOGYNA BAY;BAYER
G03A CONTRACEPTIVOS HORMONAIS SISTEMICOS;PRIMOSISTON BAY;BAYER
G03F ASSOCIACOES DE ESTROGENOS E PROGESTOGENOS EXCETO G;PRIMOSISTON BAY;BAYER
G03A CONTRACEPTIVOS HORMONAIS SISTEMICOS;QLAIRA BAY;BAYER
L01H ANTINEOPLASICOS INIBIDORES DA PROTEINA QUINASE;STIVARGA BAY;BAYER
G03A CONTRACEPTIVOS HORMONAIS SISTEMICOS;TRIQUILAR BAY;BAYER
C05A ANTIHEMORROIDARIOS TOPICOS;ULTRAPROCT BAY;BAYER
B01A ANTICOAGULANTES NAO INJETAVEIS;XARELTO BAY;BAYER
B01F INIBIDOR DIRETO DO FATOR XA;XARELTO BAY;BAYER
G03A CONTRACEPTIVOS HORMONAIS SISTEMICOS;YASMIN BAY;BAYER
G03A CONTRACEPTIVOS HORMONAIS SISTEMICOS;YAZ BAY;BAYER
A12C OUTROS SUPLEMENTOS MINERAIS;BEAUTY DRINK;BEAUTY IN CIA
A07G REPOSITORES ELECTROLITICOS ORAIS;BR BOOM;BEBIDAS GRASSI
A10C INSULINAS HUMANAS E ANALOGAS;ULTRA FINE;BECTON DICKINSON
A10S AGONISTAS GLP 1;ULTRA FINE;BECTON DICKINSON
N03A ANTICONVULSIVANTES;CANABIDIOL BEL;BELCHER
R02A PREPARACOES PARA GARGANTA;BELEM JARDIM BLJ;BELEM JARDIM
M02A ANTIREUMATICOS TOPICOS COM ANALGESICOS;BELEZA DA AMAZONIA;BELEZA DA AMAZONIA COSMETICOS
D06D PRODUTOS PARA INFECOES VIRAIS;ACICLOFAR BEL;BELFAR
D06A ANTIBACTERIANOS TOPICOS;BACINA BEL;BELFAR
J01E ASSOCIACOES DE TRIMETOPRIM E SIMILARES;BELFACTRIM OLV;BELFAR
M01A ANTI REUMATICOS SEM ESTEROIDES;BELFAREN BEL;BELFAR
M02A ANTIREUMATICOS TOPICOS COM ANALGESICOS;BELFAREN BEL;BELFAR
P01B ANTIHELMINTICOS EXCETO OS ESQUISTOSOMICIDAS;BELMIRAX BEL;BELFAR
A03D ASSOCIACOES COM ANALGESICOS;BELSPAN BEL;BELFAR
P01A AMEBICIDAS;BELZOILMETRONIDAZOL BEL;BELFAR
D01A ANTIMICOTICOS DERMATOLOGICOS;BETACORTAZOL BEL;BELFAR
A05A PRODUTOS PARA DISTURBIOS DO TRATO BILIAR;BOLDO BEL;BELFAR
C09A INIBIDORES ACE PUROS;CAPTOPRIL BEL;BELFAR
C05C TERAPIA VARICOSA SISTEMICA;CASTANHA DA INDIA BEL;BELFAR
C05C TERAPIA VARICOSA SISTEMICA;CASTANHA DA INDIA EC ARC;BELFAR
D01A ANTIMICOTICOS DERMATOLOGICOS;CETOCONAZOL BEL;BELFAR
D01A ANTIMICOTICOS DERMATOLOGICOS;CETOCONAZOL BETAMETASONA NEOMICINA BEL;BELFAR
R05C EXPECTORANTES;CLOR DE AMBROXOL BEL;BELFAR
A03F GASTROPROCINETICOS;CLOR DE METOCLOPRAMIDA BEL;BELFAR
D01A ANTIMICOTICOS DERMATOLOGICOS;CLOTRIMAZOL BEL;BELFAR
D01A ANTIMICOTICOS DERMATOLOGICOS;COLPADAK BEL;BELFAR
D11A OUTRAS PREPARACOES DERMATOLOGICAS INCL XAMPUS MED;COLPADAK BEL;BELFAR
G01B ANTIMICOTICOS GINECOLOGICOS;COLPADAK BEL;BELFAR
P03A ECTOPARASITICIDAS INCL ESCAB;DEL-LEND;BELFAR
P03A ECTOPARASITICIDAS INCL ESCAB;DELTAPIL BEL;BELFAR
D10A PREPARACOES ANTIACNE TOPICOS;DERMOLIMP BEL;BELFAR
D01A ANTIMICOTICOS DERMATOLOGICOS;DERMOTRIZOL BEL;BELFAR
H02A CORTICOSTEROIDES PUROS;DEXAGLOS BEL;BELFAR
M01A ANTI REUMATICOS SEM ESTEROIDES;DICLOFENACO BEL;BELFAR
N02B NAO NARCOTICOS ANTIPIRETICOS;DIPIGINA BEL;BELFAR
N02B NAO NARCOTICOS ANTIPIRETICOS;DIPIRONA OLV;BELFAR
R01B DESCONGESTIONANTES NASAIS SISTEMICOS;DRENOGRIP BEL;BELFAR
C09A INIBIDORES ACE PUROS;ENALAPRIL BEL;BELFAR
G01A TRICOMONICIDAS;FLAGIMAX BEL;BELFAR
A02A ANTIACIDOS ANTIFISETICOS;FLATICONA BEL;BELFAR
J02A AGENTES ANTIMICOTICOS SISTEMICOS EXCLUINDO GRISEOF;FLUCOL BEL;BELFAR
R05C EXPECTORANTES;FLUIDELAN BEL;BELFAR
C03A DIURETICOS;FUROMIDA BEL;BELFAR
R02A PREPARACOES PARA GARGANTA;GARGOJUICE BEL;BELFAR
A02A ANTIACIDOS ANTIFISETICOS;GASTROINTESTIN BEL;BELFAR
M02A ANTIREUMATICOS TOPICOS COM ANALGESICOS;GELMINEX BEL;BELFAR
A06A DROGAS PARA A CONSTIPACAO;GLICERILAX BEL;BELFAR
R05C EXPECTORANTES;GUACO BEL;BELFAR
C05A ANTIHEMORROIDARIOS TOPICOS;HEMOPROCT BEL;BELFAR
A07G REPOSITORES ELECTROLITICOS ORAIS;HIDROTEN BEL;BELFAR
A02X OUTROS PRODUTOS PARA DESORDENS DO ESTOMAGO;IEROBINA BEL;BELFAR
D11A OUTRAS PREPARACOES DERMATOLOGICAS INCL XAMPUS MED;KALICID BEL;BELFAR
A06A DROGAS PARA A CONSTIPACAO;LACTULOSE BEL;BELFAR
A06A DROGAS PARA A CONSTIPACAO;LEITE DE MAGNESIA BEL;BELFAR
P01B ANTIHELMINTICOS EXCETO OS ESQUISTOSOMICIDAS;MEBENDAZOL BEL;BELFAR
A03F GASTROPROCINETICOS;METOCLOPRAMIDA BEL;BELFAR
G01A TRICOMONICIDAS;METRONIDAZOL BEL;BELFAR
D01A ANTIMICOTICOS DERMATOLOGICOS;MICONAZOL BEL;BELFAR
G01B ANTIMICOTICOS GINECOLOGICOS;MICONAZOL BEL;BELFAR
D01A ANTIMICOTICOS DERMATOLOGICOS;MICOSBEL BEL;BELFAR
P01B ANTIHELMINTICOS EXCETO OS ESQUISTOSOMICIDAS;MICOSBEL BEL;BELFAR
R01A PREPARACOES NASAIS TOPICAS;NAFAZOLINA BEL;BELFAR
R01A PREPARACOES NASAIS TOPICAS;NASOFAR BEL;BELFAR
R03A AGONISTAS BETA 2;NEUTOSS BEL;BELFAR
R05C EXPECTORANTES;NEUTOSS BEL;BELFAR
J01G FLUOROQUINOLONAS;NORFLOXACINO BEL;BELFAR
A06A DROGAS PARA A CONSTIPACAO;OLEO MINERAL BEL;BELFAR
A02B ANTIULCEROSOS;OMOPREL BEL;BELFAR
D07B ASSOCIACOES DE CORTICOIDES;ONCIPEL BEL;BELFAR
N02B NAO NARCOTICOS ANTIPIRETICOS;PARACETAMOL BEL;BELFAR
N02B NAO NARCOTICOS ANTIPIRETICOS;PARAMOL BEL;BELFAR
D11A OUTRAS PREPARACOES DERMATOLOGICAS INCL XAMPUS MED;PASTA DAGUA BEL;BELFAR
P03A ECTOPARASITICIDAS INCL ESCAB;PERMETRINA BEL;BELFAR
P03A ECTOPARASITICIDAS INCL ESCAB;PIOSAN BEL;BELFAR
A03F GASTROPROCINETICOS;PLABEL BEL;BELFAR
D06A ANTIBACTERIANOS TOPICOS;POMICINA BEL;BELFAR
D04A ANTIPRURIGINOSOS,INCLUSIVE ANTIHISTAMINICOS ANESTE;PROMERGAN BEL;BELFAR
D04A ANTIPRURIGINOSOS,INCLUSIVE ANTIHISTAMINICOS ANESTE;PROMETAZINA BEL;BELFAR
D07B ASSOCIACOES DE CORTICOIDES;QUADRIBETA BEL;BELFAR
C09A INIBIDORES ACE PUROS;RENOPRIL BEL;BELFAR
A11C VITAMINA A D INCLUINDO ASSOCIACOES DAS DUAS;ROCALTROL BEL;BELFAR
M05B REGULADORES DO CALCIO OSSEO;ROCALTROL BEL;BELFAR
P03A ECTOPARASITICIDAS INCL ESCAB;SARNERICO BEL;BELFAR
A02A ANTIACIDOS ANTIFISETICOS;SIMETICONA BEL;BELFAR
D06A ANTIBACTERIANOS TOPICOS;SUL DE NEOMICINA BACITRACINA BEL;BELFAR
D07B ASSOCIACOES DE CORTICOIDES;SUL DE NEOMICINA BACITRACINA BEL;BELFAR
J01E ASSOCIACOES DE TRIMETOPRIM E SIMILARES;SULFAMETOXAZOL BEL;BELFAR
M03B RELAXANTES MUSCULARES ACAO CENTRAL;TANDROTAMOL BEL;BELFAR
J01F MACROLIDEOS E SIMILARES;TROMIZIR BEL;BELFAR
J01G FLUOROQUINOLONAS;UROTROBEL BEL;BELFAR
N05C TRANQUILIZANTES;VALIUM BEL;BELFAR
M02A ANTIREUMATICOS TOPICOS COM ANALGESICOS;BELKIT;BELKIT
M02A ANTIREUMATICOS TOPICOS COM ANALGESICOS;BELL CORPUS;BELL CORPUS
M02A ANTIREUMATICOS TOPICOS COM ANALGESICOS;BELLCORPUS BEC;BELL CORPUS
D08A ANTISSEPTICOS E DESINFETANTES EXCL CURATIVOS MEDIC;BELLAPHYTUS BEP;BELLAPHYTUS COSMETICOS
M02A ANTIREUMATICOS TOPICOS COM ANALGESICOS;BELLAPHYTUS BEP;BELLAPHYTUS COSMETICOS
D03A AGENTES CURATIVOS FERIDAS;DEXPANTENOL BEP;BELLAPHYTUS COSMETICOS
D03A AGENTES CURATIVOS FERIDAS;QUEIMADOL BEP;BELLAPHYTUS COSMETICOS
D10A PREPARACOES ANTIACNE TOPICOS;RICCA;BELLIZ COMPANY
A07G REPOSITORES ELECTROLITICOS ORAIS;BEM NUTRIR;BEM NUTRIR
B02B ANTAGONISTAS ANTIDOTOS PARA ANTICOAGULANTES;BEM NUTRIR;BEM NUTRIR
H04X OUTRAS HORMONIOS E PREPARACAO COM ACOES SIMILARES;BEM NUTRIR;BEM NUTRIR
A12C OUTROS SUPLEMENTOS MINERAIS;COLLASKIN;BENNE FARMACEUTICA
H04D HORMONIOS ANTIDIURETICOS;ACET DE DESMOPRESSINA BER;BERGAMO
L02B ANTAGONISTAS DE HORMONIOS CITOSTATICOS;ACETATO DE CIPROTERONA BER;BERGAMO
D11A OUTRAS PREPARACOES DERMATOLOGICAS INCL XAMPUS MED;ALFAESTRADIOL BER;BERGAMO
L02A HORMONIOS CITOSTATICOS;FEMIGESTROL BER;BERGAMO
H04C HORMONIOS DO CRESCIMENTO;HORMOTROP BER;BERGAMO
G02F HORMONIOS SEXUAIS TOPICOS;ANDROGEL BES;BESINS HEALTHCARE
G03B ANDROGENOS E ASSOCIACOES EXCETO G3E G3F;ANDROGEL BES;BESINS HEALTHCARE
G03D PROGESTOGENOS E ASSOCIACOES EXCLUINDO G3A G3F;BESINS HEALTHCARE;BESINS HEALTHCARE
G03G GONADOTROFINAS E OUTROS ESTIMULANTES DA OVULACAO;FOSTIMON BES;BESINS HEALTHCARE
D11A OUTRAS PREPARACOES DERMATOLOGICAS INCL XAMPUS MED;INVERSION BES;BESINS HEALTHCARE
G03G GONADOTROFINAS E OUTROS ESTIMULANTES DA OVULACAO;MERIONAL BEN;BESINS HEALTHCARE
G03G GONADOTROFINAS E OUTROS ESTIMULANTES DA OVULACAO;MERIONAL BES;BESINS HEALTHCARE
G03C ESTROGENOS E ASSOCIACOES EXCETO G03A G03E G03F;OESTROGEL BES;BESINS HEALTHCARE
A11A POLIVITAMINICOS COM MINERAIS;OGESTAN BES;BESINS HEALTHCARE
G03D PROGESTOGENOS E ASSOCIACOES EXCLUINDO G3A G3F;UTROGESTAN BES;BESINS HEALTHCARE
G02F HORMONIOS SEXUAIS TOPICOS;VAGIFEM BES;BESINS HEALTHCARE
R05C EXPECTORANTES;BIO ERVAS;BIO ERVAS ALIMENTOS
D02A EMOLIENTES E PROTETORES;HELIOMAX BEA;BIO ERVAS ALIMENTOS
M02A ANTIREUMATICOS TOPICOS COM ANALGESICOS;BIO INOVE;BIO INOVE
M02A ANTIREUMATICOS TOPICOS COM ANALGESICOS;AVANTE;BIO INSTINTO
M02A ANTIREUMATICOS TOPICOS COM ANALGESICOS;BIO INSTINTO;BIO INSTINTO
M02A ANTIREUMATICOS TOPICOS COM ANALGESICOS;BIOINSTINTO BIN;BIO INSTINTO
M02A ANTIREUMATICOS TOPICOS COM ANALGESICOS;CANELA DE VELHO;BIO INSTINTO
M02A ANTIREUMATICOS TOPICOS COM ANALGESICOS;CANELADEVELHO BIN;BIO INSTINTO
R05B ANTIGRIPAIS C ANTIINFECCIOSOS;COPAIBA BIN;BIO INSTINTO
M02A ANTIREUMATICOS TOPICOS COM ANALGESICOS;FISIO FORT BIN;BIO INSTINTO
M03B RELAXANTES MUSCULARES ACAO CENTRAL;FISIO FORT BIN;BIO INSTINTO
M02A ANTIREUMATICOS TOPICOS COM ANALGESICOS;FISIOFORT BIN;BIO INSTINTO
M02A ANTIREUMATICOS TOPICOS COM ANALGESICOS;FLORA KIT BIN;BIO INSTINTO
M02A ANTIREUMATICOS TOPICOS COM ANALGESICOS;FLORAKIT BIN;BIO INSTINTO
M02A ANTIREUMATICOS TOPICOS COM ANALGESICOS;MARY LIFE BIN;BIO INSTINTO
G04E PRODUTOS PARA DISFUNCAO ERETIL;BIO MULTYFLORA;BIO MULTYFLORA
R05C EXPECTORANTES;BIO MULTYFLORA;BIO MULTYFLORA
A12C OUTROS SUPLEMENTOS MINERAIS;BIOBALANCE;BIOBALANCE
A12C OUTROS SUPLEMENTOS MINERAIS;CURCUFLEX;BIOBALANCE
A10C INSULINAS HUMANAS E ANALOGAS;GLARGILIN BBF;BIOBRAS FARMA
A10S AGONISTAS GLP 1;GLARGILIN BBF;BIOBRAS FARMA
M02A ANTIREUMATICOS TOPICOS COM ANALGESICOS;ARNICA BIC;BIOCAP IND.COSMETICOS
N03A ANTICONVULSIVANTES;CARBAMAZEPINA BCH;BIOCHIMICO
N06A A DEPRESSIVOS E REGUL DE HUMOR;CARBONATO DE LITIO BCH;BIOCHIMICO
N06A A DEPRESSIVOS E REGUL DE HUMOR;CLOR DE AMITRIPTILINA BCH;BIOCHIMICO
N07D PRODUTOS ANTI ALZHEIMER;CLOR DE DORZOLAMIDA BCH;BIOCHIMICO
N02A ANALGESICOS NARCOTICOS;FOSF DE CODEINA BCH;BIOCHIMICO
N05A ANTIPSICOTICOS;HEMIFUMARATO DE QUETIAPINA BCH;BIOCHIMICO
N03A ANTICONVULSIVANTES;LAMOTRIGINA BCH;BIOCHIMICO
D06A ANTIBACTERIANOS TOPICOS;MUPIROCINA BCH;BIOCHIMICO
N05A ANTIPSICOTICOS;OLANZAPINA BCH;BIOCHIMICO
N05A ANTIPSICOTICOS;RISPERIDONA BCH;BIOCHIMICO
N07D PRODUTOS ANTI ALZHEIMER;RIVASTIGMINA BCH;BIOCHIMICO
N02A ANALGESICOS NARCOTICOS;TRAMADOL BCH;BIOCHIMICO
D11A OUTRAS PREPARACOES DERMATOLOGICAS INCL XAMPUS MED;CAPICILIN;BIOCILIM IND.DE COSM.
M02A ANTIREUMATICOS TOPICOS COM ANALGESICOS;RAAVI;BIOCLEAN
A12A CALCIO;BIOCALCIO BFT;BIOFHITUS
A07G REPOSITORES ELECTROLITICOS ORAIS;BIOFHITUS;BIOFHITUS
A07G REPOSITORES ELECTROLITICOS ORAIS;BIOFHITUS BFT;BIOFHITUS
A16A OUTROS PRODUTOS PARA O APARELHO DIGESTIVO E METAB;BIOFHITUS BFT;BIOFHITUS
N05B HIPNOTICOS SEDATIVOS;BIOFHITUS BFT;BIOFHITUS
N06E NEUROTONICOS E OUTROS;BIOFHITUS BFT;BIOFHITUS
B03X OUTROS ANTIANEMICOS INCLUINDO ACIDO FOLICO E FOLIN;CENTROVITAL;BIOFHITUS
A12C OUTROS SUPLEMENTOS MINERAIS;EXPEBIO;BIOFHITUS
A16A OUTROS PRODUTOS PARA O APARELHO DIGESTIVO E METAB;FIGEST BFT;BIOFHITUS
R05C EXPECTORANTES;FLUITOSS BFT;BIOFHITUS
A07G REPOSITORES ELECTROLITICOS ORAIS;HIDRADOSE BFT;BIOFHITUS
R05C EXPECTORANTES;MELTOSS BFT;BIOFITHUS
N07X TODAS OUTRAS DROGAS PARA SNC;FAMPYRA;BIOGEN
N07A PRODUTOS PARA A ESCLEROSE MULTIPLA;TECFIDERA;BIOGEN
N07A PRODUTOS PARA A ESCLEROSE MULTIPLA;TYSABRI BIG;BIOGEN
J01D CEFALOSPORINAS;BIOGENESIS;BIOGENESIS BAGO
P01B ANTIHELMINTICOS EXCETO OS ESQUISTOSOMICIDAS;BIOGENESIS;BIOGENESIS BAGO
C07A AGENTES BETA BLOQUEADORES PUROS;ABLOK BIO;BIOLAB
C07B ASSOCIACOES DE BETA BLOQUEADORES;ABLOK BIO;BIOLAB
C07B ASSOCIACOES DE BETA BLOQUEADORES;ABLOK PLUS BIO;BIOLAB
A05A PRODUTOS PARA DISTURBIOS DO TRATO BILIAR;ACIDO URSODESOXICOLICO BIO;BIOLAB
A01A ESTOMATOLOGICOS;AD MUC BIO;BIOLAB
A01A ESTOMATOLOGICOS;ADMUC BIO;BIOLAB
A01A ESTOMATOLOGICOS;AFFER BIO;BIOLAB
N02A ANALGESICOS NARCOTICOS;AGUD BIO;BIOLAB
D11A OUTRAS PREPARACOES DERMATOLOGICAS INCL XAMPUS MED;ALFAESTRADIOL BIO;BIOLAB
A10S AGONISTAS GLP 1;ALOZEX BIO;BIOLAB
C09C ANTAGONISTAS DE LA ANGIOTENSINA II PUROS;ARADOIS BIO;BIOLAB
C09D ANTAGONISTAS DE LA ANGIOTENSINA II COMBINADOS;ARADOIS BIO;BIOLAB
M01A ANTI REUMATICOS SEM ESTEROIDES;ARTRINID BIO;BIOLAB
C07A AGENTES BETA BLOQUEADORES PUROS;ATENOLOL BIO;BIOLAB
A11F VITAMINAS B12 PURA;ATIVB BIO;BIOLAB
A07F MICROORGANISMOS ANTIDIARREICOS;BENEFLORA BIO;BIOLAB
C08A ANTAGONISTAS DO CALCIO PUROS;BESILATO DE LEVANLODIPINO BIO;BIOLAB
C09A INIBIDORES ACE PUROS;BHENA BIO;BIOLAB
N06A A DEPRESSIVOS E REGUL DE HUMOR;BILYT BIO;BIOLAB
A10P INIBIDORES DE ANTIDIABETICOS DE SGLT2;BIOLAB;BIOLAB
C09C ANTAGONISTAS DE LA ANGIOTENSINA II PUROS;BIOLME BIO;BIOLAB
C07A AGENTES BETA BLOQUEADORES PUROS;BIVOLET BIO;BIOLAB
C06B PRODUTOS PARA HIPERTENSAO ARTERIAL PULMONAR;BOSENTANA BIO;BIOLAB
N07D PRODUTOS ANTI ALZHEIMER;BROMIDRATO DE GALANTAMINA BIO;BIOLAB
R05C EXPECTORANTES;BRONCOFENIL BIO;BIOLAB
N03A ANTICONVULSIVANTES;CANABIDIOL BIO;BIOLAB
N06A A DEPRESSIVOS E REGUL DE HUMOR;CARBONATO DE LITIO BIO;BIOLAB
C07A AGENTES BETA BLOQUEADORES PUROS;CARVEDILOL BIO;BIOLAB
C10A PREPARADOS PARA REGULACAO COLESTEROL E TRIGLICERID;CIPROFIBRATO BIO;BIOLAB
N06A A DEPRESSIVOS E REGUL DE HUMOR;CITALOPRAM BIO;BIOLAB
B01C INIBIDORES DA AGREGACAO PLAQUETARIA;CLOPIDOGREL BIO;BIOLAB
J01G FLUOROQUINOLONAS;CLOR DE CIPROFLOXACINO BIO;BIOLAB
N07D PRODUTOS ANTI ALZHEIMER;CLOR DE DORZOLAMIDA BIO;BIOLAB
N07D PRODUTOS ANTI ALZHEIMER;CLOR DE MEMANTINA BIO;BIOLAB
C07A AGENTES BETA BLOQUEADORES PUROS;CLOR DE NEBIVOLOL BIO;BIOLAB
A04A ANTIEMETICOS E ANTINAUSEOSOS;CLOR DE ONDANSETRONA BIO;BIOLAB
A10K GLITAZONA A DIABETICOS;CLOR DE PIOGLITAZONA BIO;BIOLAB
G04C PRODUTOS PARA HIPERPLASIA PROSTATICA BENIGNA HPB;CLOR DE TANSULOSINA BIO;BIOLAB
B01C INIBIDORES DA AGREGACAO PLAQUETARIA;CLOR DE TICLOPIDINA BIO;BIOLAB
C01X OUTRAS PREPARACOES CARDIACAS;COEDEZ BIO;BIOLAB
N07D PRODUTOS ANTI ALZHEIMER;COGIT BIO;BIOLAB
D11A OUTRAS PREPARACOES DERMATOLOGICAS INCL XAMPUS MED;CONTRACTUBEX BIO;BIOLAB
M01A ANTI REUMATICOS SEM ESTEROIDES;CONTRACTUBEX BIO;BIOLAB
C08A ANTAGONISTAS DO CALCIO PUROS;COR SELECT BIO;BIOLAB
C07A AGENTES BETA BLOQUEADORES PUROS;CRONOCOR BIO;BIOLAB
B01F INIBIDOR DIRETO DO FATOR XA;DACXI BIO;BIOLAB
A11F VITAMINAS B12 PURA;DEFB BIO;BIOLAB
A11C VITAMINA A D INCLUINDO ASSOCIACOES DAS DUAS;DEGEN BIO;BIOLAB
G03A CONTRACEPTIVOS HORMONAIS SISTEMICOS;DEPOMES BIO;BIOLAB
C05C TERAPIA VARICOSA SISTEMICA;DIOEH BIO;BIOLAB
A12C OUTROS SUPLEMENTOS MINERAIS;DISFOR BIO;BIOLAB
A12C OUTROS SUPLEMENTOS MINERAIS;DISFORARTRO BIO;BIOLAB
A10K GLITAZONA A DIABETICOS;DOBLE BIO;BIOLAB
B02B ANTAGONISTAS ANTIDOTOS PARA ANTICOAGULANTES;DOISKA BIO;BIOLAB
C07A AGENTES BETA BLOQUEADORES PUROS;DOZOITO BIO;BIOLAB
D07B ASSOCIACOES DE CORTICOIDES;DRENIFORMIO BIO;BIOLAB
D07A CORTICOIDES TOPICOS PUROS;DRENISON BIO;BIOLAB
D07B ASSOCIACOES DE CORTICOIDES;DRENISON BIO;BIOLAB
R06A ANTIHISTAMINICOS SISTEMICOS;DRENISON BIO;BIOLAB
B01C INIBIDORES DA AGREGACAO PLAQUETARIA;ECASIL BIO;BIOLAB
D05X OUTROS PRODUTOS N/CORTICOIDES P DISTURB INFLAM;ELIDEL BIO;BIOLAB
G04A ANTISSEPTICOS E ANTINFECCIOSOS URINARIOS;ELLURA BIO;BIOLAB
B01F INIBIDOR DIRETO DO FATOR XA;EMBO BIO;BIOLAB
N02D PROD GABAPENTINOIDES;EMPAK BIO;BIOLAB
C09A INIBIDORES ACE PUROS;ENALAPRIL BIO;BIOLAB
C09B INIBIDORES ACE COMBINADOS;ENALAPRIL HIDROCLOROTIAZIDA BIO;BIOLAB
B03A HEMATINICOS FERRO E TODAS AS ASSOCIACOES;ENDOFER BIO;BIOLAB
A07E PRODUTOS PARA DOENCA INFLAMATORIA INTESTINAL;ENTOCORT BIO;BIOLAB
N03A ANTICONVULSIVANTES;EPILENIL BIO;BIOLAB
G03C ESTROGENOS E ASSOCIACOES EXCETO G03A G03E G03F;ESTRIOL BIO;BIOLAB
C10A PREPARADOS PARA REGULACAO COLESTEROL E TRIGLICERID;EZETIMIBA BIO;BIOLAB
C10C REGUL DE LIPIDEOS EM COMB C OUT LIPIDOS REGUL;EZETIMIBA SINVASTATINA BIO;BIOLAB
A12C OUTROS SUPLEMENTOS MINERAIS;FASCIA BIO;BIOLAB
A12C OUTROS SUPLEMENTOS MINERAIS;FASCIA PRIME BIO;BIOLAB
C05C TERAPIA VARICOSA SISTEMICA;FLAVENOS BIO;BIOLAB
N06A A DEPRESSIVOS E REGUL DE HUMOR;FLUVOXAMINA BIO;BIOLAB
C03A DIURETICOS;FLUX BIO;BIOLAB
C09C ANTAGONISTAS DE LA ANGIOTENSINA II PUROS;FLUX BIO;BIOLAB
C03A DIURETICOS;FLUX SR BIO;BIOLAB
A02A ANTIACIDOS ANTIFISETICOS;FLY BIO;BIOLAB
N03A ANTICONVULSIVANTES;FORLUT BIO;BIOLAB
N02D PROD GABAPENTINOIDES;GABAPENTINA BIO;BIOLAB
A01A ESTOMATOLOGICOS;GENGIBABY BIO;BIOLAB
G03A CONTRACEPTIVOS HORMONAIS SISTEMICOS;GESTRELAN BIO;BIOLAB
C05B TERAPIA VARICOSA TOPICA;HEMATOM BIO;BIOLAB
N05A ANTIPSICOTICOS;HEMIFUMARATO DE QUETIAPINA BIO;BIOLAB
N05B HIPNOTICOS SEDATIVOS;HEMITARTARATO DE ZOLPIDEM BIO;BIOLAB
A05B PRODUTOS PARA DOENCAS DO FIGADO HEPATOPROTETORES;HEPA MERZ BIO;BIOLAB
M05B REGULADORES DO CALCIO OSSEO;IBANDRONATO DE SODIO BIO;BIOLAB
C07A AGENTES BETA BLOQUEADORES PUROS;ICTUS BIO;BIOLAB
A10K GLITAZONA A DIABETICOS;INIBILIP BIO;BIOLAB
N06D NOOTROPICOS;KAMPPI BIO;BIOLAB
N05A ANTIPSICOTICOS;KITAPEN BIO;BIOLAB
A06A DROGAS PARA A CONSTIPACAO;LACTULOSE BIO;BIOLAB
N03A ANTICONVULSIVANTES;LAMOTRIGINA BIO;BIOLAB
A06A DROGAS PARA A CONSTIPACAO;LAXETTE BIO;BIOLAB
C08A ANTAGONISTAS DO CALCIO PUROS;LEVANLODIPINO BIO;BIOLAB
G03A CONTRACEPTIVOS HORMONAIS SISTEMICOS;LEVEL BIO;BIOLAB
G03A CONTRACEPTIVOS HORMONAIS SISTEMICOS;LEVONORG ETINIL BIO;BIOLAB
M01A ANTI REUMATICOS SEM ESTEROIDES;LIDE BIO;BIOLAB
C10A PREPARADOS PARA REGULACAO COLESTEROL E TRIGLICERID;LIPLESS BIO;BIOLAB
A04A ANTIEMETICOS E ANTINAUSEOSOS;LISTO BIO;BIOLAB
A02A ANTIACIDOS ANTIFISETICOS;LISTOGAS BIO;BIOLAB
C10A PREPARADOS PARA REGULACAO COLESTEROL E TRIGLICERID;LIVALO BIO;BIOLAB
C09D ANTAGONISTAS DE LA ANGIOTENSINA II COMBINADOS;LOSARTANA HIDROCLOROTIAZIDA BIO;BIOLAB
C07A AGENTES BETA BLOQUEADORES PUROS;METOPROLOL BIO;BIOLAB
N06A A DEPRESSIVOS E REGUL DE HUMOR;MIND BIO;BIOLAB
A12C OUTROS SUPLEMENTOS MINERAIS;MONESSA BIO;BIOLAB
C01E NITRITOS E NITRATOS;MONONITRATO DE ISOSSORBIDA BIO;BIOLAB
R03J ANTI ASMATICOS ANTAGONISTAS DE LEUCOTRIENE;MONTELUCASTE BIO;BIOLAB
C07A AGENTES BETA BLOQUEADORES PUROS;NEBILET BIO;BIOLAB
C02A ANTIHIPERTENSIVOS NAO HERBACEOS PUROS;NEPARVIS BIO;BIOLAB
M01A ANTI REUMATICOS SEM ESTEROIDES;NIMESULIDA BIO;BIOLAB
N05B HIPNOTICOS SEDATIVOS;NOCTIDEN BIO;BIOLAB
G03A CONTRACEPTIVOS HORMONAIS SISTEMICOS;NORESTIN BIO;BIOLAB
G03A CONTRACEPTIVOS HORMONAIS SISTEMICOS;NORETISTERONA BIO;BIOLAB
C08A ANTAGONISTAS DO CALCIO PUROS;NOVANLO BIO;BIOLAB
N05B HIPNOTICOS SEDATIVOS;NUIT FLASH BIO;BIOLAB
N05A ANTIPSICOTICOS;OLANZAPINA BIO;BIOLAB
N05A ANTIPSICOTICOS;OLANZYS;BIOLAB
A12C OUTROS SUPLEMENTOS MINERAIS;ORALZ BIO;BIOLAB
S02D OUTROS PREPARADOS OTOLOGICOS;OTIBLOCK BIO;BIOLAB
D11A OUTRAS PREPARACOES DERMATOLOGICAS INCL XAMPUS MED;PANTOGAR BIO;BIOLAB
N02A ANALGESICOS NARCOTICOS;PARACETAMOL FOSF DE CODEINA BIO;BIOLAB
C10A PREPARADOS PARA REGULACAO COLESTEROL E TRIGLICERID;PITAVASTATINA CALCICA BIO;BIOLAB
B01C INIBIDORES DA AGREGACAO PLAQUETARIA;PLAKETAR BIO;BIOLAB
P01B ANTIHELMINTICOS EXCETO OS ESQUISTOSOMICIDAS;PLURIMEC BIO;BIOLAB
C10A PREPARADOS PARA REGULACAO COLESTEROL E TRIGLICERID;POSICOR BIO;BIOLAB
C10C REGUL DE LIPIDEOS EM COMB C OUT LIPIDOS REGUL;POSICOR SIN BIO;BIOLAB
N02D PROD GABAPENTINOIDES;PREGABALINA BIO;BIOLAB
C09B INIBIDORES ACE COMBINADOS;PRESS PLUS BIO;BIOLAB
C09C ANTAGONISTAS DE LA ANGIOTENSINA II PUROS;PRESS PLUS BIO;BIOLAB
C08A ANTAGONISTAS DO CALCIO PUROS;PRESSAT BIO;BIOLAB
C09C ANTAGONISTAS DE LA ANGIOTENSINA II PUROS;PRESSAT BIO;BIOLAB
H03B ANTI TIREOIDEANOS;PROPILRACIL BIO;BIOLAB
G04C PRODUTOS PARA HIPERPLASIA PROSTATICA BENIGNA HPB;PROUR BIO;BIOLAB
G02X OTROS PRODUTOS GINECOLOGICOS;PROVAGIN BIO;BIOLAB
J01G FLUOROQUINOLONAS;QUINOFLOX BIO;BIOLAB
C10A PREPARADOS PARA REGULACAO COLESTEROL E TRIGLICERID;REPATHA AMG;BIOLAB
C10A PREPARADOS PARA REGULACAO COLESTEROL E TRIGLICERID;REPATHA BIO;BIOLAB
C01D TERAPIA CORONARIA EXCLUINDO ANTAGONISTAS DO CALCIO;RISCARD BIO;BIOLAB
N05A ANTIPSICOTICOS;RISPERIDONA BIO;BIOLAB
B01F INIBIDOR DIRETO DO FATOR XA;RIVAROXABANA BIO;BIOLAB
R01A PREPARACOES NASAIS TOPICAS;SALINEX BIO;BIOLAB
A12C OUTROS SUPLEMENTOS MINERAIS;SARCOPEN BIO;BIOLAB
A12C OUTROS SUPLEMENTOS MINERAIS;SARCOPLEX BIO;BIOLAB
A12C OUTROS SUPLEMENTOS MINERAIS;SARCOPOREC BIO;BIOLAB
A01B ANTIFUNGICOS ORAIS TOPICOS;SEMTRI BIO;BIOLAB
N06A A DEPRESSIVOS E REGUL DE HUMOR;SEMTRI BIO;BIOLAB
N05B HIPNOTICOS SEDATIVOS;SERENUS BIO;BIOLAB
N06A A DEPRESSIVOS E REGUL DE HUMOR;SERTRALINA BIO;BIOLAB
A02A ANTIACIDOS ANTIFISETICOS;SIMETICONA BIO;BIOLAB
R01A PREPARACOES NASAIS TOPICAS;SINUSEC BIO;BIOLAB
R01A PREPARACOES NASAIS TOPICAS;SINUSTRAT BIO;BIOLAB
C10A PREPARADOS PARA REGULACAO COLESTEROL E TRIGLICERID;SINVASTATINA BIO;BIOLAB
G04D PRODUTOS PARA INCONTINENCIA URINARIA;SOLLY BIO;BIOLAB
C09C ANTAGONISTAS DE LA ANGIOTENSINA II PUROS;SUCCINATO DE METOPROLOL BIO;BIOLAB
G04D PRODUTOS PARA INCONTINENCIA URINARIA;SUCCINATO DE SOLIFENACINA BIO;BIOLAB
N02C CONTRA ENXAQUECA;SUCCINATO DE SUMATRIPTANA BIO;BIOLAB
N02C CONTRA ENXAQUECA;SUMATRIPTANA BIO;BIOLAB
G03F ASSOCIACOES DE ESTROGENOS E PROGESTOGENOS EXCETO G;SUPRELLE BIO;BIOLAB
G03F ASSOCIACOES DE ESTROGENOS E PROGESTOGENOS EXCETO G;SUPREMA BIO;BIOLAB
N02C CONTRA ENXAQUECA;SUTRIPTAN BIO;BIOLAB
G04C PRODUTOS PARA HIPERPLASIA PROSTATICA BENIGNA HPB;TANSULOSINA BIO;BIOLAB
G03A CONTRACEPTIVOS HORMONAIS SISTEMICOS;TANTIN BIO;BIOLAB
G03A CONTRACEPTIVOS HORMONAIS SISTEMICOS;TAPAZOL BIO;BIOLAB
H03B ANTI TIREOIDEANOS;TAPAZOL BIO;BIOLAB
C09C ANTAGONISTAS DE LA ANGIOTENSINA II PUROS;TARTARATO DE METOPROLOL BIO;BIOLAB
J02A AGENTES ANTIMICOTICOS SISTEMICOS EXCLUINDO GRISEOF;TRIAZOL BIO;BIOLAB
A12C OUTROS SUPLEMENTOS MINERAIS;TRIFOR;BIOLAB
A12C OUTROS SUPLEMENTOS MINERAIS;TRIFOR BIO;BIOLAB
A05A PRODUTOS PARA DISTURBIOS DO TRATO BILIAR;URSODESOXICOLICO BIO;BIOLAB
N03A ANTICONVULSIVANTES;VALPROATO DE SODIO BIO;BIOLAB
C10A PREPARADOS PARA REGULACAO COLESTEROL E TRIGLICERID;VASLIP BIO;BIOLAB
C09A INIBIDORES ACE PUROS;VASOPRIL BIO;BIOLAB
C09B INIBIDORES ACE COMBINADOS;VASOPRIL BIO;BIOLAB
C05C TERAPIA VARICOSA SISTEMICA;VENULA BIO;BIOLAB
A11C VITAMINA A D INCLUINDO ASSOCIACOES DAS DUAS;VITAMINA D3 BIO;BIOLAB
A02A ANTIACIDOS ANTIFISETICOS;VONAU BIO;BIOLAB
A04A ANTIEMETICOS E ANTINAUSEOSOS;VONAU BIO;BIOLAB
A02A ANTIACIDOS ANTIFISETICOS;VONAUGASMAX BIO;BIOLAB
M01A ANTI REUMATICOS SEM ESTEROIDES;XEFO BIO;BIOLAB
A07A ANTI INFECCIOSOS INTESTINAIS;XIFAXAN BIO;BIOLAB
A10C INSULINAS HUMANAS E ANALOGAS;WOSULIN N BMM;BIOMM
C04A VASOTERAPIA CEREBRAL E PERIFERICA;BIOGINKGO BNT;BIONATUS
R02A PREPARACOES PARA GARGANTA;BIONATUS;BIONATUS
R03C ANTIINFLAMATORIOS RESPIRATORIOS NAO ESTEROIDES;BIONATUS;BIONATUS
R02A PREPARACOES PARA GARGANTA;BIONATUS BNT;BIONATUS
R05C EXPECTORANTES;BIOTOSS BNT;BIONATUS
N05B HIPNOTICOS SEDATIVOS;CALMIT BNT;BIONATUS
A12A CALCIO;EXTRA CALCIO MDK2;BIONATUS
A11F VITAMINAS B12 PURA;FONT B12;BIONATUS
A16A OUTROS PRODUTOS PARA O APARELHO DIGESTIVO E METAB;GELATINA BNT;BIONATUS
N06A A DEPRESSIVOS E REGUL DE HUMOR;HYPERATIV BNT;BIONATUS
A06A DROGAS PARA A CONSTIPACAO;LAXASENE BNT;BIONATUS
C10A PREPARADOS PARA REGULACAO COLESTEROL E TRIGLICERID;LIPOFIM BNT;BIONATUS
A12A CALCIO;ORTHO PRO BNU;BIONATUS
R02A PREPARACOES PARA GARGANTA;PROPOVIT;BIONATUS
G04X OUTROS PRODUTOS UROLOGICOS;CANEPHRON;BIONORICA DO BRASIL
A12C OUTROS SUPLEMENTOS MINERAIS;SINUPRET;BIONORICA DO BRASIL
G04E PRODUTOS PARA DISFUNCAO ERETIL;TRIBULLUS TERRESTRES;BIONUTRIR
L01B ANTIMETABOLITOS;XELODA;BIOPAS
N07D PRODUTOS ANTI ALZHEIMER;XELODA;BIOPAS
A07F MICROORGANISMOS ANTIDIARREICOS;BIOROOTS BTS;BIOROOTS
A12C OUTROS SUPLEMENTOS MINERAIS;BIOROOTS BTS;BIOROOTS
C10B PREPARACOES ANTIATEROMA DE ORIGEM NATURAL;BIOROOTS BTS;BIOROOTS
R05C EXPECTORANTES;ACEBROFILINA BIS;BIOSINTETICA
R05C EXPECTORANTES;ACETILCISTEINA BIS;BIOSINTETICA
P01B ANTIHELMINTICOS EXCETO OS ESQUISTOSOMICIDAS;ALBENDAZOL BIS;BIOSINTETICA
M05B REGULADORES DO CALCIO OSSEO;ALENDRONATO DE SODIO BIS;BIOSINTETICA
N05C TRANQUILIZANTES;ALPRAZOLAM BIS;BIOSINTETICA
C01B ANTIARRITMICOS;AMIODARONA BIS;BIOSINTETICA
J01C PENICILINAS DE AMPLO ESPECTRO;AMOXICILINA BIS;BIOSINTETICA
J01C PENICILINAS DE AMPLO ESPECTRO;AMOXICILINA CLAVULANATO BIS;BIOSINTETICA
C08A ANTAGONISTAS DO CALCIO PUROS;ANLODIPINO BIS;BIOSINTETICA
C07A AGENTES BETA BLOQUEADORES PUROS;ATENOLOL BIS;BIOSINTETICA
J01F MACROLIDEOS E SIMILARES;AZITROMICINA BIS;BIOSINTETICA
C08A ANTAGONISTAS DO CALCIO PUROS;BESILATO DE ANLODIPINO BIS;BIOSINTETICA
R06A ANTIHISTAMINICOS SISTEMICOS;BILASTINA BIS;BIOSINTETICA
N05C TRANQUILIZANTES;BROMAZEPAM BIS;BIOSINTETICA
A03F GASTROPROCINETICOS;BROMOPRIDA BIS;BIOSINTETICA
R01A PREPARACOES NASAIS TOPICAS;BUDESONIDA BIS;BIOSINTETICA
C09C ANTAGONISTAS DE LA ANGIOTENSINA II PUROS;CANDESARTANA BIS;BIOSINTETICA
C09A INIBIDORES ACE PUROS;CAPTOPRIL BIS;BIOSINTETICA
C07A AGENTES BETA BLOQUEADORES PUROS;CARVEDILOL BIS;BIOSINTETICA
D07B ASSOCIACOES DE CORTICOIDES;CETOCONAZOL BETAMETASONA NEOMICINA BIS;BIOSINTETICA
D01A ANTIMICOTICOS DERMATOLOGICOS;CETOCONAZOL BIS;BIOSINTETICA
J02A AGENTES ANTIMICOTICOS SISTEMICOS EXCLUINDO GRISEOF;CETOCONAZOL BIS;BIOSINTETICA
J01G FLUOROQUINOLONAS;CIPROFLONAX BIS;BIOSINTETICA
G04E PRODUTOS PARA DISFUNCAO ERETIL;CITRATO DE SILDENAFILA BIS;BIOSINTETICA
B01C INIBIDORES DA AGREGACAO PLAQUETARIA;CLOPIDOGREL BIS;BIOSINTETICA
C01B ANTIARRITMICOS;CLOR DE AMIODARONA BIS;BIOSINTETICA
N07D PRODUTOS ANTI ALZHEIMER;CLOR DE MEMANTINA BIS;BIOSINTETICA
A10J BIGUANIDA A DIABETICOS;CLOR DE METFORMINA BIS;BIOSINTETICA
N06A A DEPRESSIVOS E REGUL DE HUMOR;CLOR DE PAROXETINA BIS;BIOSINTETICA
N06A A DEPRESSIVOS E REGUL DE HUMOR;CLOR DE SERTRALINA BIS;BIOSINTETICA
N02A ANALGESICOS NARCOTICOS;CLOR DE TRAMADOL PARACETAMOL BIS;BIOSINTETICA
G03A CONTRACEPTIVOS HORMONAIS SISTEMICOS;DESOGESTREL BIS;BIOSINTETICA
N06A A DEPRESSIVOS E REGUL DE HUMOR;DESVENLAFAXINA BIS;BIOSINTETICA
H02B ASSOCIACOES CORTICOSTEROIDES SISTEMICOS;DEXCLORFENIRAMINA BETAMETASONA BIS;BIOSINTETICA
M01A ANTI REUMATICOS SEM ESTEROIDES;DICLOFENACO BIS;BIOSINTETICA
M02A ANTIREUMATICOS TOPICOS COM ANALGESICOS;DICLOFENACO BIS;BIOSINTETICA
N02B NAO NARCOTICOS ANTIPIRETICOS;DIPIRONA BIS;BIOSINTETICA
C02A ANTIHIPERTENSIVOS NAO HERBACEOS PUROS;DOXAZOSINA BIS;BIOSINTETICA
R05D ANTITUSSIGENOS;DROPROPIZINA BIS;BIOSINTETICA
G03A CONTRACEPTIVOS HORMONAIS SISTEMICOS;DROSPIRENONA ETINILESTRADIOL BIS;BIOSINTETICA
C09B INIBIDORES ACE COMBINADOS;ENALAPRIL BIS;BIOSINTETICA
M01A ANTI REUMATICOS SEM ESTEROIDES;ETORICOXIBE BIS;BIOSINTETICA
G04C PRODUTOS PARA HIPERPLASIA PROSTATICA BENIGNA HPB;FINASTERIDA BIS;BIOSINTETICA
C10A PREPARADOS PARA REGULACAO COLESTEROL E TRIGLICERID;GENFIBROZILA BIS;BIOSINTETICA
A10H SULFONILOUREIA A DIABETICOS;GLIBENCLAMIDA BIS;BIOSINTETICA
A10H SULFONILOUREIA A DIABETICOS;GLIMEPIRIDA BIS;BIOSINTETICA
N05A ANTIPSICOTICOS;HEMIFUMARATO DE QUETIAPINA BIS;BIOSINTETICA
C09D ANTAGONISTAS DE LA ANGIOTENSINA II COMBINADOS;LOSARTANA HIDROCLOROTIAZIDA BIS;BIOSINTETICA
C09C ANTAGONISTAS DE LA ANGIOTENSINA II PUROS;LOTAR BIS;BIOSINTETICA
M01A ANTI REUMATICOS SEM ESTEROIDES;MELOXICAM BIS;BIOSINTETICA
A10J BIGUANIDA A DIABETICOS;METFORMINA BIS;BIOSINTETICA
C02A ANTIHIPERTENSIVOS NAO HERBACEOS PUROS;METILDOPA BIS;BIOSINTETICA
C01E NITRITOS E NITRATOS;MONONITRATO DE ISOSSORBIDA BIS;BIOSINTETICA
R03J ANTI ASMATICOS ANTAGONISTAS DE LEUCOTRIENE;MONTELUCASTE BIS;BIOSINTETICA
M01A ANTI REUMATICOS SEM ESTEROIDES;NIMESULIDA BIS;BIOSINTETICA
J01G FLUOROQUINOLONAS;NORFLOXACINO BIS;BIOSINTETICA
A02B ANTIULCEROSOS;OMEPRAZOL BIS;BIOSINTETICA
A12A CALCIO;OSTEON ARTRO;BIOSINTETICA
N06A A DEPRESSIVOS E REGUL DE HUMOR;OXALATO DE ESCITALOPRAM BIS;BIOSINTETICA
C08B ANTAGONISTAS DO CALCIO ASSOCIADOS;OXCORD BIS;BIOSINTETICA
N02B NAO NARCOTICOS ANTIPIRETICOS;PARACETAMOL BIS;BIOSINTETICA
M01A ANTI REUMATICOS SEM ESTEROIDES;PIROXICAM BIS;BIOSINTETICA
H02A CORTICOSTEROIDES PUROS;PREDNISOLONA BIS;BIOSINTETICA
N05A ANTIPSICOTICOS;RISPERIDONA BIS;BIOSINTETICA
B01F INIBIDOR DIRETO DO FATOR XA;RIVAROXABANA BIS;BIOSINTETICA
N06A A DEPRESSIVOS E REGUL DE HUMOR;SERTRALINA BIS;BIOSINTETICA
A08A - PREPARADOS ANOREXICOS EXETO OS DIETETICOS;SIBUTRAMINA BIS;BIOSINTETICA
A02A ANTIACIDOS ANTIFISETICOS;SIMETICONA BIS;BIOSINTETICA
C10A PREPARADOS PARA REGULACAO COLESTEROL E TRIGLICERID;SINVASTATINA BIS;BIOSINTETICA
G04E PRODUTOS PARA DISFUNCAO ERETIL;TADALAFILA ACH;BIOSINTETICA
G04E PRODUTOS PARA DISFUNCAO ERETIL;TADALAFILA BIS;BIOSINTETICA
N02A ANALGESICOS NARCOTICOS;TRAMADOL BIS;BIOSINTETICA
S01B CORTICOIDES;TROMETAMOL BIS;BIOSINTETICA
N02B NAO NARCOTICOS ANTIPIRETICOS;TROMETAMOL CETOROLACO BIS;BIOSINTETICA
C09C ANTAGONISTAS DE LA ANGIOTENSINA II PUROS;VALSARTANA BIS;BIOSINTETICA
A05A PRODUTOS PARA DISTURBIOS DO TRATO BILIAR;BIOSTEVI;BIOSTEVI PHARMA
A16A OUTROS PRODUTOS PARA O APARELHO DIGESTIVO E METAB;RILEX PLUS;BIOVITAE
B03C ERITROPOIETINAS;ALFAEPOETINA BLA;BLAU FARMACEUTICA
L02B ANTAGONISTAS DE HORMONIOS CITOSTATICOS;ANASTROZOL BLA;BLAU FARMACEUTICA
H02A CORTICOSTEROIDES PUROS;ARISCORTEN BLA;BLAU FARMACEUTICA
M03A RELAXANTES MUSCULARES DE ACAO PERIFERICA;BOTULIM BLA;BLAU FARMACEUTICA
J01D CEFALOSPORINAS;CEFTRIAXONA BLA;BLAU FARMACEUTICA
L02B ANTAGONISTAS DE HORMONIOS CITOSTATICOS;CITRATO DE TAMOXIFENO BLA;BLAU FARMACEUTICA
J01F MACROLIDEOS E SIMILARES;CLARILIB BLA;BLAU FARMACEUTICA
A04A ANTIEMETICOS E ANTINAUSEOSOS;CLOR DE ONDANSETRONA BLA;BLAU FARMACEUTICA
M01A ANTI REUMATICOS SEM ESTEROIDES;DICLOFENACO BLA;BLAU FARMACEUTICA
N01B ANESTESICOS LOCAIS EXCLUINDO DERMATOLOGICOS;ETOMIDATO BLA;BLAU FARMACEUTICA
L02B ANTAGONISTAS DE HORMONIOS CITOSTATICOS;FLUTAMIDA BLA;BLAU FARMACEUTICA
J06C IMUNO GLOBULINAS POLIVALENTES ENDOVENOSAS;IMUNOGLOBULIN BLA;BLAU FARMACEUTICA
L02B ANTAGONISTAS DE HORMONIOS CITOSTATICOS;LETROZOL BLA;BLAU FARMACEUTICA
J01P OUTROS BETA LACTAMNICOS EXCLUINDO PENICILINAS;MEROPENEM BLA;BLAU FARMACEUTICA
L01B ANTIMETABOLITOS;METREXATO BLA;BLAU FARMACEUTICA
L01B ANTIMETABOLITOS;MTX BLA;BLAU FARMACEUTICA
B01B ANTICOAGULANTES INJETAVEIS;NOXX BLA;BLAU FARMACEUTICA
A02B ANTIULCEROSOS;OMEPRAZOL BLA;BLAU FARMACEUTICA
A02B ANTIULCEROSOS;PANTOPRAZOL BLA;BLAU FARMACEUTICA
A11F VITAMINAS B12 PURA;BMF;BMF VIT
A12C OUTROS SUPLEMENTOS MINERAIS;BMF;BMF VIT
R05B ANTIGRIPAIS C ANTIINFECCIOSOS;BOA VISTA;BOA VISTA
R02A PREPARACOES PARA GARGANTA;BOAVISTA BOA;BOA VISTA
R05B ANTIGRIPAIS C ANTIINFECCIOSOS;BOAVISTA BOA;BOA VISTA
B01D FIBRINOLITICOS;ACTILYSE BOE;BOEHRINGER INGELHEIM
N02B NAO NARCOTICOS ANTIPIRETICOS;ANADOR BOE;BOEHRINGER INGELHEIM
R01A PREPARACOES NASAIS TOPICAS;ATROVENT BOE;BOEHRINGER INGELHEIM
R03A AGONISTAS BETA 2;ATROVENT BOE;BOEHRINGER INGELHEIM
R03K ANTICOLINERGICOS SIMPLES;ATROVENT BOE;BOEHRINGER INGELHEIM
R03A AGONISTAS BETA 2;BEROTEC BOE;BOEHRINGER INGELHEIM
A10N INIBIDOR DPP IV;BOE;BOEHRINGER INGELHEIM
C09C ANTAGONISTAS DE LA ANGIOTENSINA II PUROS;BOE;BOEHRINGER INGELHEIM
M01A ANTI REUMATICOS SEM ESTEROIDES;BUTAZONA BOE;BOEHRINGER INGELHEIM
C08A ANTAGONISTAS DO CALCIO PUROS;CARDIZEM BOE;BOEHRINGER INGELHEIM
C09C ANTAGONISTAS DE LA ANGIOTENSINA II PUROS;CARDIZEM BOE;BOEHRINGER INGELHEIM
R03L ANTICOLINERGICOS COM AGONISTAS B2;DUOVENT BOE;BOEHRINGER INGELHEIM
L01H ANTINEOPLASICOS INIBIDORES DA PROTEINA QUINASE;GIOTRIF BOE;BOEHRINGER INGELHEIM
A10P INIBIDORES DE ANTIDIABETICOS DE SGLT2;GLYXAMBI BOE;BOEHRINGER INGELHEIM
A10S AGONISTAS GLP 1;GLYXAMBI BOE;BOEHRINGER INGELHEIM
A10P INIBIDORES DE ANTIDIABETICOS DE SGLT2;JARDIANCE BOE;BOEHRINGER INGELHEIM
M01A ANTI REUMATICOS SEM ESTEROIDES;METACAM BOE;BOEHRINGER INGELHEIM
C09C ANTAGONISTAS DE LA ANGIOTENSINA II PUROS;MICARDIS BOE;BOEHRINGER INGELHEIM
C09D ANTAGONISTAS DE LA ANGIOTENSINA II COMBINADOS;MICARDIS BOE;BOEHRINGER INGELHEIM
R05C EXPECTORANTES;MUCOSOLVAN BOE;BOEHRINGER INGELHEIM
R07D PRODUTOS PRA FIBROSE PULMONAR IDIOPATICA;OFEV BOE;BOEHRINGER INGELHEIM
S01E MIOTICOS E PRAPARADOS ANTIGLAUCOMA;OFEV BOE;BOEHRINGER INGELHEIM
B01E INIBIDORES DIRETOS DE TROMBINA;PRADAXA BOE;BOEHRINGER INGELHEIM
N04A ANTIPARKINSONIANOS;SIFROL BOE;BOEHRINGER INGELHEIM
R03L ANTICOLINERGICOS COM AGONISTAS B2;SPIOLTO BOE;BOEHRINGER INGELHEIM
R03K ANTICOLINERGICOS SIMPLES;SPIRIVA BOE;BOEHRINGER INGELHEIM
R03A AGONISTAS BETA 2;STRIVERDI RESPIMAT BOE;BOEHRINGER INGELHEIM
A10N INIBIDOR DPP IV;TRAYENTA BOE;BOEHRINGER INGELHEIM
A10S AGONISTAS GLP 1;TRAYENTA BOE;BOEHRINGER INGELHEIM
R05C EXPECTORANTES;BOIRON BRN;BOIRON
A02X OUTROS PRODUTOS PARA DESORDENS DO ESTOMAGO;CAMILIA BRN;BOIRON
A04A ANTIEMETICOS E ANTINAUSEOSOS;COCCULINE BRN;BOIRON
A03A ANTIESPASMODICOS E ANTICOLINERGICOS PUROS;COCYNTAL BRN;BOIRON
R01B DESCONGESTIONANTES NASAIS SISTEMICOS;CORYZALIA BRN;BOIRON
R05A ANTIGRIPAIS EXCLUINDO ANTINFECCIOSOS;OSCILLOCOCCINUM BRN;BOIRON
N05B HIPNOTICOS SEDATIVOS;QUIETUDE BRN;BOIRON
N05B HIPNOTICOS SEDATIVOS;SEDATIF BRN;BOIRON
R05F OUTROS ANTITUSSIGENOS E ANTIGRIPAIS;STODAL BRN;BOIRON
D01A ANTIMICOTICOS DERMATOLOGICOS;DIPR DE BETAMETASONA;BRAINFARMA
M02A ANTIREUMATICOS TOPICOS COM ANALGESICOS;ARNICA BRA;BRAMIL SUPERMERCADOS
R05C EXPECTORANTES;AMBROL BRS;BRASTERAPICA
A06A DROGAS PARA A CONSTIPACAO;BRASTERAPICA BRS;BRASTERAPICA
D01A ANTIMICOTICOS DERMATOLOGICOS;BRASTERAPICA BRS;BRASTERAPICA
N02B NAO NARCOTICOS ANTIPIRETICOS;BRASTERAPICA BRS;BRASTERAPICA
J01G FLUOROQUINOLONAS;CIFLOXATIL BRS;BRASTERAPICA
D01A ANTIMICOTICOS DERMATOLOGICOS;CONAZOL BRS;BRASTERAPICA
A06A DROGAS PARA A CONSTIPACAO;GLICEL BRS;BRASTERAPICA
R05A ANTIGRIPAIS EXCLUINDO ANTINFECCIOSOS;GRIPALCE BRS;BRASTERAPICA
R05C EXPECTORANTES;GRIPALCE BRS;BRASTERAPICA
R05C EXPECTORANTES;HEDERA BRS;BRASTERAPICA
A12A CALCIO;HIPERCAL D BRS;BRASTERAPICA
A11A POLIVITAMINICOS COM MINERAIS;MALACAL SPORT BRS;BRASTERAPICA
R02A PREPARACOES PARA GARGANTA;PHITOSS BRS;BRASTERAPICA
R05C EXPECTORANTES;PHITOSS BRS;BRASTERAPICA
A03D ASSOCIACOES COM ANALGESICOS;SALICETIL BRS;BRASTERAPICA
B01C INIBIDORES DA AGREGACAO PLAQUETARIA;SALICETIL BRS;BRASTERAPICA
R05C EXPECTORANTES;SALICETIL BRS;BRASTERAPICA
G01A TRICOMONICIDAS;SECNIDAZOL BRS;BRASTERAPICA
M01A ANTI REUMATICOS SEM ESTEROIDES;TYFLEN BRS;BRASTERAPICA
N02B NAO NARCOTICOS ANTIPIRETICOS;TYFLEN BRS;BRASTERAPICA
M04A ANTIGOTOSOS;ZILARICINA BRS;BRASTERAPICA
M03B RELAXANTES MUSCULARES ACAO CENTRAL;BENDITA CANFORA;BRAVIR INDUSTRIA LTDA
M02A ANTIREUMATICOS TOPICOS COM ANALGESICOS;BRAVIR BRV;BRAVIR INDUSTRIA LTDA
R05C EXPECTORANTES;BREYER BRE;BREYER
L01X OUTROS ANTINEOPLASICOS;OPDIVO;BRISTOL MYERS SQUIBB
M01C ANTIREUMATICOS ESPECIFICOS;ORENCIA BMS;BRISTOL MYERS SQUIBB
L01G ANTICORPOS MONOCLONAIS ANTINEOPLASICOS;YERVOY;BRISTOL MYERS SQUIBB
M02A ANTIREUMATICOS TOPICOS COM ANALGESICOS;BUBA;BUBA
D11A OUTRAS PREPARACOES DERMATOLOGICAS INCL XAMPUS MED;CETOBETA BUN;BUNKER IND FARMA
H02A CORTICOSTEROIDES PUROS;DIPROBETA BUN;BUNKER IND FARMA
P03A ECTOPARASITICIDAS INCL ESCAB;PIODREX BUN;BUNKER IND FARMA
D11A OUTRAS PREPARACOES DERMATOLOGICAS INCL XAMPUS MED;BARBA FORTE;BUSO COSMETICOS
R05C EXPECTORANTES;NATURALDAY CAI;CAITA SUPERMERCADOS
A07G REPOSITORES ELECTROLITICOS ORAIS;GOODLIFE;CALL FARMA
A12A CALCIO;GOODLIFE;CALL FARMA
A12C OUTROS SUPLEMENTOS MINERAIS;GOODLIFE;CALL FARMA
H04X OUTRAS HORMONIOS E PREPARACAO COM ACOES SIMILARES;GOODLIFE;CALL FARMA
M02A ANTIREUMATICOS TOPICOS COM ANALGESICOS;GOODLIFE;CALL FARMA
R05C EXPECTORANTES;GOODLIFE;CALL FARMA
N03A ANTICONVULSIVANTES;CANNTEN;CANNTEN
D11A OUTRAS PREPARACOES DERMATOLOGICAS INCL XAMPUS MED;ASTANA CAN;CANONNE
G03A CONTRACEPTIVOS HORMONAIS SISTEMICOS;CYCLOFEMINA CRN;CARNOT
R02A PREPARACOES PARA GARGANTA;CASA DO MEL;CASA DO MEL
R05C EXPECTORANTES;CASA DO MEL;CASA DO MEL
A06A DROGAS PARA A CONSTIPACAO;GRANADO CSG;CASA GRANADO
A11A POLIVITAMINICOS COM MINERAIS;MAGCATAL;CATALMEDIC
R05C EXPECTORANTES;ACETILCISTEINA CAT;CATARINENSE PHARMA
A05A PRODUTOS PARA DISTURBIOS DO TRATO BILIAR;ALCACHOFRAX CAT;CATARINENSE PHARMA
N02B NAO NARCOTICOS ANTIPIRETICOS;ALICURA CAT;CATARINENSE PHARMA
A12A CALCIO;ALTAVITAM CAT;CATARINENSE PHARMA
A11F VITAMINAS B12 PURA;AUGEVIT;CATARINENSE PHARMA
A02A ANTIACIDOS ANTIFISETICOS;BALSAMO CAT;CATARINENSE PHARMA
A12A CALCIO;BEM CUIDAR CAT;CATARINENSE PHARMA
S01E MIOTICOS E PRAPARADOS ANTIGLAUCOMA;BIMATOPROSTA;CATARINENSE PHARMA
A12A CALCIO;CALKADE CAT;CATARINENSE PHARMA
A02X OUTROS PRODUTOS PARA DESORDENS DO ESTOMAGO;CAMOMILA CAT;CATARINENSE PHARMA
A02A ANTIACIDOS ANTIFISETICOS;CATARINENSE;CATARINENSE PHARMA
A06A DROGAS PARA A CONSTIPACAO;CATARINENSE;CATARINENSE PHARMA
A07A ANTI INFECCIOSOS INTESTINAIS;CATARINENSE;CATARINENSE PHARMA
A07F MICROORGANISMOS ANTIDIARREICOS;CATARINENSE;CATARINENSE PHARMA
A07G REPOSITORES ELECTROLITICOS ORAIS;CATARINENSE;CATARINENSE PHARMA
A11C VITAMINA A D INCLUINDO ASSOCIACOES DAS DUAS;CATARINENSE;CATARINENSE PHARMA
A12C OUTROS SUPLEMENTOS MINERAIS;CATARINENSE;CATARINENSE PHARMA
H04X OUTRAS HORMONIOS E PREPARACAO COM ACOES SIMILARES;CATARINENSE;CATARINENSE PHARMA
R05C EXPECTORANTES;CATARINENSE;CATARINENSE PHARMA
A12A CALCIO;COMPLEVIT CAT;CATARINENSE PHARMA
A07H INIBIDORES DA MOTILIDADE;ELIXIR CAT;CATARINENSE PHARMA
A05A PRODUTOS PARA DISTURBIOS DO TRATO BILIAR;FIGATIL CAT;CATARINENSE PHARMA
R01A PREPARACOES NASAIS TOPICAS;FLUINASAL CAT;CATARINENSE PHARMA
R05C EXPECTORANTES;FLUNACETIL CAT;CATARINENSE PHARMA
R05C EXPECTORANTES;G500 BALSAMICO CAT;CATARINENSE PHARMA
C04A VASOTERAPIA CEREBRAL E PERIFERICA;GINKGO BILOBA CAT;CATARINENSE PHARMA
R05C EXPECTORANTES;HEDERA CAT;CATARINENSE PHARMA
A02A ANTIACIDOS ANTIFISETICOS;LABORATORIO CATARINENSE CAT;CATARINENSE PHARMA
A09A DIGESTIVOS INCLUIDO ENZIMAS;LACTOBEM CAT;CATARINENSE PHARMA
A06A DROGAS PARA A CONSTIPACAO;LAXSOTRIN CAT;CATARINENSE PHARMA
A12A CALCIO;LONGIX;CATARINENSE PHARMA
R02A PREPARACOES PARA GARGANTA;MELAGRIAO;CATARINENSE PHARMA
R05C EXPECTORANTES;MELAGRIAO;CATARINENSE PHARMA
R02A PREPARACOES PARA GARGANTA;MELAGRIAO CAT;CATARINENSE PHARMA
R05B ANTIGRIPAIS C ANTIINFECCIOSOS;MELAGRIAO CAT;CATARINENSE PHARMA
R05C EXPECTORANTES;MELAGRIAO CAT;CATARINENSE PHARMA
R02A PREPARACOES PARA GARGANTA;MELAGRIÃO CAT;CATARINENSE PHARMA
R05A ANTIGRIPAIS EXCLUINDO ANTINFECCIOSOS;MELAGRIÃO CAT;CATARINENSE PHARMA
R03J ANTI ASMATICOS ANTAGONISTAS DE LEUCOTRIENE;MONTELUCASTE CAT;CATARINENSE PHARMA
A12A CALCIO;MULTICORP;CATARINENSE PHARMA
A12A CALCIO;NUTRIVOI CAT;CATARINENSE PHARMA
A12A CALCIO;PERFECT SUPRA;CATARINENSE PHARMA
H04X OUTRAS HORMONIOS E PREPARACAO COM ACOES SIMILARES;POLIFIT CAT;CATARINENSE PHARMA
A07G REPOSITORES ELECTROLITICOS ORAIS;POSDRINK CAT;CATARINENSE PHARMA
A12A CALCIO;POWERCORP CAT;CATARINENSE PHARMA
A07F MICROORGANISMOS ANTIDIARREICOS;PRIMIA CAT;CATARINENSE PHARMA
A09A DIGESTIVOS INCLUIDO ENZIMAS;PRIMIA CAT;CATARINENSE PHARMA
A12C OUTROS SUPLEMENTOS MINERAIS;PRIMIA CAT;CATARINENSE PHARMA
C10B PREPARACOES ANTIATEROMA DE ORIGEM NATURAL;PRIMIA CAT;CATARINENSE PHARMA
A02A ANTIACIDOS ANTIFISETICOS;SIMETICONA CAT;CATARINENSE PHARMA
A12A CALCIO;SUPRA ENERGY CAT;CATARINENSE PHARMA
H04X OUTRAS HORMONIOS E PREPARACAO COM ACOES SIMILARES;SUPRABIO;CATARINENSE PHARMA
A07F MICROORGANISMOS ANTIDIARREICOS;SUPRABIO CAT;CATARINENSE PHARMA
A09A DIGESTIVOS INCLUIDO ENZIMAS;SUPRABIO CAT;CATARINENSE PHARMA
R05B ANTIGRIPAIS C ANTIINFECCIOSOS;SUPRABIO CAT;CATARINENSE PHARMA
A06A DROGAS PARA A CONSTIPACAO;SUPRACORP CAT;CATARINENSE PHARMA
A11X OUTRAS VITAMINAS PURAS;SUPRACORP CAT;CATARINENSE PHARMA
A12A CALCIO;SUPRACORP CAT;CATARINENSE PHARMA
R05C EXPECTORANTES;SUPRACORP CAT;CATARINENSE PHARMA
M02A ANTIREUMATICOS TOPICOS COM ANALGESICOS;TRAUM CAT;CATARINENSE PHARMA
M02A ANTIREUMATICOS TOPICOS COM ANALGESICOS;TRAUMAC CAT;CATARINENSE PHARMA
R05C EXPECTORANTES;BRONCATAR CAZ;CAZI QUIMICA FARMACEUTICA
D01A ANTIMICOTICOS DERMATOLOGICOS;CASPACIL CAZ;CAZI QUIMICA FARMACEUTICA
D06A ANTIBACTERIANOS TOPICOS;DERMOBAN CAZ;CAZI QUIMICA FARMACEUTICA
A07H INIBIDORES DA MOTILIDADE;DIAFURAN CAZ;CAZI QUIMICA FARMACEUTICA
A02A ANTIACIDOS ANTIFISETICOS;HOMATROPIN CAZ;CAZI QUIMICA FARMACEUTICA
P01B ANTIHELMINTICOS EXCETO OS ESQUISTOSOMICIDAS;MICOPLEX CAZ;CAZI QUIMICA FARMACEUTICA
A07G REPOSITORES ELECTROLITICOS ORAIS;REIDRAMAX CAZ;CAZI QUIMICA FARMACEUTICA
N02C CONTRA ENXAQUECA;SEDOL CAZ;CAZI QUIMICA FARMACEUTICA
R05C EXPECTORANTES;SMAX;CB DISTRIBUIDORA DE PRODUTOS FARMACEUTICOS
M02A ANTIREUMATICOS TOPICOS COM ANALGESICOS;BIOSEIVA;CCM
A12C OUTROS SUPLEMENTOS MINERAIS;4 FLEX CEL;CELLERA FARMA
S02D OUTROS PREPARADOS OTOLOGICOS;ACERATUM CEL;CELLERA FARMA
M05B REGULADORES DO CALCIO OSSEO;ALENDRONATO DE SODIO CEL;CELLERA FARMA
J01C PENICILINAS DE AMPLO ESPECTRO;AMOXICILINA CLAVULANATO CEL;CELLERA FARMA
J01G FLUOROQUINOLONAS;BACROCIN CEL;CELLERA FARMA
A11A POLIVITAMINICOS COM MINERAIS;BARISTAR CEL;CELLERA FARMA
A11E COMPLEXO B;BENEROC CEL;CELLERA FARMA
A11D VITAMINA B1 E ASSOCIACOES;BENERVA CEL;CELLERA FARMA
D07B ASSOCIACOES DE CORTICOIDES;BETAMETASONA GETAMICINA TOLNAFTATO CLIOQUINOL CEL;CELLERA FARMA
H02A CORTICOSTEROIDES PUROS;BETASPAN CEL;CELLERA FARMA
A04A ANTIEMETICOS E ANTINAUSEOSOS;BIENN CEL;CELLERA FARMA
M05B REGULADORES DO CALCIO OSSEO;BONVIVA CEL;CELLERA FARMA
N05B HIPNOTICOS SEDATIVOS;CALMAPAX CEL;CELLERA FARMA
D07B ASSOCIACOES DE CORTICOIDES;CETOBETA CEL;CELLERA FARMA
D07B ASSOCIACOES DE CORTICOIDES;CETOCONAZOL BETAMETASONA NEOMICINA CEL;CELLERA FARMA
N06A A DEPRESSIVOS E REGUL DE HUMOR;CLOR DE NORTRIPTILINA CEL;CELLERA FARMA
N06A A DEPRESSIVOS E REGUL DE HUMOR;CLOR DE VENLAFAXINA CEL;CELLERA FARMA
N06B PSICOESTIMULANTES;CONCERTA CEL;CELLERA FARMA
A11A POLIVITAMINICOS COM MINERAIS;CONVIVIA CEL;CELLERA FARMA
J01G FLUOROQUINOLONAS;CREMEDERME CEL;CELLERA FARMA
S02C ASSOCIACOES DE ANTINFECCIOSOS E CORTICOIDES;CREMEDERME CEL;CELLERA FARMA
D05A PRODUTOS ANTIPSORIASE TOPICOS;DERMOSALIC CEL;CELLERA FARMA
D07A CORTICOIDES TOPICOS PUROS;DERMOSALIC CEL;CELLERA FARMA
D05A PRODUTOS ANTIPSORIASE TOPICOS;DIPR DE BETAMETASONA ACIDO SALICILICO CEL;CELLERA FARMA
D05A PRODUTOS ANTIPSORIASE TOPICOS;DIPRO AS CEL;CELLERA FARMA
M05B REGULADORES DO CALCIO OSSEO;ENDROSTAN CEL;CELLERA FARMA
A07H INIBIDORES DA MOTILIDADE;IMOSEC CEL;CELLERA FARMA
N05A ANTIPSICOTICOS;INVEGA CEL;CELLERA FARMA
J01G FLUOROQUINOLONAS;LEVOFLOXACINO CEL;CELLERA FARMA
N01B ANESTESICOS LOCAIS EXCLUINDO DERMATOLOGICOS;LIDIAL CEL;CELLERA FARMA
N05A ANTIPSICOTICOS;MELLERIL CEL;CELLERA FARMA
M01A ANTI REUMATICOS SEM ESTEROIDES;MELOXICAM CEL;CELLERA FARMA
N07A PRODUTOS PARA A ESCLEROSE MULTIPLA;MESTINON CEL;CELLERA FARMA
A03F GASTROPROCINETICOS;MOTILIUM CEL;CELLERA FARMA
M01A ANTI REUMATICOS SEM ESTEROIDES;MOVOXICAM CEL;CELLERA FARMA
A11D VITAMINA B1 E ASSOCIACOES;NAEVIA CEL;CELLERA FARMA
D06A ANTIBACTERIANOS TOPICOS;NEMICINA;CELLERA FARMA
D06A ANTIBACTERIANOS TOPICOS;NEOMICINA CEL;CELLERA FARMA
N05A ANTIPSICOTICOS;OLANZAPINA CEL;CELLERA FARMA
A11C VITAMINA A D INCLUINDO ASSOCIACOES DAS DUAS;OSSOTRAT CEL;CELLERA FARMA
N06A A DEPRESSIVOS E REGUL DE HUMOR;OXALATO DE ESCITALOPRAM CEL;CELLERA FARMA
D01A ANTIMICOTICOS DERMATOLOGICOS;OXIPELLE CEL;CELLERA FARMA
D05B PRODUTOS ANTIPSORIASE SISTEMICOS;OXSORALEN CEL;CELLERA FARMA
N06A A DEPRESSIVOS E REGUL DE HUMOR;PAMELOR CEL;CELLERA FARMA
M03B RELAXANTES MUSCULARES ACAO CENTRAL;PARACETAMOL CARISOPRODOL DICLOFENACO CAFEINA CEL;CELLERA FARMA
A02B ANTIULCEROSOS;PARIET CEL;CELLERA FARMA
A10S AGONISTAS GLP 1;PILEXIL CEL;CELLERA FARMA
P03A ECTOPARASITICIDAS INCL ESCAB;PIOLETAL CEL;CELLERA FARMA
H03A PREPARADOS DE TIREOIDE;PURAN T4 CEL;CELLERA FARMA
D10B PREPARACOES ANTIACNE ORAIS;ROACUTAN CEL;CELLERA FARMA
P03A ECTOPARASITICIDAS INCL ESCAB;SCABENZIL CEL;CELLERA FARMA
M01A ANTI REUMATICOS SEM ESTEROIDES;TANDENE CEL;CELLERA FARMA
M03B RELAXANTES MUSCULARES ACAO CENTRAL;TANDERALGIN CEL;CELLERA FARMA
N02C CONTRA ENXAQUECA;TENSALDIN CEL;CELLERA FARMA
M02A ANTIREUMATICOS TOPICOS COM ANALGESICOS;TIADOL BUN;CELLERA FARMA
P01B ANTIHELMINTICOS EXCETO OS ESQUISTOSOMICIDAS;TIADOL BUN;CELLERA FARMA
D11A OUTRAS PREPARACOES DERMATOLOGICAS INCL XAMPUS MED;TIADOL CEL;CELLERA FARMA
P01B ANTIHELMINTICOS EXCETO OS ESQUISTOSOMICIDAS;TIADOL CEL;CELLERA FARMA
P03A ECTOPARASITICIDAS INCL ESCAB;TIAPLEX CEL;CELLERA FARMA
M01A ANTI REUMATICOS SEM ESTEROIDES;TYLEX CEL;CELLERA FARMA
R03X TODOS OS OUTROS BRONCODILATADORES;OMLYCLO CET;CELLTRION HEALTHCARE
L01G ANTICORPOS MONOCLONAIS ANTINEOPLASICOS;TRUXIMA CET;CELLTRION HEALTHCARE
L04B MEDICAMENTOS ANTI TNF;YUFLYMA;CELLTRION HEALTHCARE
A05A PRODUTOS PARA DISTURBIOS DO TRATO BILIAR;OLINA CEN;CENTROFARMA
A05A PRODUTOS PARA DISTURBIOS DO TRATO BILIAR;ALCACHOFRA CHP;CHAMEL PROD NATURAIS
R02A PREPARACOES PARA GARGANTA;CHAMEL;CHAMEL PROD NATURAIS
R05C EXPECTORANTES;CHAMEL;CHAMEL PROD NATURAIS
R03B XANTINAS;BAMIFIX CHI;CHIESI
J07X OUTROS PRODUTOS TAIS COMO VACINAS;BRONCHO VAXOM CHI;CHIESI
B03A HEMATINICOS FERRO E TODAS AS ASSOCIACOES;CHIESI;CHIESI
R05C EXPECTORANTES;CHIESI;CHIESI
M01A ANTI REUMATICOS SEM ESTEROIDES;CICLADOL CHI;CHIESI
R01A PREPARACOES NASAIS TOPICAS;CLENIL CHI;CHIESI
R03D CORTICOIDES;CLENIL CHI;CHIESI
R03F AGONISTAS BETA 2 E CORTICOIDES COMBINADO;CLENIL CHI;CHIESI
R05C EXPECTORANTES;FLUIBRON CHI;CHIESI
R03F AGONISTAS BETA 2 E CORTICOIDES COMBINADO;FOSTAIR CHI;CHIESI
C08A ANTAGONISTAS DO CALCIO PUROS;MANIVASC CHI;CHIESI
A12A CALCIO;MIOCALVEN D CHI;CHIESI
A03F GASTROPROCINETICOS;PRIDECIL CHI;CHIESI
R03L ANTICOLINERGICOS COM AGONISTAS B2;TRIMBOW CHI;CHIESI
R05C EXPECTORANTES;ACENAC CIF;CIFARMA
J05B OUTROS ANTIVIRAIS;ACIVIRAX CIF;CIFARMA
G03A CONTRACEPTIVOS HORMONAIS SISTEMICOS;ALGEAC ENAEST CIF;CIFARMA
M02A ANTIREUMATICOS TOPICOS COM ANALGESICOS;ALIVIOL CIF;CIFARMA
R04A UNGUENTOS PERCUTANEOS E OUTROS INALANTES;ALIVIOL CIF;CIFARMA
N02B NAO NARCOTICOS ANTIPIRETICOS;ALUDOR CIF;CIFARMA
R05C EXPECTORANTES;APETIVITON CIF;CIFARMA
J01F MACROLIDEOS E SIMILARES;AZITROMICINA CIF;CIFARMA
J01F MACROLIDEOS E SIMILARES;AZITRON CIF;CIFARMA
R05B ANTIGRIPAIS C ANTIINFECCIOSOS;BENATUX CIF;CIFARMA
R05C EXPECTORANTES;BENATUX CIF;CIFARMA
H02B ASSOCIACOES CORTICOSTEROIDES SISTEMICOS;BETAMETASONA CIF;CIFARMA
R05C EXPECTORANTES;BRONXOL CIF;CIFARMA
A12A CALCIO;CALCIFIX B12;CIFARMA
A12A CALCIO;CALCIFIX COMPOSTO B12;CIFARMA
N05B HIPNOTICOS SEDATIVOS;CALMASYN CIF;CIFARMA
N06A A DEPRESSIVOS E REGUL DE HUMOR;CALMASYN CIF;CIFARMA
M01A ANTI REUMATICOS SEM ESTEROIDES;CAPSFEN CIF;CIFARMA
D07B ASSOCIACOES DE CORTICOIDES;CEBETYM CIF;CIFARMA
N02B NAO NARCOTICOS ANTIPIRETICOS;CEFADRIN CIF;CIFARMA
R05C EXPECTORANTES;CIFARMA;CIFARMA
S01A ANTINFECCIOSOS;CINATREX CIF;CIFARMA
D10B PREPARACOES ANTIACNE ORAIS;CIPROTERONA CIF;CIFARMA
S01R ANTIINFLAMATORIOS OFTALMOLOGICOS NAO ESTEROIDES;CLARICURE CIF;CIFARMA
D01A ANTIMICOTICOS DERMATOLOGICOS;CLOMAZOL CIF;CIFARMA
J01A TETRACICLINAS E ASSOCIACOES;CLOR DE TETRACICLINA CIF;CIFARMA
R01A PREPARACOES NASAIS TOPICAS;COBAVIT CIF;CIFARMA
C05C TERAPIA VARICOSA SISTEMICA;CONDUVAZ CIF;CIFARMA
N02A ANALGESICOS NARCOTICOS;CYFENOL CIF;CIFARMA
N02B NAO NARCOTICOS ANTIPIRETICOS;CYFENOL CIF;CIFARMA
R06A ANTIHISTAMINICOS SISTEMICOS;DESLORATADINA CIF;CIFARMA
R06A ANTIHISTAMINICOS SISTEMICOS;DEXTAFLAM CIF;CIFARMA
H02B ASSOCIACOES CORTICOSTEROIDES SISTEMICOS;DEXTAMINE CIF;CIFARMA
R06A ANTIHISTAMINICOS SISTEMICOS;DEXTAMINE CIF;CIFARMA
N02B NAO NARCOTICOS ANTIPIRETICOS;DIFEBRIL CIF;CIFARMA
N02B NAO NARCOTICOS ANTIPIRETICOS;DIPIRONA CIF;CIFARMA
M03B RELAXANTES MUSCULARES ACAO CENTRAL;DORCIFLEXIN CIF;CIFARMA
N02B NAO NARCOTICOS ANTIPIRETICOS;DORILESS CIF;CIFARMA
G03A CONTRACEPTIVOS HORMONAIS SISTEMICOS;ENA DE NORETISTERONA VAL DE ESTRADIOL CIF;CIFARMA
A02B ANTIULCEROSOS;EUPEPT CIF;CIFARMA
D10B PREPARACOES ANTIACNE ORAIS;FERANE CIF;CIFARMA
G03A CONTRACEPTIVOS HORMONAIS SISTEMICOS;FERANE CIF;CIFARMA
G03A CONTRACEPTIVOS HORMONAIS SISTEMICOS;FERTNON CIF;CIFARMA
A07F MICROORGANISMOS ANTIDIARREICOS;FLORA CIF;CIFARMA
A07F MICROORGANISMOS ANTIDIARREICOS;FLORAB CIF;CIFARMA
A07F MICROORGANISMOS ANTIDIARREICOS;FLORALON CIF;CIFARMA
A07F MICROORGANISMOS ANTIDIARREICOS;FLORENT CIF;CIFARMA
A02A ANTIACIDOS ANTIFISETICOS;GASTROLIV CIF;CIFARMA
G03A CONTRACEPTIVOS HORMONAIS SISTEMICOS;GESTODENO ETINILESTRADIOL CIF;CIFARMA
A10H SULFONILOUREIA A DIABETICOS;GLICARON CIF;CIFARMA
R05A ANTIGRIPAIS EXCLUINDO ANTINFECCIOSOS;GRIPEOL CIF;CIFARMA
A02B ANTIULCEROSOS;H BACTER CIF;CIFARMA
A02B ANTIULCEROSOS;HBACTER CIF;CIFARMA
C05A ANTIHEMORROIDARIOS TOPICOS;HEMOCORT CIF;CIFARMA
A06A DROGAS PARA A CONSTIPACAO;IMOLAC CIF;CIFARMA
A06A DROGAS PARA A CONSTIPACAO;LACPLUS CIF;CIFARMA
A07F MICROORGANISMOS ANTIDIARREICOS;LACTO CIF;CIFARMA
J01C PENICILINAS DE AMPLO ESPECTRO;LANSO+CLARITR+AMOXICILINA CIF;CIFARMA
G03A CONTRACEPTIVOS HORMONAIS SISTEMICOS;LEVONORGESTREL CIF;CIFARMA
G03A CONTRACEPTIVOS HORMONAIS SISTEMICOS;LEVONORGESTREL ETINILESTRADIOL CIF;CIFARMA
G03A CONTRACEPTIVOS HORMONAIS SISTEMICOS;LINOFEME CIF;CIFARMA
A05B PRODUTOS PARA DOENCAS DO FIGADO HEPATOPROTETORES;LISON CIF;CIFARMA
G03C ESTROGENOS E ASSOCIACOES EXCETO G03A G03E G03F;MENOPRIN CIF;CIFARMA
A04A ANTIEMETICOS E ANTINAUSEOSOS;NAUSILON B6 CIF;CIFARMA
N02C CONTRA ENXAQUECA;NERALGYN CIF;CIFARMA
M01A ANTI REUMATICOS SEM ESTEROIDES;NIMESULIDA CIF;CIFARMA
A07B ADSORBENTES INTESTINALES ANTIDIARREICOS;NOINTOX CIF;CIFARMA
G03A CONTRACEPTIVOS HORMONAIS SISTEMICOS;NOREGYNA CIF;CIFARMA
A02B ANTIULCEROSOS;OMEPRAZOL CIF;CIFARMA
A07G REPOSITORES ELECTROLITICOS ORAIS;ORALDRAT CIF;CIFARMA
A12A CALCIO;OSS-FOR;CIFARMA
P03A ECTOPARASITICIDAS INCL ESCAB;PEDIDERM CIF;CIFARMA
M01A ANTI REUMATICOS SEM ESTEROIDES;PIROXICAM CIF;CIFARMA
R05C EXPECTORANTES;POLARATUSS CIF;CIFARMA
R06A ANTIHISTAMINICOS SISTEMICOS;POLAREN CIF;CIFARMA
G03A CONTRACEPTIVOS HORMONAIS SISTEMICOS;POSLOV CIF;CIFARMA
G03A CONTRACEPTIVOS HORMONAIS SISTEMICOS;PREGNOLAN CIF;CIFARMA
P01B ANTIHELMINTICOS EXCETO OS ESQUISTOSOMICIDAS;PYVERM CIF;CIFARMA
D03A AGENTES CURATIVOS FERIDAS;QUEIMALIVE CIF;CIFARMA
A07G REPOSITORES ELECTROLITICOS ORAIS;SOROZINC CIF;CIFARMA
M01A ANTI REUMATICOS SEM ESTEROIDES;TENOXICAM CIF;CIFARMA
G03B ANDROGENOS E ASSOCIACOES EXCETO G3E G3F;TESTOSTERONA CIF;CIFARMA
C05C TERAPIA VARICOSA SISTEMICA;VARICOSS CIF;CIFARMA
C05C TERAPIA VARICOSA SISTEMICA;VENOCEL CIF;CIFARMA
R05C EXPECTORANTES;ACEBROFILINA CIM;CIMED
M01A ANTI REUMATICOS SEM ESTEROIDES;ACECLOFENACO CIM;CIMED
D06D PRODUTOS PARA INFECOES VIRAIS;ACICLOVIR CIM;CIMED
J05B OUTROS ANTIVIRAIS;ACICLOVIR CIM;CIMED
B01C INIBIDORES DA AGREGACAO PLAQUETARIA;ACIDO ACETILSALICILICO CIM;CIMED
P01B ANTIHELMINTICOS EXCETO OS ESQUISTOSOMICIDAS;ALBENDAZOL CIM;CIMED
D04A ANTIPRURIGINOSOS,INCLUSIVE ANTIHISTAMINICOS ANESTE;ALERGOMINE CIM;CIMED
R06A ANTIHISTAMINICOS SISTEMICOS;ALERGOMINE CIM;CIMED
A03A ANTIESPASMODICOS E ANTICOLINERGICOS PUROS;ALGEXIN CIM;CIMED
R05C EXPECTORANTES;AMBROXMED CIM;CIMED
R02A PREPARACOES PARA GARGANTA;AMBROXMEL CIM;CIMED
R05C EXPECTORANTES;AMBROXMEL CIM;CIMED
J01C PENICILINAS DE AMPLO ESPECTRO;AMOXICILINA CIM;CIMED
J01C PENICILINAS DE AMPLO ESPECTRO;AMOXIMED CIM;CIMED
C08A ANTAGONISTAS DO CALCIO PUROS;ANLODIPINO CIM;CIMED
A11B POLIVITAMINICOS PUROS;APMED CIM;CIMED
M02A ANTIREUMATICOS TOPICOS COM ANALGESICOS;ARNICA CIM;CIMED
C09C ANTAGONISTAS DE LA ANGIOTENSINA II PUROS;ATORVASTATINA CIM;CIMED
C10A PREPARADOS PARA REGULACAO COLESTEROL E TRIGLICERID;ATORVASTATINA CIM;CIMED
J01F MACROLIDEOS E SIMILARES;AZIMED CIM;CIMED
J01F MACROLIDEOS E SIMILARES;AZITROMICINA CIM;CIMED
C08A ANTAGONISTAS DO CALCIO PUROS;BESILATO DE ANLODIPINO CIM;CIMED
B01A ANTICOAGULANTES NAO INJETAVEIS;BISSULFATO CLOPIDOGREL CIM;CIMED
A03F GASTROPROCINETICOS;BROMOPRIDA CIM;CIMED
C09A INIBIDORES ACE PUROS;CAPTOMED CIM;CIMED
C09A INIBIDORES ACE PUROS;CAPTOPRIL CIM;CIMED
R05C EXPECTORANTES;CARBOCISTEINA XAROPE CIM;CIMED
C07A AGENTES BETA BLOQUEADORES PUROS;CARVEDILOL CIM;CIMED
J01D CEFALOSPORINAS;CEFACIMED CIM;CIMED
J01D CEFALOSPORINAS;CEFALEXINA CIM;CIMED
D07B ASSOCIACOES DE CORTICOIDES;CETOC+BETAM+NEO. CM5 CIM;CIMED
D07B ASSOCIACOES DE CORTICOIDES;CETOCONAZOL BETAMETASONA NEOMICINA CIM;CIMED
D01A ANTIMICOTICOS DERMATOLOGICOS;CETOCONAZOL CIM;CIMED
D11A OUTRAS PREPARACOES DERMATOLOGICAS INCL XAMPUS MED;CETOCONAZOL CIM;CIMED
J02A AGENTES ANTIMICOTICOS SISTEMICOS EXCLUINDO GRISEOF;CETOCONAZOL CIM;CIMED
J02A AGENTES ANTIMICOTICOS SISTEMICOS EXCLUINDO GRISEOF;CETOMED CIM;CIMED
S01R ANTIINFLAMATORIOS OFTALMOLOGICOS NAO ESTEROIDES;CICATRIMED CIM;CIMED
M03B RELAXANTES MUSCULARES ACAO CENTRAL;CICLOBENZAPRINA CIM;CIMED
D01A ANTIMICOTICOS DERMATOLOGICOS;CICONAZOL CIM;CIMED
R02A PREPARACOES PARA GARGANTA;CIFLOGEX CIM;CIMED
D07B ASSOCIACOES DE CORTICOIDES;CIMECORT CIM;CIMED
R05A ANTIGRIPAIS EXCLUINDO ANTINFECCIOSOS;CIMEGRIPE;CIMED
A11X OUTRAS VITAMINAS PURAS;CIMEGRIPE CIM;CIMED
N02B NAO NARCOTICOS ANTIPIRETICOS;CIMEGRIPE CIM;CIMED
R04A UNGUENTOS PERCUTANEOS E OUTROS INALANTES;CIMEGRIPE CIM;CIMED
R05A ANTIGRIPAIS EXCLUINDO ANTINFECCIOSOS;CIMEGRIPE CIM;CIMED
R05C EXPECTORANTES;CIMEGRIPE CIM;CIMED
M01A ANTI REUMATICOS SEM ESTEROIDES;CIMELIDE CIM;CIMED
R01A PREPARACOES NASAIS TOPICAS;CIMESPRAY CIM;CIMED
R05C EXPECTORANTES;CIMETOSSE CIM;CIMED
C10A PREPARADOS PARA REGULACAO COLESTEROL E TRIGLICERID;CIPROFIBRATO CIM;CIMED
G04E PRODUTOS PARA DISFUNCAO ERETIL;CITRATO DE SILDENAFILA CIM;CIMED
D07B ASSOCIACOES DE CORTICOIDES;CITRICONEX CIM;CIMED
M01A ANTI REUMATICOS SEM ESTEROIDES;CLOFEN CIM;CIMED
R05C EXPECTORANTES;CLOR AMBROXOL CIM;CIMED
R05C EXPECTORANTES;CLOR DE AMBROXOL XAROPE CIM;CIMED
M03B RELAXANTES MUSCULARES ACAO CENTRAL;CLOR DE CICLOBENZAPRINA CIM;CIMED
J01G FLUOROQUINOLONAS;CLOR DE CIPROFLOXACINO CIM;CIMED
R06A ANTIHISTAMINICOS SISTEMICOS;CLOR DE FEXOFENADINA CIM;CIMED
N06A A DEPRESSIVOS E REGUL DE HUMOR;CLOR DE FLUOXETINA CIM;CIMED
N06A A DEPRESSIVOS E REGUL DE HUMOR;CLOR DE PAROXETINA CIM;CIMED
N06A A DEPRESSIVOS E REGUL DE HUMOR;CLOR DE SERTRALINA CIM;CIMED
R06A ANTIHISTAMINICOS SISTEMICOS;CLORIDRATO DE FEXOFENADINA CIM;CIMED
A01A ESTOMATOLOGICOS;COLUJET CIM;CIMED
R05C EXPECTORANTES;DEXCLORFENIRAMINA BETAMETASONA XAROPE CIM;CIMED
R06A ANTIHISTAMINICOS SISTEMICOS;DEXCLORFENIRAMINA CIM;CIMED
H02B ASSOCIACOES CORTICOSTEROIDES SISTEMICOS;DEXMINE CIM;CIMED
G03A CONTRACEPTIVOS HORMONAIS SISTEMICOS;DIAD CIM;CIMED
M01A ANTI REUMATICOS SEM ESTEROIDES;DICLOFENACO CIM;CIMED
M02A ANTIREUMATICOS TOPICOS COM ANALGESICOS;DICLOFENACO CIM;CIMED
A02A ANTIACIDOS ANTIFISETICOS;DIMETIGASS CIM;CIMED
N02B NAO NARCOTICOS ANTIPIRETICOS;DIPIRONA CIM;CIMED
A03F GASTROPROCINETICOS;DOMPERIDONA CIM;CIMED
A06A DROGAS PARA A CONSTIPACAO;DUCODIL CIM;CIMED
C09A INIBIDORES ACE PUROS;ENALAPRIL CIM;CIMED
A05B PRODUTOS PARA DOENCAS DO FIGADO HEPATOPROTETORES;EPATIVAN CIM;CIMED
A02B ANTIULCEROSOS;ESOMEPRAZOL CIM;CIMED
R06A ANTIHISTAMINICOS SISTEMICOS;FEXX CIM;CIMED
A05B PRODUTOS PARA DOENCAS DO FIGADO HEPATOPROTETORES;FIGMED CIM;CIMED
G04C PRODUTOS PARA HIPERPLASIA PROSTATICA BENIGNA HPB;FINASTERIDA CIM;CIMED
J02A AGENTES ANTIMICOTICOS SISTEMICOS EXCLUINDO GRISEOF;FLUCOMED CIM;CIMED
J02A AGENTES ANTIMICOTICOS SISTEMICOS EXCLUINDO GRISEOF;FLUCONAZOL CIM;CIMED
R02A PREPARACOES PARA GARGANTA;FRENO CIM;CIMED
R05C EXPECTORANTES;FRENOTOSSE CIM;CIMED
A02A ANTIACIDOS ANTIFISETICOS;FRUSALT CIM;CIMED
C03A DIURETICOS;FUROSEMIDA CIM;CIMED
R02A PREPARACOES PARA GARGANTA;GARGABEM CIM;CIMED
C04A VASOTERAPIA CEREBRAL E PERIFERICA;GINKOMED CIM;CIMED
A10H SULFONILOUREIA A DIABETICOS;GLIBENCLAMIDA CIM;CIMED
A10H SULFONILOUREIA A DIABETICOS;GLIMEPIRIDA CIM;CIMED
R05C EXPECTORANTES;HEDERA CIM;CIMED
C05A ANTIHEMORROIDARIOS TOPICOS;HEMOFISS CIM;CIMED
A05B PRODUTOS PARA DOENCAS DO FIGADO HEPATOPROTETORES;HEPAMED;CIMED
A05A PRODUTOS PARA DISTURBIOS DO TRATO BILIAR;HEPAMED CIM;CIMED
C03A DIURETICOS;HIDROCLOROTIAZIDA CIM;CIMED
M01A ANTI REUMATICOS SEM ESTEROIDES;IBUPROFENO CIM;CIMED
N02B NAO NARCOTICOS ANTIPIRETICOS;IBUPROFENO CIM;CIMED
C05A ANTIHEMORROIDARIOS TOPICOS;KURAMED CIM;CIMED
D08A ANTISSEPTICOS E DESINFETANTES EXCL CURATIVOS MEDIC;KURAMED CIM;CIMED
A06A DROGAS PARA A CONSTIPACAO;LACTOLINEA CIM;CIMED
A07G REPOSITORES ELECTROLITICOS ORAIS;LAVITAN CIM;CIMED
A06A DROGAS PARA A CONSTIPACAO;LEITEDEMAGNESIA CIM;CIMED
J01G FLUOROQUINOLONAS;LEVOFLOXACINO CIM;CIMED
G03A CONTRACEPTIVOS HORMONAIS SISTEMICOS;LEVONORGESTREL CIM;CIMED
D04A ANTIPRURIGINOSOS,INCLUSIVE ANTIHISTAMINICOS ANESTE;LIDOPASS CIM;CIMED
N01B ANESTESICOS LOCAIS EXCLUINDO DERMATOLOGICOS;LIDOPASS CIM;CIMED
R06A ANTIHISTAMINICOS SISTEMICOS;LORATADINA CIM;CIMED
R06A ANTIHISTAMINICOS SISTEMICOS;LORATADINA XAROPE CIM;CIMED
R06A ANTIHISTAMINICOS SISTEMICOS;LORATAMED CIM;CIMED
C09C ANTAGONISTAS DE LA ANGIOTENSINA II PUROS;LOSARTANA CIM;CIMED
A02A ANTIACIDOS ANTIFISETICOS;MAGNAZIA CIM;CIMED
A06A DROGAS PARA A CONSTIPACAO;MAGNAZIA CIM;CIMED
M02A ANTIREUMATICOS TOPICOS COM ANALGESICOS;MASSAGEONE CIM;CIMED
P01B ANTIHELMINTICOS EXCETO OS ESQUISTOSOMICIDAS;MEBENDAZOL CIM;CIMED
M01A ANTI REUMATICOS SEM ESTEROIDES;MELOXICAM CIM;CIMED
C02A ANTIHIPERTENSIVOS NAO HERBACEOS PUROS;MESILATO DE DOXAZOSINA CIM;CIMED
A10J BIGUANIDA A DIABETICOS;METFORMED CIM;CIMED
C07A AGENTES BETA BLOQUEADORES PUROS;METOPROLOL CIM;CIMED
D01A ANTIMICOTICOS DERMATOLOGICOS;MICONAZOL CIM;CIMED
N06A A DEPRESSIVOS E REGUL DE HUMOR;MIRTAZAPINA CIM;CIMED
R03J ANTI ASMATICOS ANTAGONISTAS DE LEUCOTRIENE;MONTELUCASTE CIM;CIMED
R01A PREPARACOES NASAIS TOPICAS;NARIX CIM;CIMED
D06A ANTIBACTERIANOS TOPICOS;NEBACIMED CIM;CIMED
A02B ANTIULCEROSOS;NEPRAZOL CIM;CIMED
A03D ASSOCIACOES COM ANALGESICOS;NEVRALGEX;CIMED
M02A ANTIREUMATICOS TOPICOS COM ANALGESICOS;NEVRALGEX CIM;CIMED
M03B RELAXANTES MUSCULARES ACAO CENTRAL;NEVRALGEX CIM;CIMED
N02B NAO NARCOTICOS ANTIPIRETICOS;NEVRALGEX CIM;CIMED
M02A ANTIREUMATICOS TOPICOS COM ANALGESICOS;NEVRALPRO CIM;CIMED
M01A ANTI REUMATICOS SEM ESTEROIDES;NIMESULIDA CIM;CIMED
D01A ANTIMICOTICOS DERMATOLOGICOS;NISTATINA OXIDO DE ZINCO CIM;CIMED
D01A ANTIMICOTICOS DERMATOLOGICOS;NITRATO DE MICONAZOL CIM;CIMED
J01G FLUOROQUINOLONAS;NORFLOXACINO CIM;CIMED
A06A DROGAS PARA A CONSTIPACAO;OLEO CIM;CIMED
A02B ANTIULCEROSOS;OMEPRAMED CIM;CIMED
C10A PREPARADOS PARA REGULACAO COLESTEROL E TRIGLICERID;OMEPRAMED CIM;CIMED
A02B ANTIULCEROSOS;OMEPRAZOL CIM;CIMED
R05A ANTIGRIPAIS EXCLUINDO ANTINFECCIOSOS;ONEGRIPE CIM;CIMED
N06A A DEPRESSIVOS E REGUL DE HUMOR;OXALATO DE ESCITALOPRAM CIM;CIMED
A02B ANTIULCEROSOS;PANTOPRAZOL CIM;CIMED
N02B NAO NARCOTICOS ANTIPIRETICOS;PARACETAMOL CIM;CIMED
P03A ECTOPARASITICIDAS INCL ESCAB;PARASIMED CIM;CIMED
P03A ECTOPARASITICIDAS INCL ESCAB;PEDILETAN CIM;CIMED
P01B ANTIHELMINTICOS EXCETO OS ESQUISTOSOMICIDAS;PERMETRINA CIM;CIMED
R06A ANTIHISTAMINICOS SISTEMICOS;PRAALERGIA CIM;CIMED
N02B NAO NARCOTICOS ANTIPIRETICOS;PRALIVIO CIM;CIMED
H02A CORTICOSTEROIDES PUROS;PREDNISOLONA CIM;CIMED
N02D PROD GABAPENTINOIDES;PREGABALINA CIM;CIMED
M01A ANTI REUMATICOS SEM ESTEROIDES;PROBENXIL CIM;CIMED
M02A ANTIREUMATICOS TOPICOS COM ANALGESICOS;PROBENXIL CIM;CIMED
C07A AGENTES BETA BLOQUEADORES PUROS;PROPRAMED CIM;CIMED
C09C ANTAGONISTAS DE LA ANGIOTENSINA II PUROS;PROPRAMED CIM;CIMED
D07B ASSOCIACOES DE CORTICOIDES;QUADRITOP CIM;CIMED
N05A ANTIPSICOTICOS;QUETIAPINA CIM;CIMED
A05B PRODUTOS PARA DOENCAS DO FIGADO HEPATOPROTETORES;RESSALIV;CIMED
A02A ANTIACIDOS ANTIFISETICOS;RESSALIV CIM;CIMED
A02A ANTIACIDOS ANTIFISETICOS;RESSALIV PRE;CIMED
N02B NAO NARCOTICOS ANTIPIRETICOS;RESSALIVDOR CIM;CIMED
B01F INIBIDOR DIRETO DO FATOR XA;RIVAROXABANA CIM;CIMED
C10A PREPARADOS PARA REGULACAO COLESTEROL E TRIGLICERID;ROSUVASTATINA CALCICA CIM;CIMED
C10A PREPARADOS PARA REGULACAO COLESTEROL E TRIGLICERID;ROSUVASTATINA CIM;CIMED
M01A ANTI REUMATICOS SEM ESTEROIDES;SEDAMED CIM;CIMED
N02C CONTRA ENXAQUECA;SEDAMED CIM;CIMED
N06A A DEPRESSIVOS E REGUL DE HUMOR;SERTRALINA CIM;CIMED
A02A ANTIACIDOS ANTIFISETICOS;SIMETICONA CIM;CIMED
C10A PREPARADOS PARA REGULACAO COLESTEROL E TRIGLICERID;SINVASTATINA CIM;CIMED
N05B HIPNOTICOS SEDATIVOS;SOSSEG CIM;CIMED
R01A PREPARACOES NASAIS TOPICAS;SPRAY NASAL CIM;CIMED
C07A AGENTES BETA BLOQUEADORES PUROS;SUCCINATO DE METOPROLOL CIM;CIMED
D06A ANTIBACTERIANOS TOPICOS;SUL DE NEOMICINA BACITRACINA CIM;CIMED
G04E PRODUTOS PARA DISFUNCAO ERETIL;TADALAFILA CIM;CIMED
N02A ANALGESICOS NARCOTICOS;TRAMADOL CM5;CIMED
A01A ESTOMATOLOGICOS;TRIANCINOLONA ACETONIDA CIM;CIMED
N05B HIPNOTICOS SEDATIVOS;VALERIMED CIM;CIMED
C09C ANTAGONISTAS DE LA ANGIOTENSINA II PUROS;VALSARTANA CIM;CIMED
N02B NAO NARCOTICOS ANTIPIRETICOS;VANTIL CIM;CIMED
G04E PRODUTOS PARA DISFUNCAO ERETIL;VIGAMED CIM;CIMED
A12A CALCIO;VOXX CALCIOMIX CIM;CIMED
B01A ANTICOAGULANTES NAO INJETAVEIS;WARYZ CIM;CIMED
C05C TERAPIA VARICOSA SISTEMICA;WARYZ CIM;CIMED
D04A ANTIPRURIGINOSOS,INCLUSIVE ANTIHISTAMINICOS ANESTE;XO CIM;CIMED
N05B HIPNOTICOS SEDATIVOS;ZOLPIDEM CIM;CIMED
H04X OUTRAS HORMONIOS E PREPARACAO COM ACOES SIMILARES;SUPRABIO CLA;CLAMED
R05C EXPECTORANTES;APIARIO MARTINS;CLARIMAR LACERDA MARTINS
A06A DROGAS PARA A CONSTIPACAO;LACTUFOR CLF;CONLIFE
R02A PREPARACOES PARA GARGANTA;CONTEMPER;CONTEMPER
R05B ANTIGRIPAIS C ANTIINFECCIOSOS;CONTEMPER;CONTEMPER
D03A AGENTES CURATIVOS FERIDAS;DUODERM CON;CONVATEC
R02A PREPARACOES PARA GARGANTA;CONAP;COOP NACIONAL DE APICULTORES
S01L PREPARADOS PARA USO COM LENTES DE CONTATO;BIOINFINITY;COOPERVISION
R05C EXPECTORANTES;CISTELIV;COPAPHARMA
R05C EXPECTORANTES;COPAPHARMA;COPAPHARMA
M02A ANTIREUMATICOS TOPICOS COM ANALGESICOS;BODIHEAT COR;CORPUS COM DIST DE ALMOFADAS TERMICAS LTDA
M02A ANTIREUMATICOS TOPICOS COM ANALGESICOS;ARRELIQUE;CORPUS LIFE
R06A ANTIHISTAMINICOS SISTEMICOS;DESCON COS;COSMED
G01B ANTIMICOTICOS GINECOLOGICOS;UMMA COS;COSMED
M02A ANTIREUMATICOS TOPICOS COM ANALGESICOS;CREMER;CREMER
R05C EXPECTORANTES;CRISOMEL;CRISOMEL
L02B ANTAGONISTAS DE HORMONIOS CITOSTATICOS;ABMETHA CRI;CRISTALIA
M05B REGULADORES DO CALCIO OSSEO;ACIDO ZOLEDRONICO CRI;CRISTALIA
M05B REGULADORES DO CALCIO OSSEO;AFRAT CRI;CRISTALIA
M03B RELAXANTES MUSCULARES ACAO CENTRAL;ANA FLEX CRI;CRISTALIA
M03B RELAXANTES MUSCULARES ACAO CENTRAL;ANAFLEX CRI;CRISTALIA
A12C OUTROS SUPLEMENTOS MINERAIS;ARTROMOBIL CRI;CRISTALIA
S01E MIOTICOS E PRAPARADOS ANTIGLAUCOMA;B TABLOCK CRI;CRISTALIA
S01K PRODUTOS PARA OLHO SECO;BTABLOCK CRI;CRISTALIA
G02D INIBIDORES DA PROLACTINA;CABEREDUX CRI;CRISTALIA
S01F MIDRIATICOS E CICLOPLEGICOS;CICLOMIDRIN CRI;CRISTALIA
S01K PRODUTOS PARA OLHO SECO;CICLOMIDRIN CRI;CRISTALIA
N04A ANTIPARKINSONIANOS;CINETOL CRI;CRISTALIA
N03A ANTICONVULSIVANTES;CLOPAM CRI;CRISTALIA
N02A ANALGESICOS NARCOTICOS;CODEIN CRI;CRISTALIA
N05C TRANQUILIZANTES;COMPAZ CRI;CRISTALIA
N05A ANTIPSICOTICOS;CRISAPINA CRI;CRISTALIA
H04C HORMONIOS DO CRESCIMENTO;CRISCY CRI;CRISTALIA
N06A A DEPRESSIVOS E REGUL DE HUMOR;DEPRASIL CRI;CRISTALIA
J01G FLUOROQUINOLONAS;DERMACERIUM CRI;CRISTALIA
P01B ANTIHELMINTICOS EXCETO OS ESQUISTOSOMICIDAS;DERMACERIUMHS CRI;CRISTALIA
J01G FLUOROQUINOLONAS;DERMAZINE CRI;CRISTALIA
G03A CONTRACEPTIVOS HORMONAIS SISTEMICOS;DESOGESTREL ETINILESTRADIOL CRI;CRISTALIA
N02A ANALGESICOS NARCOTICOS;DIMORF CRI;CRISTALIA
G03A CONTRACEPTIVOS HORMONAIS SISTEMICOS;DIVA 30 CRI;CRISTALIA
G03A CONTRACEPTIVOS HORMONAIS SISTEMICOS;DIVA CRI;CRISTALIA
N05B HIPNOTICOS SEDATIVOS;DORMIRE CRI;CRISTALIA
G04D PRODUTOS PARA INCONTINENCIA URINARIA;DRY CRI;CRISTALIA
H02A CORTICOSTEROIDES PUROS;DUOFLAM CRI;CRISTALIA
S01X OUTROS OFTALMOLOGICOS;ECOFILM CRI;CRISTALIA
S01X OUTROS OFTALMOLOGICOS;EPITHELIZE CRI;CRISTALIA
N06A A DEPRESSIVOS E REGUL DE HUMOR;ESCENA CRI;CRISTALIA
M01A ANTI REUMATICOS SEM ESTEROIDES;ETOD CRI;CRISTALIA
S01B CORTICOIDES;FLUTINOL CRI;CRISTALIA
D01A ANTIMICOTICOS DERMATOLOGICOS;FUNTYL CRI;CRISTALIA
J02A AGENTES ANTIMICOTICOS SISTEMICOS EXCLUINDO GRISEOF;FUNTYL CRI;CRISTALIA
J01G FLUOROQUINOLONAS;GINODERMAZINE CRI;CRISTALIA
N02D PROD GABAPENTINOIDES;GLYA CRI CRI;CRISTALIA
N05A ANTIPSICOTICOS;HALO DECANOATO CRI;CRISTALIA
B01B ANTICOAGULANTES INJETAVEIS;HEPARINOX CRI;CRISTALIA
S01K PRODUTOS PARA OLHO SECO;HIGICLER CRI;CRISTALIA
S01X OUTROS OFTALMOLOGICOS;HIGICLER CRI;CRISTALIA
N06A A DEPRESSIVOS E REGUL DE HUMOR;IMIPRA CRI;CRISTALIA
J01G FLUOROQUINOLONAS;KOLLAGENAGE CRI;CRISTALIA
D03A AGENTES CURATIVOS FERIDAS;KOLLAGENASE COM CLORANFENICOL CRI;CRISTALIA
D03A AGENTES CURATIVOS FERIDAS;KOLLAGENASE CRI;CRISTALIA
J01G FLUOROQUINOLONAS;KOLLAGENASE CRI;CRISTALIA
N07D PRODUTOS ANTI ALZHEIMER;LABREA CRI;CRISTALIA
N07D PRODUTOS ANTI ALZHEIMER;LABREA DUO CRI;CRISTALIA
S01X OUTROS OFTALMOLOGICOS;LACRIBELL CRI;CRISTALIA
L04X OUTROS IMUNOSSUPRESORES;LEFLUN CRI;CRISTALIA
N05A ANTIPSICOTICOS;LEVOZINE CRI;CRISTALIA
N01B ANESTESICOS LOCAIS EXCLUINDO DERMATOLOGICOS;LIDOCAINA CRI;CRISTALIA
N06A A DEPRESSIVOS E REGUL DE HUMOR;LITERATA ACH;CRISTALIA
N06A A DEPRESSIVOS E REGUL DE HUMOR;LITERATA CRI;CRISTALIA
S01K PRODUTOS PARA OLHO SECO;LUNAH CRI;CRISTALIA
S01K PRODUTOS PARA OLHO SECO;LUNERA CRI;CRISTALIA
S01K PRODUTOS PARA OLHO SECO;MAXIBELL CRI;CRISTALIA
S01A ANTINFECCIOSOS;MAXIFLOX CRI;CRISTALIA
S01C COMBINACOES DE ANTI INFLAMATORIOS OFTALMICOS E ANT;MAXIFLOXD CRI;CRISTALIA
J01G FLUOROQUINOLONAS;MAXILERG CRI;CRISTALIA
N07D PRODUTOS ANTI ALZHEIMER;MICOFENOLATO DE MOFETILA CRI;CRISTALIA
S01X OUTROS OFTALMOLOGICOS;MIRUGELL CRI;CRISTALIA
N02A ANALGESICOS NARCOTICOS;MYTEDOM CRI;CRISTALIA
D01A ANTIMICOTICOS DERMATOLOGICOS;NADERM CRI;CRISTALIA
A04A ANTIEMETICOS E ANTINAUSEOSOS;NAUSEDRON CRI;CRISTALIA
N03A ANTICONVULSIVANTES;NEURAL CRI;CRISTALIA
S01E MIOTICOS E PRAPARADOS ANTIGLAUCOMA;NOSTIL CRI;CRISTALIA
S01K PRODUTOS PARA OLHO SECO;NOSTIL CRI;CRISTALIA
S01B CORTICOIDES;OFTPRED CRI;CRISTALIA
S01K PRODUTOS PARA OLHO SECO;OFTPRED CRI;CRISTALIA
A02B ANTIULCEROSOS;OMEPRAZOL CRI;CRISTALIA
A04A ANTIEMETICOS E ANTINAUSEOSOS;ONDANSETRONA CRI;CRISTALIA
G02X OTROS PRODUTOS GINECOLOGICOS;ORGANZA CRI;CRISTALIA
S01K PRODUTOS PARA OLHO SECO;OXINEST CRI;CRISTALIA
N04A ANTIPARKINSONIANOS;PARKIDOPA CRI;CRISTALIA
N05B HIPNOTICOS SEDATIVOS;PASSIFLORINE CRI;CRISTALIA
S01E MIOTICOS E PRAPARADOS ANTIGLAUCOMA;PILOCAN CRI;CRISTALIA
N05A ANTIPSICOTICOS;PINAZAN CRI;CRISTALIA
S01X OUTROS OFTALMOLOGICOS;PLENIGELL CRI;CRISTALIA
S01E MIOTICOS E PRAPARADOS ANTIGLAUCOMA;PRESMIN CRI;CRISTALIA
S01K PRODUTOS PARA OLHO SECO;PRESMIN CRI;CRISTALIA
M03A RELAXANTES MUSCULARES DE ACAO PERIFERICA;PROSIGNE CRI;CRISTALIA
N04A ANTIPARKINSONIANOS;QUERA CRI;CRISTALIA
N04A ANTIPARKINSONIANOS;QUERA LP CRI;CRISTALIA
N05A ANTIPSICOTICOS;QUETIPIN CRI;CRISTALIA
A06A DROGAS PARA A CONSTIPACAO;REGENCEL CRI;CRISTALIA
N07E PRODUTOS USADOS NA DEPENDENCIA DO ALCOOL;REVIA CRI;CRISTALIA
N07X TODAS OUTRAS DROGAS PARA SNC;RILUZOL CRI;CRISTALIA
N05A ANTIPSICOTICOS;RISPERIDONA CRI;CRISTALIA
N05A ANTIPSICOTICOS;SENSAZ CRI;CRISTALIA
N05C TRANQUILIZANTES;SENSAZ CRI;CRISTALIA
N03A ANTICONVULSIVANTES;TEGRETARD CRI;CRISTALIA
N03A ANTICONVULSIVANTES;TEMPORA CRI;CRISTALIA
M01A ANTI REUMATICOS SEM ESTEROIDES;TEROCOXI CRI;CRISTALIA
S01E MIOTICOS E PRAPARADOS ANTIGLAUCOMA;TEROLAC CRI;CRISTALIA
S01K PRODUTOS PARA OLHO SECO;TEROLAC CRI;CRISTALIA
S01E MIOTICOS E PRAPARADOS ANTIGLAUCOMA;TEROQUATRO CRI;CRISTALIA
S01A ANTINFECCIOSOS;TOBRACIN CRI;CRISTALIA
S01C COMBINACOES DE ANTI INFLAMATORIOS OFTALMICOS E ANT;TOBRACIN CRI;CRISTALIA
S01K PRODUTOS PARA OLHO SECO;TOBRACIN CRI;CRISTALIA
S01C COMBINACOES DE ANTI INFLAMATORIOS OFTALMICOS E ANT;TOBRACIN D;CRISTALIA
S01A ANTINFECCIOSOS;TOBRAMICINA COLIRIO CRI;CRISTALIA
N02A ANALGESICOS NARCOTICOS;TRAMADON CRI;CRISTALIA
N06A A DEPRESSIVOS E REGUL DE HUMOR;VELLANA CRI;CRISTALIA
N06A A DEPRESSIVOS E REGUL DE HUMOR;VENSATE LP CRI;CRISTALIA
J02A AGENTES ANTIMICOTICOS SISTEMICOS EXCLUINDO GRISEOF;VORI CRI;CRISTALIA
D11A OUTRAS PREPARACOES DERMATOLOGICAS INCL XAMPUS MED;VORICONAZOL CRI;CRISTALIA
J02A AGENTES ANTIMICOTICOS SISTEMICOS EXCLUINDO GRISEOF;VORICONAZOL CRI;CRISTALIA
N01B ANESTESICOS LOCAIS EXCLUINDO DERMATOLOGICOS;XYLESTESIN;CRISTALIA
N01B ANESTESICOS LOCAIS EXCLUINDO DERMATOLOGICOS;XYLESTESIN CRI;CRISTALIA
L01X OUTROS ANTINEOPLASICOS;BERINERT CSL;CSL BEHRING
K03B SOLUCOES PROTEICAS;CSL BEHRING;CSL BEHRING
J06J OUTRAS IMUNO GLOBULINAS ESPECIFICAS;RHOPHYLAC CSL;CSL BEHRING
J06C IMUNO GLOBULINAS POLIVALENTES ENDOVENOSAS;SANDOGLOBULINA CSL;CSL BEHRING
D03A AGENTES CURATIVOS FERIDAS;CURATEC;CURATEC
A11A POLIVITAMINICOS COM MINERAIS;GONUTRI;D1000
R02A PREPARACOES PARA GARGANTA;POLIMIX;D1000
R05B ANTIGRIPAIS C ANTIINFECCIOSOS;POLIMIX;D1000
M02A ANTIREUMATICOS TOPICOS COM ANALGESICOS;DAGUA NATURAL;D'AGUA NATURAL
A06A DROGAS PARA A CONSTIPACAO;DA FAZENDA;DA FAZENDA
C09C ANTAGONISTAS DE LA ANGIOTENSINA II PUROS;BENICAR DAI;DAIICHI SANKYO BRASIL FARMACEUTICA LTDA
C09D ANTAGONISTAS DE LA ANGIOTENSINA II COMBINADOS;BENICAR DAI;DAIICHI SANKYO BRASIL FARMACEUTICA LTDA
C09D ANTAGONISTAS DE LA ANGIOTENSINA II COMBINADOS;BENICARANLO DAI;DAIICHI SANKYO BRASIL FARMACEUTICA LTDA
C01E NITRITOS E NITRATOS;DAINITRE DAI;DAIICHI SANKYO BRASIL FARMACEUTICA LTDA
N02A ANALGESICOS NARCOTICOS;DAISAN DAI;DAIICHI SANKYO BRASIL FARMACEUTICA LTDA
N06A A DEPRESSIVOS E REGUL DE HUMOR;DESVENTAG DAI;DAIICHI SANKYO BRASIL FARMACEUTICA LTDA
B01C INIBIDORES DA AGREGACAO PLAQUETARIA;EFFIENT DAI;DAIICHI SANKYO BRASIL FARMACEUTICA LTDA
C05B TERAPIA VARICOSA TOPICA;HIRUDOID DAI;DAIICHI SANKYO BRASIL FARMACEUTICA LTDA
A06A DROGAS PARA A CONSTIPACAO;LACTULONA DAI;DAIICHI SANKYO BRASIL FARMACEUTICA LTDA
N05A ANTIPSICOTICOS;LATUDA DAI;DAIICHI SANKYO BRASIL FARMACEUTICA LTDA
B01F INIBIDOR DIRETO DO FATOR XA;LIXIANA DAI;DAIICHI SANKYO BRASIL FARMACEUTICA LTDA
M01A ANTI REUMATICOS SEM ESTEROIDES;LOXONIN DAI;DAIICHI SANKYO BRASIL FARMACEUTICA LTDA
M02A ANTIREUMATICOS TOPICOS COM ANALGESICOS;LOXONIN DAI;DAIICHI SANKYO BRASIL FARMACEUTICA LTDA
N05A ANTIPSICOTICOS;LUTAB DAI;DAIICHI SANKYO BRASIL FARMACEUTICA LTDA
C10B PREPARACOES ANTIATEROMA DE ORIGEM NATURAL;NUSTENDI;DAIICHI SANKYO BRASIL FARMACEUTICA LTDA
N07X TODAS OUTRAS DROGAS PARA SNC;RADICAVA;DAIICHI SANKYO BRASIL FARMACEUTICA LTDA
C10A PREPARADOS PARA REGULACAO COLESTEROL E TRIGLICERID;SANCOL DAI;DAIICHI SANKYO BRASIL FARMACEUTICA LTDA
R02A PREPARACOES PARA GARGANTA;DAKI;DAKI
D11A OUTRAS PREPARACOES DERMATOLOGICAS INCL XAMPUS MED;DUCRAY;DARROW LABORATORIO
M01A ANTI REUMATICOS SEM ESTEROIDES;DELICY;DELICY
N01B ANESTESICOS LOCAIS EXCLUINDO DERMATOLOGICOS;LIDIAL DEL;DELTA
M02A ANTIREUMATICOS TOPICOS COM ANALGESICOS;ARNICOL;DEMAZON COSMETICOS
M02A ANTIREUMATICOS TOPICOS COM ANALGESICOS;DEMAZON;DEMAZON COSMETICOS
A10S AGONISTAS GLP 1;MOUNJARO DEN;DENATURE
A12C OUTROS SUPLEMENTOS MINERAIS;DERMAGE;DERMAGE
M02A ANTIREUMATICOS TOPICOS COM ANALGESICOS;DI HELLEN;DI HELLEN COSMETICO LTDA
M01A ANTI REUMATICOS SEM ESTEROIDES;ARFLEX DIF;DIFFUCAP CHEMOBRAS QUIMICA
N02B NAO NARCOTICOS ANTIPIRETICOS;DEOCIL DIF;DIFFUCAP CHEMOBRAS QUIMICA
C08B ANTAGONISTAS DO CALCIO ASSOCIADOS;DIFFUCAP DIF;DIFFUCAP CHEMOBRAS QUIMICA
C09C ANTAGONISTAS DE LA ANGIOTENSINA II PUROS;DIFFUCAP DIF;DIFFUCAP CHEMOBRAS QUIMICA
M01A ANTI REUMATICOS SEM ESTEROIDES;DIFFUCAP DIF;DIFFUCAP CHEMOBRAS QUIMICA
N05C TRANQUILIZANTES;FLUXTAR DIF;DIFFUCAP CHEMOBRAS QUIMICA
C08A ANTAGONISTAS DO CALCIO PUROS;LONCORD DIF;DIFFUCAP CHEMOBRAS QUIMICA
C07A AGENTES BETA BLOQUEADORES PUROS;NYTEB DIF;DIFFUCAP CHEMOBRAS QUIMICA
C10A PREPARADOS PARA REGULACAO COLESTEROL E TRIGLICERID;UNAK DIF;DIFFUCAP CHEMOBRAS QUIMICA
J01H PENICILINAS DE PEQUENO E MEDIO ESPECTRO;BENZETACIL DIM;DIMED
A02X OUTROS PRODUTOS PARA DESORDENS DO ESTOMAGO;DIMED DIM;DIMED
R05C EXPECTORANTES;DIMED DIM;DIMED
A02B ANTIULCEROSOS;OMEPRAZOL DIM;DIMED
D11A OUTRAS PREPARACOES DERMATOLOGICAS INCL XAMPUS MED;CLOTRIMIX DVC;DIVCOM
A07F MICROORGANISMOS ANTIDIARREICOS;FLORATIL DVC;DIVCOM
R01A PREPARACOES NASAIS TOPICAS;RINOSBON DVC;DIVCOM
A12C OUTROS SUPLEMENTOS MINERAIS;D PRO;DIVINA PHARMA
A12C OUTROS SUPLEMENTOS MINERAIS;SARCOLIV DIV;DIVINA PHARMA
G03A CONTRACEPTIVOS HORMONAIS SISTEMICOS;ANDALAN DKT;DKT DO BRASIL
G03A CONTRACEPTIVOS HORMONAIS SISTEMICOS;SAYA CONTROL DKT;DKT DO BRASIL
H04X OUTRAS HORMONIOS E PREPARACAO COM ACOES SIMILARES;MELATONINA DAA;DNA ALIMENTOS
G03A CONTRACEPTIVOS HORMONAIS SISTEMICOS;DOCTOR BERGER DO BRASIL;DOCTOR BERGER DO BRASIL
R02A PREPARACOES PARA GARGANTA;DOCTOR BERGER DO BRASIL;DOCTOR BERGER DO BRASIL
A12C OUTROS SUPLEMENTOS MINERAIS;DOCTOR DAY;DOCTOR DAY
L02B ANTAGONISTAS DE HORMONIOS CITOSTATICOS;ACETATO DE ABIRATERONA DRD;DOCTOR REDDYS
L01J ANTINEOPLASICOS INIBIDORES DA PROTEASE;BORTEZOMIBE;DOCTOR REDDYS
B01C INIBIDORES DA AGREGACAO PLAQUETARIA;CLOPIDOGREL DRD;DOCTOR REDDYS
N07D PRODUTOS ANTI ALZHEIMER;CLOR DE DORZOLAMIDA DRD;DOCTOR REDDYS
J05B OUTROS ANTIVIRAIS;CLORIDRATO DE VALGANCICLOVIR DRD;DOCTOR REDDYS
J01X OUTROS ANTI BACTERIANOS;LINEZOLIDA DRD;DOCTOR REDDYS
C07A AGENTES BETA BLOQUEADORES PUROS;METOPROLOL DRR;DOCTOR REDDYS
D02A EMOLIENTES E PROTETORES;STRATA DRD;DOCTOR REDDYS
L01H ANTINEOPLASICOS INIBIDORES DA PROTEINA QUINASE;SUZOPA;DOCTOR REDDYS
A07G REPOSITORES ELECTROLITICOS ORAIS;HIDRAFITO DOM;DOMINA FARMA
M02A ANTIREUMATICOS TOPICOS COM ANALGESICOS;DOUTOR FLORA;DOUTOR FLORA
M02A ANTIREUMATICOS TOPICOS COM ANALGESICOS;GEL DOT;DOUTORZINHO
A11D VITAMINA B1 E ASSOCIACOES;ALGI ARTICULAR;DOVALLE
M03B RELAXANTES MUSCULARES ACAO CENTRAL;ALGI-BUTAZOLON;DOVALLE
A15A ESTIMULANTES DO APETITE;DOVALLE DOV;DOVALLE
A12A CALCIO;POLICALCIO DOV;DOVALLE
M02A ANTIREUMATICOS TOPICOS COM ANALGESICOS;GEL DOY;DOYTH COSM. DO BRASIL
M02A ANTIREUMATICOS TOPICOS COM ANALGESICOS;GEL DRM;DR MUNDIAL
A12C OUTROS SUPLEMENTOS MINERAIS;CLAMVIT DRO;DROGA CATARINENSE
A09A DIGESTIVOS INCLUIDO ENZIMAS;MEGA DAY;DROGARIA GLOBO
R02A PREPARACOES PARA GARGANTA;MULTIMIX;DTOOLS
A12A CALCIO;DOLOMITA COM VITAMINA C;DUOM
R02A PREPARACOES PARA GARGANTA;PROPOLYZ DUO;DUOM
N03A ANTICONVULSIVANTES;CANABIDIOL EAL;EASE LABS
R02A PREPARACOES PARA GARGANTA;ECOAS;ECOAS
R02A PREPARACOES PARA GARGANTA;ECOAS ECO;ECOAS
M02A ANTIREUMATICOS TOPICOS COM ANALGESICOS;ARNICA ECF;ECOFITUS
A05A PRODUTOS PARA DISTURBIOS DO TRATO BILIAR;BILIPLEX ECF;ECOFITUS
A12A CALCIO;CALCIPLEX ECF;ECOFITUS
A12A CALCIO;CENTROSUPRA CALCIO ECF;ECOFITUS
A12C OUTROS SUPLEMENTOS MINERAIS;CONDROTOP ECF;ECOFITUS
A06A DROGAS PARA A CONSTIPACAO;ECOFITUS ECF;ECOFITUS
R05C EXPECTORANTES;ECOFITUS ECF;ECOFITUS
R05C EXPECTORANTES;ECOFLUX;ECOFITUS
A07G REPOSITORES ELECTROLITICOS ORAIS;HELYDRA;ECOFITUS
A07G REPOSITORES ELECTROLITICOS ORAIS;HELYDRA ECF;ECOFITUS
A07F MICROORGANISMOS ANTIDIARREICOS;LIVIOBACC ECF;ECOFITUS
A12A CALCIO;OSSODEX ECF;ECOFITUS
A12A CALCIO;POLIMIL ECF;ECOFITUS
A07G REPOSITORES ELECTROLITICOS ORAIS;POWERFIG ECF;ECOFITUS
A06A DROGAS PARA A CONSTIPACAO;REGULAX ECF;ECOFITUS
R05C EXPECTORANTES;REVIGORMEL;ECOFITUS
H04X OUTRAS HORMONIOS E PREPARACAO COM ACOES SIMILARES;EFICAZ;EFICAZ
A12A CALCIO;CALCIO+VIT.D3 EGV;EGV PHARMA
H04X OUTRAS HORMONIOS E PREPARACAO COM ACOES SIMILARES;ACTIVE LIFE;EKOBE ESSENTIALS
L03A AGENTES IMUNOESTIMULANTES EXCL INTERFERON;ACTIVE LIFE;EKOBE ESSENTIALS
A10C INSULINAS HUMANAS E ANALOGAS;BASAGLAR ELI;ELI LILLY
G04E PRODUTOS PARA DISFUNCAO ERETIL;CIALIS ELI;ELI LILLY
N06A A DEPRESSIVOS E REGUL DE HUMOR;CYMBALTA ELI;ELI LILLY
D11A OUTRAS PREPARACOES DERMATOLOGICAS INCL XAMPUS MED;EBGLYSS ELI;ELI LILLY
A10S AGONISTAS GLP 1;ELI LILLY ELI;ELI LILLY
C10A PREPARADOS PARA REGULACAO COLESTEROL E TRIGLICERID;ELI LILLY ELI;ELI LILLY
L01H ANTINEOPLASICOS INIBIDORES DA PROTEINA QUINASE;ELI LILLY ELI;ELI LILLY
N02C CONTRA ENXAQUECA;EMGALITY ELI;ELI LILLY
L01H ANTINEOPLASICOS INIBIDORES DA PROTEINA QUINASE;GEMZAR ELI;ELI LILLY
A10C INSULINAS HUMANAS E ANALOGAS;HUMALOG ELI;ELI LILLY
A10C INSULINAS HUMANAS E ANALOGAS;HUMULIN ELI;ELI LILLY
A10S AGONISTAS GLP 1;MOUNJARO ELI;ELI LILLY
L04D INIBIDORES DE JAK;OLUMIANT ELI;ELI LILLY
N06A A DEPRESSIVOS E REGUL DE HUMOR;PROZAC ELI;ELI LILLY
L01H ANTINEOPLASICOS INIBIDORES DA PROTEINA QUINASE;RETSEVMO ELI;ELI LILLY
D05B PRODUTOS ANTIPSORIASE SISTEMICOS;TALTZ ELI;ELI LILLY
A10S AGONISTAS GLP 1;TRULICITY ELI;ELI LILLY
L01H ANTINEOPLASICOS INIBIDORES DA PROTEINA QUINASE;VERZENIOS ELI;ELI LILLY
N05A ANTIPSICOTICOS;ZYPREXA ELI;ELI LILLY
R05D ANTITUSSIGENOS;ATOSSION ELO;ELOFAR
R01B DESCONGESTIONANTES NASAIS SISTEMICOS;BIALERGE ELO;ELOFAR
J01G FLUOROQUINOLONAS;CIPROFAR ELO;ELOFAR
G01A TRICOMONICIDAS;ELOFAR ELO;ELOFAR
J01E ASSOCIACOES DE TRIMETOPRIM E SIMILARES;ELOFAR ELO;ELOFAR
J01G FLUOROQUINOLONAS;ELOFAR ELO;ELOFAR
S02C ASSOCIACOES DE ANTINFECCIOSOS E CORTICOIDES;ELOTIN ELO;ELOFAR
A12A CALCIO;MAGNACAL;ELOFAR
P01B ANTIHELMINTICOS EXCETO OS ESQUISTOSOMICIDAS;SECFAR ELO;ELOFAR
D05A PRODUTOS ANTIPSORIASE TOPICOS;SOFTDERM ELO;ELOFAR
B03A HEMATINICOS FERRO E TODAS AS ASSOCIACOES;VI FERRIN ELO;ELOFAR
A12C OUTROS SUPLEMENTOS MINERAIS;LIPO MAGRIN;EMBRAS FLORA
G02X OTROS PRODUTOS GINECOLOGICOS;A SAUDE DA MULHER EMS;EMS PHARMA
A05A PRODUTOS PARA DISTURBIOS DO TRATO BILIAR;AC URSODESOXICOLICO EMS;EMS PHARMA
N05B HIPNOTICOS SEDATIVOS;ACALMIL MUL;EMS PHARMA
R05C EXPECTORANTES;ACEBROFILINA EMS;EMS PHARMA
R05C EXPECTORANTES;ACEBROFILINA GER;EMS PHARMA
R05C EXPECTORANTES;ACEBROFILINA NVQ;EMS PHARMA
M01A ANTI REUMATICOS SEM ESTEROIDES;ACECLO GRAN LEG;EMS PHARMA
M01A ANTI REUMATICOS SEM ESTEROIDES;ACECLOFENACO EMS;EMS PHARMA
M02A ANTIREUMATICOS TOPICOS COM ANALGESICOS;ACECLOFENACO EMS;EMS PHARMA
M01A ANTI REUMATICOS SEM ESTEROIDES;ACECLOFENACO GER;EMS PHARMA
M02A ANTIREUMATICOS TOPICOS COM ANALGESICOS;ACECLOFENACO GER;EMS PHARMA
M01A ANTI REUMATICOS SEM ESTEROIDES;ACECLOFENACO LEG;EMS PHARMA
R05C EXPECTORANTES;ACECLOFENACO LEG;EMS PHARMA
M01A ANTI REUMATICOS SEM ESTEROIDES;ACECLOFENACO MUL;EMS PHARMA
M01A ANTI REUMATICOS SEM ESTEROIDES;ACECLOFENACO NVQ;EMS PHARMA
M01A ANTI REUMATICOS SEM ESTEROIDES;ACEFLOR NVQ;EMS PHARMA
G03A CONTRACEPTIVOS HORMONAIS SISTEMICOS;ACET DE CLORMADINONA ETINILESTRADIOL LEG;EMS PHARMA
D07A CORTICOIDES TOPICOS PUROS;ACETATO DE HIDROCORTISONA EMS;EMS PHARMA
R05C EXPECTORANTES;ACETILCISTEINA EMS;EMS PHARMA
R05C EXPECTORANTES;ACETILCISTEINA GER;EMS PHARMA
R05C EXPECTORANTES;ACETILCISTEINA LEG;EMS PHARMA
A01A ESTOMATOLOGICOS;ACETON TRIANCIN LEG;EMS PHARMA
A01A ESTOMATOLOGICOS;ACETONIDA DE TRIANCINOLONA EMS;EMS PHARMA
A01A ESTOMATOLOGICOS;ACETONIDA DE TRIANCINOLONA GER;EMS PHARMA
D06D PRODUTOS PARA INFECOES VIRAIS;ACICLOVIR EMS;EMS PHARMA
J05B OUTROS ANTIVIRAIS;ACICLOVIR EMS;EMS PHARMA
D06D PRODUTOS PARA INFECOES VIRAIS;ACICLOVIR GER;EMS PHARMA
D06D PRODUTOS PARA INFECOES VIRAIS;ACICLOVIR MUL;EMS PHARMA
J05B OUTROS ANTIVIRAIS;ACICLOVIR MUL;EMS PHARMA
J05B OUTROS ANTIVIRAIS;ACICLOVIR NVQ;EMS PHARMA
B01C INIBIDORES DA AGREGACAO PLAQUETARIA;ACIDO ACETILSALICILICO EMS;EMS PHARMA
N02B NAO NARCOTICOS ANTIPIRETICOS;ACIDO ACETILSALICILICO EMS;EMS PHARMA
D07B ASSOCIACOES DE CORTICOIDES;ACIDO FUSIDICO VAL DE BETAMETASONA LEG;EMS PHARMA
D07B ASSOCIACOES DE CORTICOIDES;ACIDO FUSIDICO VAL DE BETAMETASONA MUL;EMS PHARMA
M01A ANTI REUMATICOS SEM ESTEROIDES;ACIDO MEFENAMICO EMS;EMS PHARMA
M01A ANTI REUMATICOS SEM ESTEROIDES;ACIDO MEFENAMICO GER;EMS PHARMA
B02A ANTIFIBRINOLITICOS;ACIDO TRANEXAMICO EMS;EMS PHARMA
B02A ANTIFIBRINOLITICOS;ACIDO TRANEXAMICO LEG;EMS PHARMA
D10B PREPARACOES ANTIACNE ORAIS;ACNOVA EMS;EMS PHARMA
D10B PREPARACOES ANTIACNE ORAIS;ACNOVA USK;EMS PHARMA
D10A PREPARACOES ANTIACNE TOPICOS;ADAPALENO EMS;EMS PHARMA
D10A PREPARACOES ANTIACNE TOPICOS;ADAPALENO GER;EMS PHARMA
D10A PREPARACOES ANTIACNE TOPICOS;ADAPALENO LEG;EMS PHARMA
S01X OUTROS OFTALMOLOGICOS;ADAPTIS EMS;EMS PHARMA
S01K PRODUTOS PARA OLHO SECO;ADAPTIS LEG;EMS PHARMA
S01X OUTROS OFTALMOLOGICOS;ADAPTIS LEG;EMS PHARMA
S01K PRODUTOS PARA OLHO SECO;ADAPTIS OFV;EMS PHARMA
J01X OUTROS ANTI BACTERIANOS;ADILOZ EMS;EMS PHARMA
A10K GLITAZONA A DIABETICOS;AGLITIL SGM;EMS PHARMA
A10L INIB ALFA GLUCOSIDAS;AGLUCOSE BRA;EMS PHARMA
L04X OUTROS IMUNOSSUPRESORES;AGRYLIN EMS;EMS PHARMA
G04E PRODUTOS PARA DISFUNCAO ERETIL;AH ZUL LEG;EMS PHARMA
P01B ANTIHELMINTICOS EXCETO OS ESQUISTOSOMICIDAS;ALBENDAZOL EMS;EMS PHARMA
P01B ANTIHELMINTICOS EXCETO OS ESQUISTOSOMICIDAS;ALBENDAZOL GER;EMS PHARMA
P01B ANTIHELMINTICOS EXCETO OS ESQUISTOSOMICIDAS;ALBENDAZOL LEG;EMS PHARMA
P01B ANTIHELMINTICOS EXCETO OS ESQUISTOSOMICIDAS;ALBENDAZOL NVQ;EMS PHARMA
A05A PRODUTOS PARA DISTURBIOS DO TRATO BILIAR;ALCACHOFRA MUL;EMS PHARMA
M05B REGULADORES DO CALCIO OSSEO;ALENDOSSEO EMS;EMS PHARMA
M05B REGULADORES DO CALCIO OSSEO;ALENDRONATO DE SODIO EMS;EMS PHARMA
M05B REGULADORES DO CALCIO OSSEO;ALENDRONATO DE SODIO LEG;EMS PHARMA
M05B REGULADORES DO CALCIO OSSEO;ALENDRONATO DE SODIO NVQ;EMS PHARMA
M05B REGULADORES DO CALCIO OSSEO;ALENDRONATO SODIO EMS;EMS PHARMA
M05B REGULADORES DO CALCIO OSSEO;ALENDRONATO SODIO GER;EMS PHARMA
R06A ANTIHISTAMINICOS SISTEMICOS;ALERADINA NVQ;EMS PHARMA
R06A ANTIHISTAMINICOS SISTEMICOS;ALERGALIV EMS;EMS PHARMA
R01B DESCONGESTIONANTES NASAIS SISTEMICOS;ALERGALIV LEG;EMS PHARMA
R06A ANTIHISTAMINICOS SISTEMICOS;ALERGALIV LEG;EMS PHARMA
G03A CONTRACEPTIVOS HORMONAIS SISTEMICOS;ALGEAC ENAEST EMS;EMS PHARMA
G03A CONTRACEPTIVOS HORMONAIS SISTEMICOS;ALGEAC ENAEST LEG;EMS PHARMA
G03A CONTRACEPTIVOS HORMONAIS SISTEMICOS;ALGESTONA ACETOFENIDA ENANTATO DE ESTRADIOL GER;EMS PHARMA
A02A ANTIACIDOS ANTIFISETICOS;ALKAGEL EMS;EMS PHARMA
S01L PREPARADOS PARA USO COM LENTES DE CONTATO;ALLCLEAN LEG;EMS PHARMA
R01B DESCONGESTIONANTES NASAIS SISTEMICOS;ALLEXOFEDRIN EMS;EMS PHARMA
R06A ANTIHISTAMINICOS SISTEMICOS;ALLEXOFEDRIN EMS;EMS PHARMA
D11A OUTRAS PREPARACOES DERMATOLOGICAS INCL XAMPUS MED;ALLOVITA LEG;EMS PHARMA
N05C TRANQUILIZANTES;ALPRAZOLAM EMS;EMS PHARMA
N05C TRANQUILIZANTES;ALPRAZOLAM GER;EMS PHARMA
N05C TRANQUILIZANTES;ALPRAZOLAM LEG;EMS PHARMA
N05C TRANQUILIZANTES;ALPRAZOLAM NVQ;EMS PHARMA
N05C TRANQUILIZANTES;ALPRAZOLAM SGM;EMS PHARMA
R05C EXPECTORANTES;AMBROXOL EMS;EMS PHARMA
C09C ANTAGONISTAS DE LA ANGIOTENSINA II PUROS;AMILORIDA EMS;EMS PHARMA
N06A A DEPRESSIVOS E REGUL DE HUMOR;AMITRIPTILINA EMS;EMS PHARMA
N06A A DEPRESSIVOS E REGUL DE HUMOR;AMITRIPTILINA GER;EMS PHARMA
N06A A DEPRESSIVOS E REGUL DE HUMOR;AMITRIPTILINA LR8;EMS PHARMA
J01C PENICILINAS DE AMPLO ESPECTRO;AMOX EMS;EMS PHARMA
J01C PENICILINAS DE AMPLO ESPECTRO;AMOXICILINA CLAVULANATO EMS;EMS PHARMA
J01C PENICILINAS DE AMPLO ESPECTRO;AMOXICILINA CLAVULANATO GER;EMS PHARMA
J01C PENICILINAS DE AMPLO ESPECTRO;AMOXICILINA CLAVULANATO LEG;EMS PHARMA
J01C PENICILINAS DE AMPLO ESPECTRO;AMOXICILINA EMS;EMS PHARMA
J01C PENICILINAS DE AMPLO ESPECTRO;AMOXICILINA GER;EMS PHARMA
J01C PENICILINAS DE AMPLO ESPECTRO;AMOXICILINA LEG;EMS PHARMA
J01C PENICILINAS DE AMPLO ESPECTRO;AMOXICILINA MUL;EMS PHARMA
J01C PENICILINAS DE AMPLO ESPECTRO;AMOXICILINA NVQ;EMS PHARMA
J01C PENICILINAS DE AMPLO ESPECTRO;AMOXILINA GER;EMS PHARMA
J01C PENICILINAS DE AMPLO ESPECTRO;AMPICILAB MUL;EMS PHARMA
J01C PENICILINAS DE AMPLO ESPECTRO;AMPICILINA EMS;EMS PHARMA
J01C PENICILINAS DE AMPLO ESPECTRO;AMPICILINA MUL;EMS PHARMA
J01C PENICILINAS DE AMPLO ESPECTRO;AMPICILINA NVQ;EMS PHARMA
L02B ANTAGONISTAS DE HORMONIOS CITOSTATICOS;ANASTROLIBBS NVQ;EMS PHARMA
N07D PRODUTOS ANTI ALZHEIMER;ANASTROZOL EMS;EMS PHARMA
C08A ANTAGONISTAS DO CALCIO PUROS;ANLO MUL;EMS PHARMA
D06D PRODUTOS PARA INFECOES VIRAIS;ANTIVIRAX EMS;EMS PHARMA
J05B OUTROS ANTIVIRAIS;ANTIVIRAX EMS;EMS PHARMA
B01F INIBIDOR DIRETO DO FATOR XA;APIXABANA EMS;EMS PHARMA
B01F INIBIDOR DIRETO DO FATOR XA;APIXABANA GER;EMS PHARMA
A07G REPOSITORES ELECTROLITICOS ORAIS;AQUABEN MUL;EMS PHARMA
R05C EXPECTORANTES;AREMAZ MUL;EMS PHARMA
N05A ANTIPSICOTICOS;ARIPIPRAZOL EMS;EMS PHARMA
N05A ANTIPSICOTICOS;ARIPIPRAZOL MUL;EMS PHARMA
N05A ANTIPSICOTICOS;ARIPIPRAZOL NVQ;EMS PHARMA
N05A ANTIPSICOTICOS;ARPEJO EMS;EMS PHARMA
D10B PREPARACOES ANTIACNE ORAIS;ARTEMIDIS EMS;EMS PHARMA
C09D ANTAGONISTAS DE LA ANGIOTENSINA II COMBINADOS;ATACAND GER;EMS PHARMA
C08A ANTAGONISTAS DO CALCIO PUROS;ATELOP BRA;EMS PHARMA
C07A AGENTES BETA BLOQUEADORES PUROS;ATENOLAB MUL;EMS PHARMA
C07B ASSOCIACOES DE BETA BLOQUEADORES;ATENOLOL CLORTALIDONA EMS;EMS PHARMA
C07B ASSOCIACOES DE BETA BLOQUEADORES;ATENOLOL CLORTALIDONA GER;EMS PHARMA
C07B ASSOCIACOES DE BETA BLOQUEADORES;ATENOLOL CLORTALIDONA LEG;EMS PHARMA
C07A AGENTES BETA BLOQUEADORES PUROS;ATENOLOL EMS;EMS PHARMA
C07A AGENTES BETA BLOQUEADORES PUROS;ATENOLOL GER;EMS PHARMA
C07A AGENTES BETA BLOQUEADORES PUROS;ATENOLOL LEG;EMS PHARMA
C07A AGENTES BETA BLOQUEADORES PUROS;ATENOLOL MUL;EMS PHARMA
D05X OUTROS PRODUTOS N/CORTICOIDES P DISTURB INFLAM;ATOBACH GER;EMS PHARMA
C10A PREPARADOS PARA REGULACAO COLESTEROL E TRIGLICERID;ATORVASTATINA EMS;EMS PHARMA
C10A PREPARADOS PARA REGULACAO COLESTEROL E TRIGLICERID;ATORVASTATINA GER;EMS PHARMA
C10A PREPARADOS PARA REGULACAO COLESTEROL E TRIGLICERID;ATORVASTATINA LEG;EMS PHARMA
C10A PREPARADOS PARA REGULACAO COLESTEROL E TRIGLICERID;ATORVASTATINA NVQ;EMS PHARMA
J01F MACROLIDEOS E SIMILARES;AZI EMS;EMS PHARMA
J01F MACROLIDEOS E SIMILARES;AZITROGRAN LEG;EMS PHARMA
J01F MACROLIDEOS E SIMILARES;AZITROLAB MUL;EMS PHARMA
J01F MACROLIDEOS E SIMILARES;AZITROMICINA EMS;EMS PHARMA
J01F MACROLIDEOS E SIMILARES;AZITROMICINA GER;EMS PHARMA
J01F MACROLIDEOS E SIMILARES;AZITROMICINA NVQ;EMS PHARMA
M02A ANTIREUMATICOS TOPICOS COM ANALGESICOS;BALSAMO BENGUE EMS;EMS PHARMA
M02A ANTIREUMATICOS TOPICOS COM ANALGESICOS;BALSAMOBENGUE EMS;EMS PHARMA
J01E ASSOCIACOES DE TRIMETOPRIM E SIMILARES;BENECTRIN LEG;EMS PHARMA
M01A ANTI REUMATICOS SEM ESTEROIDES;BENEVRAN LEG;EMS PHARMA
M02A ANTIREUMATICOS TOPICOS COM ANALGESICOS;BENEVRAN LEG;EMS PHARMA
M02A ANTIREUMATICOS TOPICOS COM ANALGESICOS;BENGPRO;EMS PHARMA
M03B RELAXANTES MUSCULARES ACAO CENTRAL;BENZIFLEX EMS;EMS PHARMA
P03A ECTOPARASITICIDAS INCL ESCAB;BENZOAX NEO;EMS PHARMA
C08A ANTAGONISTAS DO CALCIO PUROS;BESILATO DE ANLODIPINO EMS;EMS PHARMA
C08A ANTAGONISTAS DO CALCIO PUROS;BESILATO DE ANLODIPINO NVQ;EMS PHARMA
C08A ANTAGONISTAS DO CALCIO PUROS;BESILATO DE LEVANLODIPINO EMS;EMS PHARMA
C08A ANTAGONISTAS DO CALCIO PUROS;BESILATO DE LEVANLODIPINO GER;EMS PHARMA
D05A PRODUTOS ANTIPSORIASE TOPICOS;BETAME+AC.SALICI NVQ;EMS PHARMA
H02A CORTICOSTEROIDES PUROS;BETAMENTASONA FRS;EMS PHARMA
H02A CORTICOSTEROIDES PUROS;BETAMETASONA EMS;EMS PHARMA
S01C COMBINACOES DE ANTI INFLAMATORIOS OFTALMICOS E ANT;BETAMETASONA EMS;EMS PHARMA
D07B ASSOCIACOES DE CORTICOIDES;BETAMETASONA GETAMICINA TOLNAFTATO CLIOQUINOL EMS;EMS PHARMA
D07B ASSOCIACOES DE CORTICOIDES;BETAMETASONA GETAMICINA TOLNAFTATO CLIOQUINOL GER;EMS PHARMA
D07B ASSOCIACOES DE CORTICOIDES;BETAMETASONA GETAMICINA TOLNAFTATO CLIOQUINOL NVQ;EMS PHARMA
H02A CORTICOSTEROIDES PUROS;BETROSPAM LEG;EMS PHARMA
M01A ANTI REUMATICOS SEM ESTEROIDES;BEXAI EMS;EMS PHARMA
C10A PREPARADOS PARA REGULACAO COLESTEROL E TRIGLICERID;BEZAFIBRATO EMS;EMS PHARMA
C10A PREPARADOS PARA REGULACAO COLESTEROL E TRIGLICERID;BEZAFIBRATO GER;EMS PHARMA
C10A PREPARADOS PARA REGULACAO COLESTEROL E TRIGLICERID;BEZAFIBRATO LEG;EMS PHARMA
G03A CONTRACEPTIVOS HORMONAIS SISTEMICOS;BEZIANY NVQ;EMS PHARMA
S01C COMBINACOES DE ANTI INFLAMATORIOS OFTALMICOS E ANT;BIANCORT LEG;EMS PHARMA
R06A ANTIHISTAMINICOS SISTEMICOS;BILASTINA EMS;EMS PHARMA
R06A ANTIHISTAMINICOS SISTEMICOS;BILASTINA GER;EMS PHARMA
S01E MIOTICOS E PRAPARADOS ANTIGLAUCOMA;BIMATOPROSTA COLIRIO EMS;EMS PHARMA
S01K PRODUTOS PARA OLHO SECO;BIMATOPROSTA COLIRIO EMS;EMS PHARMA
S01E MIOTICOS E PRAPARADOS ANTIGLAUCOMA;BIMATOPROSTA COLIRIO GER;EMS PHARMA
M02A ANTIREUMATICOS TOPICOS COM ANALGESICOS;BIOFLADEX EMS;EMS PHARMA
R02A PREPARACOES PARA GARGANTA;BISMU JET LEG;EMS PHARMA
C07A AGENTES BETA BLOQUEADORES PUROS;BISOPROLOL NVQ;EMS PHARMA
R05C EXPECTORANTES;BISURAN EMS;EMS PHARMA
M05B REGULADORES DO CALCIO OSSEO;BONAGRAN LEG;EMS PHARMA
A12A CALCIO;BONECAL D EMS;EMS PHARMA
C09C ANTAGONISTAS DE LA ANGIOTENSINA II PUROS;BRAMICAR EMS;EMS PHARMA
C09D ANTAGONISTAS DE LA ANGIOTENSINA II COMBINADOS;BRAMICAR EMS;EMS PHARMA
C09D ANTAGONISTAS DE LA ANGIOTENSINA II COMBINADOS;BRAMICAR HCT EMS;EMS PHARMA
C09C ANTAGONISTAS DE LA ANGIOTENSINA II PUROS;BRASART EMS;EMS PHARMA
C09D ANTAGONISTAS DE LA ANGIOTENSINA II COMBINADOS;BRASART EMS;EMS PHARMA
S01E MIOTICOS E PRAPARADOS ANTIGLAUCOMA;BRIXAG LEG;EMS PHARMA
S01E MIOTICOS E PRAPARADOS ANTIGLAUCOMA;BRIXAG OFV;EMS PHARMA
A03D ASSOCIACOES COM ANALGESICOS;BROM ESCOPOLAMINA DIPIRONA SODICA EMS;EMS PHARMA
N05C TRANQUILIZANTES;BROMAZEPAM EMS;EMS PHARMA
N05C TRANQUILIZANTES;BROMAZEPAM GER;EMS PHARMA
R03K ANTICOLINERGICOS SIMPLES;BROMETO DE IPRATROPIO EMS;EMS PHARMA
R03K ANTICOLINERGICOS SIMPLES;BROMETO DE IPRATROPIO GER;EMS PHARMA
R03K ANTICOLINERGICOS SIMPLES;BROMETO DE IPRATROPIO NVQ;EMS PHARMA
A03A ANTIESPASMODICOS E ANTICOLINERGICOS PUROS;BROMETO DE PINAVERIO EMS;EMS PHARMA
N07D PRODUTOS ANTI ALZHEIMER;BROMIDRATO DE GALANTAMINA NVQ;EMS PHARMA
R05C EXPECTORANTES;BROMIL EMS;EMS PHARMA
N05A ANTIPSICOTICOS;BROMOPIRIN EMS;EMS PHARMA
A03F GASTROPROCINETICOS;BROMOPRIDA EMS;EMS PHARMA
A03F GASTROPROCINETICOS;BROMOPRIDA GER;EMS PHARMA
A03F GASTROPROCINETICOS;BROMOPRIDA LEG;EMS PHARMA
A03F GASTROPROCINETICOS;BROMOPRIDA NVQ;EMS PHARMA
R05C EXPECTORANTES;BRONCOLEX LEG;EMS PHARMA
R05C EXPECTORANTES;BRONDELIX EMS;EMS PHARMA
R05C EXPECTORANTES;BRONQUITOSS LEG;EMS PHARMA
R05C EXPECTORANTES;BRONXINA LEG;EMS PHARMA
R01A PREPARACOES NASAIS TOPICAS;BUDESONIDA EMS;EMS PHARMA
N06A A DEPRESSIVOS E REGUL DE HUMOR;BUPIUM EMS;EMS PHARMA
N06A A DEPRESSIVOS E REGUL DE HUMOR;BUPIUM XL EMS;EMS PHARMA
M01A ANTI REUMATICOS SEM ESTEROIDES;BUPROVIL MUL;EMS PHARMA
N02B NAO NARCOTICOS ANTIPIRETICOS;BUPROVIL MUL;EMS PHARMA
G02D INIBIDORES DA PROLACTINA;CABERGOLINA GER;EMS PHARMA
G02D INIBIDORES DA PROLACTINA;CABERGOLINA NVQ;EMS PHARMA
A12A CALCIO;CALCINOL EMS;EMS PHARMA
G01A TRICOMONICIDAS;CANDERM LEG;EMS PHARMA
C09C ANTAGONISTAS DE LA ANGIOTENSINA II PUROS;CANDESARTANA GER;EMS PHARMA
D07B ASSOCIACOES DE CORTICOIDES;CANDIGRAN LEG;EMS PHARMA
C09A INIBIDORES ACE PUROS;CAPTOPRIL EMS;EMS PHARMA
C09A INIBIDORES ACE PUROS;CAPTOPRIL GER;EMS PHARMA
C09A INIBIDORES ACE PUROS;CAPTOPRIL MUL;EMS PHARMA
D11A OUTRAS PREPARACOES DERMATOLOGICAS INCL XAMPUS MED;CAPY EMS;EMS PHARMA
D11A OUTRAS PREPARACOES DERMATOLOGICAS INCL XAMPUS MED;CAPY USK;EMS PHARMA
N03A ANTICONVULSIVANTES;CARBAMAZEPINA EMS;EMS PHARMA
N03A ANTICONVULSIVANTES;CARBAMAZEPINA GER;EMS PHARMA
R05C EXPECTORANTES;CARBOCISTEINA EMS;EMS PHARMA
R05C EXPECTORANTES;CARBOCISTEINA NVQ;EMS PHARMA
R05C EXPECTORANTES;CARBOCISTEINA XAROPE EMS;EMS PHARMA
R05C EXPECTORANTES;CARBOCISTEINA XAROPE GER;EMS PHARMA
C07A AGENTES BETA BLOQUEADORES PUROS;CARDBET BIS;EMS PHARMA
C07A AGENTES BETA BLOQUEADORES PUROS;CARDBET NVQ;EMS PHARMA
G03A CONTRACEPTIVOS HORMONAIS SISTEMICOS;CARELI EMS;EMS PHARMA
C07A AGENTES BETA BLOQUEADORES PUROS;CARVEDILOL EMS;EMS PHARMA
C07A AGENTES BETA BLOQUEADORES PUROS;CARVEDILOL GER;EMS PHARMA
C07A AGENTES BETA BLOQUEADORES PUROS;CARVEDILOL LEG;EMS PHARMA
C07A AGENTES BETA BLOQUEADORES PUROS;CARVEDILOL NVQ;EMS PHARMA
C07A AGENTES BETA BLOQUEADORES PUROS;CARVEGRAN LEG;EMS PHARMA
J01D CEFALOSPORINAS;CECLOR EMS;EMS PHARMA
J01D CEFALOSPORINAS;CECLOR GER;EMS PHARMA
J01D CEFALOSPORINAS;CEDROXIL LEG;EMS PHARMA
J01D CEFALOSPORINAS;CEFACLOR GER;EMS PHARMA
J01D CEFALOSPORINAS;CEFADROXILA EMS;EMS PHARMA
J01D CEFALOSPORINAS;CEFAGEL MUL;EMS PHARMA
J01D CEFALOSPORINAS;CEFALEXINA EMS;EMS PHARMA
J01D CEFALOSPORINAS;CEFALEXINA GER;EMS PHARMA
J01D CEFALOSPORINAS;CEFALEXINA LEG;EMS PHARMA
J01D CEFALOSPORINAS;CEFALEXINA NVQ;EMS PHARMA
J01D CEFALOSPORINAS;CEFTRIAXONA EMS;EMS PHARMA
M01A ANTI REUMATICOS SEM ESTEROIDES;CELECOXIBE EMS;EMS PHARMA
M01A ANTI REUMATICOS SEM ESTEROIDES;CELECOXIBE GER;EMS PHARMA
H02B ASSOCIACOES CORTICOSTEROIDES SISTEMICOS;CELERG LEG;EMS PHARMA
H02B ASSOCIACOES CORTICOSTEROIDES SISTEMICOS;CELERGIN EMS;EMS PHARMA
D07B ASSOCIACOES DE CORTICOIDES;CELOCORT EMS;EMS PHARMA
A11G VITAMINA C INCLUSIVE ASSOCIADA A MINERAIS;CENEVIT LEG;EMS PHARMA
D07B ASSOCIACOES DE CORTICOIDES;CETOC+BETAM+NEO. LR8 LEG;EMS PHARMA
D07B ASSOCIACOES DE CORTICOIDES;CETOC+BETAM+NEO. NVQ;EMS PHARMA
D07B ASSOCIACOES DE CORTICOIDES;CETOCONAZOL BETAMETASONA NEOMICINA EMS;EMS PHARMA
D07B ASSOCIACOES DE CORTICOIDES;CETOCONAZOL BETAMETASONA NEOMICINA GER;EMS PHARMA
D07B ASSOCIACOES DE CORTICOIDES;CETOCONAZOL BETAMETASONA NEOMICINA NVQ;EMS PHARMA
D07B ASSOCIACOES DE CORTICOIDES;CETOCONAZOL DIPR DE BETAMETASONA EMS;EMS PHARMA
D07B ASSOCIACOES DE CORTICOIDES;CETOCONAZOL DIPR DE BETAMETASONA NVQ;EMS PHARMA
D01A ANTIMICOTICOS DERMATOLOGICOS;CETOCONAZOL EMS;EMS PHARMA
J02A AGENTES ANTIMICOTICOS SISTEMICOS EXCLUINDO GRISEOF;CETOCONAZOL EMS;EMS PHARMA
J02A AGENTES ANTIMICOTICOS SISTEMICOS EXCLUINDO GRISEOF;CETOCONAZOL GER;EMS PHARMA
D01A ANTIMICOTICOS DERMATOLOGICOS;CETOCONAZOL MUL;EMS PHARMA
M01A ANTI REUMATICOS SEM ESTEROIDES;CETOPROFENO EMS;EMS PHARMA
M01A ANTI REUMATICOS SEM ESTEROIDES;CETOPROFENO GER;EMS PHARMA
M01A ANTI REUMATICOS SEM ESTEROIDES;CETOPROFENO LEG;EMS PHARMA
R06A ANTIHISTAMINICOS SISTEMICOS;CETOROLACO GER;EMS PHARMA
J01G FLUOROQUINOLONAS;CICLATRY MUL;EMS PHARMA
D01A ANTIMICOTICOS DERMATOLOGICOS;CICLOPIROX OLAMINA EMS;EMS PHARMA
D01A ANTIMICOTICOS DERMATOLOGICOS;CICLOPIROX OLAMINA GER;EMS PHARMA
H02A CORTICOSTEROIDES PUROS;CICLORTEN EMS;EMS PHARMA
B01C INIBIDORES DA AGREGACAO PLAQUETARIA;CILOSTAZOL EMS;EMS PHARMA
A02B ANTIULCEROSOS;CIMETIDINA EMS;EMS PHARMA
J01G FLUOROQUINOLONAS;CIPROCILIN LEG;EMS PHARMA
J01G FLUOROQUINOLONAS;CIPROFLONAX EMS;EMS PHARMA
J01G FLUOROQUINOLONAS;CIPROFLONAX NVQ;EMS PHARMA
N06A A DEPRESSIVOS E REGUL DE HUMOR;CITALOPRAM EMS;EMS PHARMA
N06A A DEPRESSIVOS E REGUL DE HUMOR;CITALOPRAM GER;EMS PHARMA
G04E PRODUTOS PARA DISFUNCAO ERETIL;CITRATO DE SILDENAFILA EMS;EMS PHARMA
G04E PRODUTOS PARA DISFUNCAO ERETIL;CITRATO DE SILDENAFILA GER;EMS PHARMA
G04E PRODUTOS PARA DISFUNCAO ERETIL;CITRATO DE SILDENAFILA LEG;EMS PHARMA
J01F MACROLIDEOS E SIMILARES;CLABAT EMS;EMS PHARMA
D11A OUTRAS PREPARACOES DERMATOLOGICAS INCL XAMPUS MED;CLAQUINONA GER;EMS PHARMA
J01F MACROLIDEOS E SIMILARES;CLARITROMICINA EMS;EMS PHARMA
A10H SULFONILOUREIA A DIABETICOS;CLAZI XR EMS;EMS PHARMA
A10H SULFONILOUREIA A DIABETICOS;CLAZI XR GER;EMS PHARMA
S01R ANTIINFLAMATORIOS OFTALMOLOGICOS NAO ESTEROIDES;CLEANKINOL LEG;EMS PHARMA
J01F MACROLIDEOS E SIMILARES;CLINDAMICINA GER;EMS PHARMA
G03X OUT HORMONIOS SEXUAIS E PRODS SIMILARES;CLINDELLA NVQ;EMS PHARMA
N06A A DEPRESSIVOS E REGUL DE HUMOR;CLO BRA;EMS PHARMA
N06A A DEPRESSIVOS E REGUL DE HUMOR;CLO EMS;EMS PHARMA
D07A CORTICOIDES TOPICOS PUROS;CLOBETASOL MUL;EMS PHARMA
D07B ASSOCIACOES DE CORTICOIDES;CLOBETASOL MUL;EMS PHARMA
N06A A DEPRESSIVOS E REGUL DE HUMOR;CLOMIPRAMINA LEG;EMS PHARMA
M03B RELAXANTES MUSCULARES ACAO CENTRAL;CLON DE LISINA CLOR DE CICLOBENZAPRIN EMS;EMS PHARMA
N03A ANTICONVULSIVANTES;CLONAZEPAM EMS;EMS PHARMA
N03A ANTICONVULSIVANTES;CLONAZEPAM GER;EMS PHARMA
N03A ANTICONVULSIVANTES;CLONAZEPAM LEG;EMS PHARMA
N03A ANTICONVULSIVANTES;CLONAZEPAM NVQ;EMS PHARMA
R05D ANTITUSSIGENOS;CLOPE EMS;EMS PHARMA
B01C INIBIDORES DA AGREGACAO PLAQUETARIA;CLOPIDO GRAN LEG;EMS PHARMA
B01C INIBIDORES DA AGREGACAO PLAQUETARIA;CLOPIDOGREL EMS;EMS PHARMA
B01C INIBIDORES DA AGREGACAO PLAQUETARIA;CLOPIDOGREL LEG;EMS PHARMA
B01C INIBIDORES DA AGREGACAO PLAQUETARIA;CLOPIDOGREL NVQ;EMS PHARMA
B01C INIBIDORES DA AGREGACAO PLAQUETARIA;CLOPIPLAX NVQ;EMS PHARMA
M03B RELAXANTES MUSCULARES ACAO CENTRAL;CLOR CICLOBENZA GER;EMS PHARMA
R05C EXPECTORANTES;CLOR DE AMBROXOL EMS;EMS PHARMA
R05C EXPECTORANTES;CLOR DE AMBROXOL GER;EMS PHARMA
R05C EXPECTORANTES;CLOR DE AMBROXOL NVQ;EMS PHARMA
R05C EXPECTORANTES;CLOR DE AMBROXOL XAROPE EMS;EMS PHARMA
C03A DIURETICOS;CLOR DE AMILORIDA HIDROCLOROTIAZIDA EMS;EMS PHARMA
N06A A DEPRESSIVOS E REGUL DE HUMOR;CLOR DE AMITRIPTILINA EMS;EMS PHARMA
N06A A DEPRESSIVOS E REGUL DE HUMOR;CLOR DE AMITRIPTILINA GER;EMS PHARMA
R05C EXPECTORANTES;CLOR DE BROMEXINA EMS;EMS PHARMA
R05C EXPECTORANTES;CLOR DE BROMEXINA GER;EMS PHARMA
R05C EXPECTORANTES;CLOR DE BROMEXINA NVQ;EMS PHARMA
N06A A DEPRESSIVOS E REGUL DE HUMOR;CLOR DE BUPROPIONA EMS;EMS PHARMA
N06A A DEPRESSIVOS E REGUL DE HUMOR;CLOR DE BUPROPIONA GER;EMS PHARMA
N06A A DEPRESSIVOS E REGUL DE HUMOR;CLOR DE BUPROPIONA LEG;EMS PHARMA
N06A A DEPRESSIVOS E REGUL DE HUMOR;CLOR DE BUPROPIONA NVQ;EMS PHARMA
M03B RELAXANTES MUSCULARES ACAO CENTRAL;CLOR DE CICLOBENZAPRINA;EMS PHARMA
M03B RELAXANTES MUSCULARES ACAO CENTRAL;CLOR DE CICLOBENZAPRINA EMS;EMS PHARMA
M03B RELAXANTES MUSCULARES ACAO CENTRAL;CLOR DE CICLOBENZAPRINA GER;EMS PHARMA
M03B RELAXANTES MUSCULARES ACAO CENTRAL;CLOR DE CICLOBENZAPRINA NVQ;EMS PHARMA
S01C COMBINACOES DE ANTI INFLAMATORIOS OFTALMICOS E ANT;CLOR DE CIPROFLOXACINO DEXAMETASONA EMS;EMS PHARMA
J01G FLUOROQUINOLONAS;CLOR DE CIPROFLOXACINO EMS;EMS PHARMA
J01G FLUOROQUINOLONAS;CLOR DE CIPROFLOXACINO GER;EMS PHARMA
J01G FLUOROQUINOLONAS;CLOR DE CIPROFLOXACINO MUL;EMS PHARMA
J01F MACROLIDEOS E SIMILARES;CLOR DE CLINDAMICINA EMS;EMS PHARMA
N06A A DEPRESSIVOS E REGUL DE HUMOR;CLOR DE CLOMIPRAMINA EMS;EMS PHARMA
N06A A DEPRESSIVOS E REGUL DE HUMOR;CLOR DE CLOMIPRAMINA GER;EMS PHARMA
C08A ANTAGONISTAS DO CALCIO PUROS;CLOR DE DILTIAZEM EMS;EMS PHARMA
C08A ANTAGONISTAS DO CALCIO PUROS;CLOR DE DILTIAZEM NVQ;EMS PHARMA
N07D PRODUTOS ANTI ALZHEIMER;CLOR DE DONEPEZILA CLOR DE MEMANTINA EMS;EMS PHARMA
S01E MIOTICOS E PRAPARADOS ANTIGLAUCOMA;CLOR DE DORZOLAMIDA COLIRIO;EMS PHARMA
S01E MIOTICOS E PRAPARADOS ANTIGLAUCOMA;CLOR DE DORZOLAMIDA COLIRIO EMS;EMS PHARMA
S01E MIOTICOS E PRAPARADOS ANTIGLAUCOMA;CLOR DE DORZOLAMIDA COLIRIO GER;EMS PHARMA
N07D PRODUTOS ANTI ALZHEIMER;CLOR DE DORZOLAMIDA EMS;EMS PHARMA
N07D PRODUTOS ANTI ALZHEIMER;CLOR DE DORZOLAMIDA NVQ;EMS PHARMA
S01E MIOTICOS E PRAPARADOS ANTIGLAUCOMA;CLOR DE DORZOLAMIDA TIMOLOL COLIRIO EMS;EMS PHARMA
S01E MIOTICOS E PRAPARADOS ANTIGLAUCOMA;CLOR DE DORZOLAMIDA TIMOLOL COLIRIO GER;EMS PHARMA
S01E MIOTICOS E PRAPARADOS ANTIGLAUCOMA;CLOR DE DORZOLAMIDA TIMOLOL COLIRIO UNI;EMS PHARMA
J01A TETRACICLINAS E ASSOCIACOES;CLOR DE DOXICICLINA EMS;EMS PHARMA
N06A A DEPRESSIVOS E REGUL DE HUMOR;CLOR DE DULOXETINA EMS;EMS PHARMA
N06A A DEPRESSIVOS E REGUL DE HUMOR;CLOR DE DULOXETINA GER;EMS PHARMA
N06A A DEPRESSIVOS E REGUL DE HUMOR;CLOR DE DULOXETINA LEG;EMS PHARMA
N06A A DEPRESSIVOS E REGUL DE HUMOR;CLOR DE DULOXETINA NVQ;EMS PHARMA
R06A ANTIHISTAMINICOS SISTEMICOS;CLOR DE FEXOFENADINA EMS;EMS PHARMA
R06A ANTIHISTAMINICOS SISTEMICOS;CLOR DE FEXOFENADINA GER;EMS PHARMA
R06A ANTIHISTAMINICOS SISTEMICOS;CLOR DE FEXOFENADINA NVQ;EMS PHARMA
N06A A DEPRESSIVOS E REGUL DE HUMOR;CLOR DE FLUOXETINA EMS;EMS PHARMA
N06A A DEPRESSIVOS E REGUL DE HUMOR;CLOR DE FLUOXETINA GER;EMS PHARMA
N06A A DEPRESSIVOS E REGUL DE HUMOR;CLOR DE FLUOXETINA LEG;EMS PHARMA
R06A ANTIHISTAMINICOS SISTEMICOS;CLOR DE HIDROXIZINA EMS;EMS PHARMA
R06A ANTIHISTAMINICOS SISTEMICOS;CLOR DE HIDROXIZINA GER;EMS PHARMA
R06A ANTIHISTAMINICOS SISTEMICOS;CLOR DE HIDROXIZINA LEG;EMS PHARMA
R06A ANTIHISTAMINICOS SISTEMICOS;CLOR DE HIDROXIZINA NVQ;EMS PHARMA
R06A ANTIHISTAMINICOS SISTEMICOS;CLOR DE HIDROXIZINA XAROPE LEG;EMS PHARMA
C08A ANTAGONISTAS DO CALCIO PUROS;CLOR DE LERCANIDIPINO EMS;EMS PHARMA
C08A ANTAGONISTAS DO CALCIO PUROS;CLOR DE LERCANIDIPINO MUL;EMS PHARMA
N01B ANESTESICOS LOCAIS EXCLUINDO DERMATOLOGICOS;CLOR DE LIDOCAINA EMS;EMS PHARMA
N07D PRODUTOS ANTI ALZHEIMER;CLOR DE MEMANTINA NVQ;EMS PHARMA
A10J BIGUANIDA A DIABETICOS;CLOR DE METFORMINA EMS;EMS PHARMA
A10J BIGUANIDA A DIABETICOS;CLOR DE METFORMINA MUL;EMS PHARMA
N06B PSICOESTIMULANTES;CLOR DE METILFENIDATO EMS;EMS PHARMA
J01G FLUOROQUINOLONAS;CLOR DE MOXIFLOXACINO EMS;EMS PHARMA
J01G FLUOROQUINOLONAS;CLOR DE MOXIFLOXACINO NVQ;EMS PHARMA
N02C CONTRA ENXAQUECA;CLOR DE NARATRIPTANA EMS;EMS PHARMA
N02C CONTRA ENXAQUECA;CLOR DE NARATRIPTANA GER;EMS PHARMA
N02C CONTRA ENXAQUECA;CLOR DE NARATRIPTANA LEG;EMS PHARMA
N02C CONTRA ENXAQUECA;CLOR DE NARATRIPTANA NEO;EMS PHARMA
N02C CONTRA ENXAQUECA;CLOR DE NARATRIPTANA NVQ;EMS PHARMA
C07A AGENTES BETA BLOQUEADORES PUROS;CLOR DE NEBIVOLOL EMS;EMS PHARMA
C07A AGENTES BETA BLOQUEADORES PUROS;CLOR DE NEBIVOLOL GER;EMS PHARMA
A04A ANTIEMETICOS E ANTINAUSEOSOS;CLOR DE ONDANSETRONA EMS;EMS PHARMA
A04A ANTIEMETICOS E ANTINAUSEOSOS;CLOR DE ONDANSETRONA GER;EMS PHARMA
R01A PREPARACOES NASAIS TOPICAS;CLOR DE OXIMETAZOLINA EMS;EMS PHARMA
N06A A DEPRESSIVOS E REGUL DE HUMOR;CLOR DE PAROXETINA EMS;EMS PHARMA
N06A A DEPRESSIVOS E REGUL DE HUMOR;CLOR DE PAROXETINA GER;EMS PHARMA
N06A A DEPRESSIVOS E REGUL DE HUMOR;CLOR DE PAROXETINA LEG;EMS PHARMA
N06A A DEPRESSIVOS E REGUL DE HUMOR;CLOR DE PAROXETINA MUL;EMS PHARMA
A10K GLITAZONA A DIABETICOS;CLOR DE PIOGLITAZONA EMS;EMS PHARMA
A10K GLITAZONA A DIABETICOS;CLOR DE PIOGLITAZONA GER;EMS PHARMA
A10K GLITAZONA A DIABETICOS;CLOR DE PIOGLITAZONA NVQ;EMS PHARMA
C07A AGENTES BETA BLOQUEADORES PUROS;CLOR DE PROPRANOLOL GER;EMS PHARMA
N06A A DEPRESSIVOS E REGUL DE HUMOR;CLOR DE SERTRALINA EMS;EMS PHARMA
N06A A DEPRESSIVOS E REGUL DE HUMOR;CLOR DE SERTRALINA GER;EMS PHARMA
N06A A DEPRESSIVOS E REGUL DE HUMOR;CLOR DE SERTRALINA LEG;EMS PHARMA
N06A A DEPRESSIVOS E REGUL DE HUMOR;CLOR DE SERTRALINA NVQ;EMS PHARMA
A08A - PREPARADOS ANOREXICOS EXETO OS DIETETICOS;CLOR DE SIBUTRAMINA EMS;EMS PHARMA
A08A - PREPARADOS ANOREXICOS EXETO OS DIETETICOS;CLOR DE SIBUTRAMINA GER;EMS PHARMA
A08A - PREPARADOS ANOREXICOS EXETO OS DIETETICOS;CLOR DE SIBUTRAMINA LEG;EMS PHARMA
A08A - PREPARADOS ANOREXICOS EXETO OS DIETETICOS;CLOR DE SIBUTRAMINA NVQ;EMS PHARMA
G04C PRODUTOS PARA HIPERPLASIA PROSTATICA BENIGNA HPB;CLOR DE TANSULOSINA EMS;EMS PHARMA
G04C PRODUTOS PARA HIPERPLASIA PROSTATICA BENIGNA HPB;CLOR DE TANSULOSINA GER;EMS PHARMA
G04C PRODUTOS PARA HIPERPLASIA PROSTATICA BENIGNA HPB;CLOR DE TANSULOSINA SGM;EMS PHARMA
D01A ANTIMICOTICOS DERMATOLOGICOS;CLOR DE TERBINAFINA EMS;EMS PHARMA
J02A AGENTES ANTIMICOTICOS SISTEMICOS EXCLUINDO GRISEOF;CLOR DE TERBINAFINA EMS;EMS PHARMA
D01A ANTIMICOTICOS DERMATOLOGICOS;CLOR DE TERBINAFINA GER;EMS PHARMA
B01C INIBIDORES DA AGREGACAO PLAQUETARIA;CLOR DE TICLOPIDINA EMS;EMS PHARMA
N02A ANALGESICOS NARCOTICOS;CLOR DE TRAMADOL EMS;EMS PHARMA
N02A ANALGESICOS NARCOTICOS;CLOR DE TRAMADOL GER;EMS PHARMA
N02A ANALGESICOS NARCOTICOS;CLOR DE TRAMADOL LEG;EMS PHARMA
N02A ANALGESICOS NARCOTICOS;CLOR DE TRAMADOL NVQ;EMS PHARMA
N02A ANALGESICOS NARCOTICOS;CLOR DE TRAMADOL PARACETAMOL EMS;EMS PHARMA
N02A ANALGESICOS NARCOTICOS;CLOR DE TRAMADOL PARACETAMOL GER;EMS PHARMA
N06A A DEPRESSIVOS E REGUL DE HUMOR;CLOR DE TRAZODONA EMS;EMS PHARMA
N06A A DEPRESSIVOS E REGUL DE HUMOR;CLOR DE TRAZODONA NVQ;EMS PHARMA
N06A A DEPRESSIVOS E REGUL DE HUMOR;CLOR DE VENLAFAXINA EMS;EMS PHARMA
N06A A DEPRESSIVOS E REGUL DE HUMOR;CLOR DE VENLAFAXINA GER;EMS PHARMA
N06A A DEPRESSIVOS E REGUL DE HUMOR;CLOR DE VENLAFAXINA MUL;EMS PHARMA
N06A A DEPRESSIVOS E REGUL DE HUMOR;CLOR DE VENLAFAXINA NVQ;EMS PHARMA
C08A ANTAGONISTAS DO CALCIO PUROS;CLOR DE VERAPAMIL EMS;EMS PHARMA
C08A ANTAGONISTAS DO CALCIO PUROS;CLOR DE VERAPAMIL GER;EMS PHARMA
C08A ANTAGONISTAS DO CALCIO PUROS;CLOR DE VERAPAMIL NVQ;EMS PHARMA
R01B DESCONGESTIONANTES NASAIS SISTEMICOS;CLORATADD EMS;EMS PHARMA
R06A ANTIHISTAMINICOS SISTEMICOS;CLORATADD EMS;EMS PHARMA
A04A ANTIEMETICOS E ANTINAUSEOSOS;CLORIDRATO DE ONDANSETRONA NVQ;EMS PHARMA
A02B ANTIULCEROSOS;CLORIDRATO DE RANITIDINA EMS;EMS PHARMA
C03A DIURETICOS;CLORTALIDONA EMS;EMS PHARMA
C03A DIURETICOS;CLORTALIDONA GER;EMS PHARMA
C09C ANTAGONISTAS DE LA ANGIOTENSINA II PUROS;CLORTALIDONA GER;EMS PHARMA
D07B ASSOCIACOES DE CORTICOIDES;CLOTRIMAZOL ACET DE DEXAMETASONA EMS;EMS PHARMA
D01A ANTIMICOTICOS DERMATOLOGICOS;CLOTRIMAZOL EMS;EMS PHARMA
G01B ANTIMICOTICOS GINECOLOGICOS;CLOTRIMAZOL EMS;EMS PHARMA
D01A ANTIMICOTICOS DERMATOLOGICOS;CLOTRIMAZOL GER;EMS PHARMA
G01B ANTIMICOTICOS GINECOLOGICOS;CLOTRIMAZOL GER;EMS PHARMA
J01G FLUOROQUINOLONAS;CLOTRIMAZOL GER;EMS PHARMA
L01B ANTIMETABOLITOS;COAMA EMS;EMS PHARMA
M01A ANTI REUMATICOS SEM ESTEROIDES;COCICHIMIL MUL;EMS PHARMA
M04A ANTIGOTOSOS;COCICHIMIL MUL;EMS PHARMA
A05A PRODUTOS PARA DISTURBIOS DO TRATO BILIAR;COLACHOFRA EMS;EMS PHARMA
M04A ANTIGOTOSOS;COLCHICINA MUL;EMS PHARMA
M01A ANTI REUMATICOS SEM ESTEROIDES;COLCHICINA NVQ;EMS PHARMA
M04A ANTIGOTOSOS;COLCHICINA NVQ;EMS PHARMA
M01A ANTI REUMATICOS SEM ESTEROIDES;COLESTIRAMINA EMS;EMS PHARMA
A01A ESTOMATOLOGICOS;COLIAFT EMS;EMS PHARMA
S01G PREPARADOS PARA O TRATAMENTO DE CONJUNTIVITES NAO;COLIRIO LEGRAND LEG;EMS PHARMA
S01K PRODUTOS PARA OLHO SECO;COLIRIO LEGRAND LEG;EMS PHARMA
C07A AGENTES BETA BLOQUEADORES PUROS;CONCARDIO EMS;EMS PHARMA
N05B HIPNOTICOS SEDATIVOS;CONCENTRIX LEG;EMS PHARMA
M01A ANTI REUMATICOS SEM ESTEROIDES;CONDIMIL;EMS PHARMA
A12C OUTROS SUPLEMENTOS MINERAIS;CONDRES EMS;EMS PHARMA
M05X OUTROS PRODUTOS SISTEMA MUSCULO ESQUELETICO;CONDRES EMS;EMS PHARMA
G03A CONTRACEPTIVOS HORMONAIS SISTEMICOS;CONTRACEP EMS;EMS PHARMA
D07A CORTICOIDES TOPICOS PUROS;CORTITOP GEO;EMS PHARMA
M01A ANTI REUMATICOS SEM ESTEROIDES;COXETO GER;EMS PHARMA
A07F MICROORGANISMOS ANTIDIARREICOS;CULTURELLE CEL;EMS PHARMA
A07F MICROORGANISMOS ANTIDIARREICOS;CULTURELLE CIF;EMS PHARMA
N06A A DEPRESSIVOS E REGUL DE HUMOR;CYMBI EMS;EMS PHARMA
G04A ANTISSEPTICOS E ANTINFECCIOSOS URINARIOS;CYSTEX EMS;EMS PHARMA
N06A A DEPRESSIVOS E REGUL DE HUMOR;DAFORIN EMS;EMS PHARMA
G03A CONTRACEPTIVOS HORMONAIS SISTEMICOS;DALYNE EMS;EMS PHARMA
A10P INIBIDORES DE ANTIDIABETICOS DE SGLT2;DAPAGLIFLOZINA EMS;EMS PHARMA
A10P INIBIDORES DE ANTIDIABETICOS DE SGLT2;DAPAGLIFLOZINA GER;EMS PHARMA
A10P INIBIDORES DE ANTIDIABETICOS DE SGLT2;DAPAGLIFLOZINA LEG;EMS PHARMA
A10P INIBIDORES DE ANTIDIABETICOS DE SGLT2;DAPAGLIFLOZINA NVQ;EMS PHARMA
A10P INIBIDORES DE ANTIDIABETICOS DE SGLT2;DAPFLOW EMS;EMS PHARMA
A10P INIBIDORES DE ANTIDIABETICOS DE SGLT2;DAPLYS BRA;EMS PHARMA
H02A CORTICOSTEROIDES PUROS;DEFLAIMMUN EMS;EMS PHARMA
H02A CORTICOSTEROIDES PUROS;DEFLAZACORTE EMS;EMS PHARMA
H02A CORTICOSTEROIDES PUROS;DEFLAZACORTE LEG;EMS PHARMA
H02A CORTICOSTEROIDES PUROS;DEFLAZACORTE NVQ;EMS PHARMA
P03A ECTOPARASITICIDAS INCL ESCAB;DELTALAB MUL;EMS PHARMA
G03B ANDROGENOS E ASSOCIACOES EXCETO G3E G3F;DEPOSTERON EMS;EMS PHARMA
N06A A DEPRESSIVOS E REGUL DE HUMOR;DERADOP GER;EMS PHARMA
D07B ASSOCIACOES DE CORTICOIDES;DERMATISAN EMS;EMS PHARMA
D01A ANTIMICOTICOS DERMATOLOGICOS;DERMOBENE LEG;EMS PHARMA
D01A ANTIMICOTICOS DERMATOLOGICOS;DERMOCERYL EMS;EMS PHARMA
D07B ASSOCIACOES DE CORTICOIDES;DERMOCORTE EMS;EMS PHARMA
J01G FLUOROQUINOLONAS;DERMORUTEX EMS;EMS PHARMA
R06A ANTIHISTAMINICOS SISTEMICOS;DESLORANA LEG;EMS PHARMA
R05C EXPECTORANTES;DESLORATADINA EMS;EMS PHARMA
R06A ANTIHISTAMINICOS SISTEMICOS;DESLORATADINA EMS;EMS PHARMA
R06A ANTIHISTAMINICOS SISTEMICOS;DESLORATADINA GER;EMS PHARMA
R06A ANTIHISTAMINICOS SISTEMICOS;DESLORATADINA LEG;EMS PHARMA
R06A ANTIHISTAMINICOS SISTEMICOS;DESLORATADINA MUL;EMS PHARMA
R06A ANTIHISTAMINICOS SISTEMICOS;DESLORATADINA NVQ;EMS PHARMA
G03A CONTRACEPTIVOS HORMONAIS SISTEMICOS;DESOGESTREL EMS;EMS PHARMA
G03A CONTRACEPTIVOS HORMONAIS SISTEMICOS;DESOGESTREL GER;EMS PHARMA
G03A CONTRACEPTIVOS HORMONAIS SISTEMICOS;DESOGESTREL LEG;EMS PHARMA
D07A CORTICOIDES TOPICOS PUROS;DESONIDA EMS;EMS PHARMA
D07A CORTICOIDES TOPICOS PUROS;DESONIDA GER;EMS PHARMA
D07A CORTICOIDES TOPICOS PUROS;DESONIDA LEG;EMS PHARMA
D07A CORTICOIDES TOPICOS PUROS;DESOSKIN NVQ;EMS PHARMA
R06A ANTIHISTAMINICOS SISTEMICOS;DESTADIN EMS;EMS PHARMA
D07A CORTICOIDES TOPICOS PUROS;DEXADERMIL PHA;EMS PHARMA
D07A CORTICOIDES TOPICOS PUROS;DEXAMETASONA EMS;EMS PHARMA
H02A CORTICOSTEROIDES PUROS;DEXAMETASONA EMS;EMS PHARMA
D07A CORTICOIDES TOPICOS PUROS;DEXAMETASONA GER;EMS PHARMA
H02A CORTICOSTEROIDES PUROS;DEXAMETASONA MUL;EMS PHARMA
D07A CORTICOIDES TOPICOS PUROS;DEXAMETASONA NVQ;EMS PHARMA
H02A CORTICOSTEROIDES PUROS;DEXANIL NEO;EMS PHARMA
H02B ASSOCIACOES CORTICOSTEROIDES SISTEMICOS;DEXCLORFENIRAMINA BETAMETASONA EMS;EMS PHARMA
H02B ASSOCIACOES CORTICOSTEROIDES SISTEMICOS;DEXCLORFENIRAMINA BETAMETASONA NVQ;EMS PHARMA
D04A ANTIPRURIGINOSOS,INCLUSIVE ANTIHISTAMINICOS ANESTE;DEXCLORFENIRAMINA EMS;EMS PHARMA
R06A ANTIHISTAMINICOS SISTEMICOS;DEXCLORFENIRAMINA EMS;EMS PHARMA
N05C TRANQUILIZANTES;DIAZEFAST EMS;EMS PHARMA
N05B HIPNOTICOS SEDATIVOS;DIAZEPAM GER;EMS PHARMA
N05C TRANQUILIZANTES;DIAZEPAM GER;EMS PHARMA
N05C TRANQUILIZANTES;DIAZEPAM NVQ;EMS PHARMA
M02A ANTIREUMATICOS TOPICOS COM ANALGESICOS;DICLOAIR LEG;EMS PHARMA
M01A ANTI REUMATICOS SEM ESTEROIDES;DICLOFENACO EMS;EMS PHARMA
M02A ANTIREUMATICOS TOPICOS COM ANALGESICOS;DICLOFENACO EMS;EMS PHARMA
M01A ANTI REUMATICOS SEM ESTEROIDES;DICLOFENACO GER;EMS PHARMA
M02A ANTIREUMATICOS TOPICOS COM ANALGESICOS;DICLOFENACO GER;EMS PHARMA
M01A ANTI REUMATICOS SEM ESTEROIDES;DICLOFENACO NVQ;EMS PHARMA
M01A ANTI REUMATICOS SEM ESTEROIDES;DICLOFENACO SODICO GER;EMS PHARMA
M01A ANTI REUMATICOS SEM ESTEROIDES;DICLOFENACO SODICO MUL;EMS PHARMA
R06A ANTIHISTAMINICOS SISTEMICOS;DICLOR DE LEVOCETIRIZINA EMS;EMS PHARMA
N04A ANTIPARKINSONIANOS;DICLOR DE PRAMIPEXOL EMS;EMS PHARMA
G03D PROGESTOGENOS E ASSOCIACOES EXCLUINDO G3A G3F;DIENOGESTE EMS;EMS PHARMA
G03A CONTRACEPTIVOS HORMONAIS SISTEMICOS;DIENOGESTE EUR;EMS PHARMA
A03F GASTROPROCINETICOS;DIGESIGMA NVQ;EMS PHARMA
C08A ANTAGONISTAS DO CALCIO PUROS;DILTIAZEM GER;EMS PHARMA
A02A ANTIACIDOS ANTIFISETICOS;DIMETILIV EMS;EMS PHARMA
C05C TERAPIA VARICOSA SISTEMICA;DIOVASES EMS;EMS PHARMA
M03B RELAXANTES MUSCULARES ACAO CENTRAL;DIPIRONA EMS;EMS PHARMA
N02B NAO NARCOTICOS ANTIPIRETICOS;DIPIRONA EMS;EMS PHARMA
N02B NAO NARCOTICOS ANTIPIRETICOS;DIPIRONA GER;EMS PHARMA
N02B NAO NARCOTICOS ANTIPIRETICOS;DIPIRONA LEG;EMS PHARMA
N02B NAO NARCOTICOS ANTIPIRETICOS;DIPIRONA NVQ;EMS PHARMA
D05A PRODUTOS ANTIPSORIASE TOPICOS;DIPR DE BETAMETASONA ACIDO SALICILICO EMS;EMS PHARMA
D05A PRODUTOS ANTIPSORIASE TOPICOS;DIPR DE BETAMETASONA ACIDO SALICILICO GER;EMS PHARMA
D05A PRODUTOS ANTIPSORIASE TOPICOS;DIPR DE BETAMETASONA ACIDO SALICILICO LEG;EMS PHARMA
D07A CORTICOIDES TOPICOS PUROS;DIPR DE BETAMETASONA EMS;EMS PHARMA
D07B ASSOCIACOES DE CORTICOIDES;DIPR DE BETAMETASONA SUL DE GENTAMICINA EMS;EMS PHARMA
D07B ASSOCIACOES DE CORTICOIDES;DIPR DE BETAMETASONA SUL DE GENTAMICINA GER;EMS PHARMA
A11C VITAMINA A D INCLUINDO ASSOCIACOES DAS DUAS;DNOVA MUL;EMS PHARMA
A03F GASTROPROCINETICOS;DOMPERIDONA EMS;EMS PHARMA
A03F GASTROPROCINETICOS;DOMPERIDONA GER;EMS PHARMA
A03F GASTROPROCINETICOS;DOMPERIDONA LEG;EMS PHARMA
A03F GASTROPROCINETICOS;DOMPERIDONA NVQ;EMS PHARMA
A03F GASTROPROCINETICOS;DOMPGRAN;EMS PHARMA
A03F GASTROPROCINETICOS;DOMPLIV EMS;EMS PHARMA
M03B RELAXANTES MUSCULARES ACAO CENTRAL;DORICIN EMS;EMS PHARMA
N02A ANALGESICOS NARCOTICOS;DORICIN EMS;EMS PHARMA
N02B NAO NARCOTICOS ANTIPIRETICOS;DORILEN EMS;EMS PHARMA
N02B NAO NARCOTICOS ANTIPIRETICOS;DORILEN LEG;EMS PHARMA
N02B NAO NARCOTICOS ANTIPIRETICOS;DORSANOL EMS;EMS PHARMA
N02A ANALGESICOS NARCOTICOS;DORSANOL MUL;EMS PHARMA
N02B NAO NARCOTICOS ANTIPIRETICOS;DORSANOL MUL;EMS PHARMA
A03D ASSOCIACOES COM ANALGESICOS;DORSPAN EMS;EMS PHARMA
S01E MIOTICOS E PRAPARADOS ANTIGLAUCOMA;DORZAL OFV;EMS PHARMA
S01E MIOTICOS E PRAPARADOS ANTIGLAUCOMA;DRENATAN OFV;EMS PHARMA
G03A CONTRACEPTIVOS HORMONAIS SISTEMICOS;DROSPIRENONA ETINILESTRADIOL EMS;EMS PHARMA
G03A CONTRACEPTIVOS HORMONAIS SISTEMICOS;DROSPIRENONA ETINILESTRADIOL GER;EMS PHARMA
G03A CONTRACEPTIVOS HORMONAIS SISTEMICOS;DROSPIRENONA ETINILESTRADIOL LEG;EMS PHARMA
G03A CONTRACEPTIVOS HORMONAIS SISTEMICOS;DROSPIRENONA ETINILESTRADIOL NVQ;EMS PHARMA
G03A CONTRACEPTIVOS HORMONAIS SISTEMICOS;DROSPIRENONA NVQ;EMS PHARMA
N05C TRANQUILIZANTES;DROXY GER;EMS PHARMA
N06A A DEPRESSIVOS E REGUL DE HUMOR;DULOXETINA EMS;EMS PHARMA
M03B RELAXANTES MUSCULARES ACAO CENTRAL;ELEGANCE;EMS PHARMA
G03A CONTRACEPTIVOS HORMONAIS SISTEMICOS;ELO EMS;EMS PHARMA
D07B ASSOCIACOES DE CORTICOIDES;EMISTIN EMS;EMS PHARMA
R06A ANTIHISTAMINICOS SISTEMICOS;EMISTIN EMS;EMS PHARMA
N02C CONTRA ENXAQUECA;EMPOZZE EMS;EMS PHARMA
R05C EXPECTORANTES;EMS EXPECTOR EMS;EMS PHARMA
H02A CORTICOSTEROIDES PUROS;EMS PRED EMS;EMS PHARMA
D07B ASSOCIACOES DE CORTICOIDES;EMSCORT EMS;EMS PHARMA
R05C EXPECTORANTES;EMSEXPECTOR EMS;EMS PHARMA
C09A INIBIDORES ACE PUROS;ENALAPRIL EMS;EMS PHARMA
C09A INIBIDORES ACE PUROS;ENALAPRIL GER;EMS PHARMA
C09B INIBIDORES ACE COMBINADOS;ENALAPRIL HIDROCLOROTIAZIDA EMS;EMS PHARMA
C09A INIBIDORES ACE PUROS;ENALAPRIL LEG;EMS PHARMA
C09A INIBIDORES ACE PUROS;ENALAPRIL NVQ;EMS PHARMA
C09B INIBIDORES ACE COMBINADOS;ENALAPRIL+HCT LEG;EMS PHARMA
A04A ANTIEMETICOS E ANTINAUSEOSOS;ENAVO EMS;EMS PHARMA
R02A PREPARACOES PARA GARGANTA;ENDCOFF EMS;EMS PHARMA
J02A AGENTES ANTIMICOTICOS SISTEMICOS EXCLUINDO GRISEOF;EPIKABI FRS;EMS PHARMA
N06A A DEPRESSIVOS E REGUL DE HUMOR;ESCILEX EMS;EMS PHARMA
N06A A DEPRESSIVOS E REGUL DE HUMOR;ESCITALOPRAM;EMS PHARMA
N06A A DEPRESSIVOS E REGUL DE HUMOR;ESCITALOPRAM EMS;EMS PHARMA
A02B ANTIULCEROSOS;ESMOG EMS;EMS PHARMA
A02B ANTIULCEROSOS;ESOGASTRO EMS;EMS PHARMA
A02B ANTIULCEROSOS;ESOMEPRAZOL EMS;EMS PHARMA
A02B ANTIULCEROSOS;ESOMEPRAZOL GER;EMS PHARMA
A02B ANTIULCEROSOS;ESOMEPRAZOL LEG;EMS PHARMA
A02B ANTIULCEROSOS;ESOMEPRAZOL NVQ;EMS PHARMA
A02B ANTIULCEROSOS;ESOMEX EMS;EMS PHARMA
A02B ANTIULCEROSOS;ESOP MUL;EMS PHARMA
A02B ANTIULCEROSOS;ESOP NVQ;EMS PHARMA
A03E OUTRAS ASSOCIACOES;ESPASMO EMS;EMS PHARMA
A03E OUTRAS ASSOCIACOES;ESPASMO FLATOL EMS;EMS PHARMA
C03A DIURETICOS;ESPIRONOLACTONA EMS;EMS PHARMA
C09C ANTAGONISTAS DE LA ANGIOTENSINA II PUROS;ESPIRONOLACTONA EMS;EMS PHARMA
C03A DIURETICOS;ESPIRONOLACTONA GER;EMS PHARMA
M01A ANTI REUMATICOS SEM ESTEROIDES;ETODOLACO GER;EMS PHARMA
M01A ANTI REUMATICOS SEM ESTEROIDES;ETORICOXIBE EMS;EMS PHARMA
M01A ANTI REUMATICOS SEM ESTEROIDES;ETORICOXIBE GER;EMS PHARMA
C02A ANTIHIPERTENSIVOS NAO HERBACEOS PUROS;EUPROSTATIN EMS;EMS PHARMA
R05C EXPECTORANTES;EXPEC LEG;EMS PHARMA
R05C EXPECTORANTES;EXPECPULMON LEG;EMS PHARMA
R05C EXPECTORANTES;EXPECTAMIN LEG;EMS PHARMA
R05C EXPECTORANTES;EXPECTUSS EMS;EMS PHARMA
C10A PREPARADOS PARA REGULACAO COLESTEROL E TRIGLICERID;EZETIMIBA EMS;EMS PHARMA
C10C REGUL DE LIPIDEOS EM COMB C OUT LIPIDOS REGUL;EZETIMIBA GER;EMS PHARMA
C10A PREPARADOS PARA REGULACAO COLESTEROL E TRIGLICERID;EZETIMIBA LEG;EMS PHARMA
C10C REGUL DE LIPIDEOS EM COMB C OUT LIPIDOS REGUL;EZETIMIBA SINVASTATINA EMS;EMS PHARMA
C10C REGUL DE LIPIDEOS EM COMB C OUT LIPIDOS REGUL;EZETIMIBA SINVASTATINA GER;EMS PHARMA
S01C COMBINACOES DE ANTI INFLAMATORIOS OFTALMICOS E ANT;FACOBA OFV;EMS PHARMA
B01F INIBIDOR DIRETO DO FATOR XA;FAXXA GER;EMS PHARMA
M01A ANTI REUMATICOS SEM ESTEROIDES;FEBUPEN EMS;EMS PHARMA
M01A ANTI REUMATICOS SEM ESTEROIDES;FENBIP NVQ;EMS PHARMA
R05D ANTITUSSIGENOS;FENDIZOATO DE CLOPERASTINA XAROPE EMS;EMS PHARMA
R06A ANTIHISTAMINICOS SISTEMICOS;FENIRAX MUL;EMS PHARMA
C10A PREPARADOS PARA REGULACAO COLESTEROL E TRIGLICERID;FENOFIBRATO EMS;EMS PHARMA
C10A PREPARADOS PARA REGULACAO COLESTEROL E TRIGLICERID;FENOFIBRATO GER;EMS PHARMA
C10A PREPARADOS PARA REGULACAO COLESTEROL E TRIGLICERID;FENOFIBRATO LEG;EMS PHARMA
C10A PREPARADOS PARA REGULACAO COLESTEROL E TRIGLICERID;FENOFIBRATO NVQ;EMS PHARMA
R03A AGONISTAS BETA 2;FENOTEROL EMS;EMS PHARMA
R06A ANTIHISTAMINICOS SISTEMICOS;FEXOFENADINA;EMS PHARMA
R06A ANTIHISTAMINICOS SISTEMICOS;FEXOFENADINA EMS;EMS PHARMA
R06A ANTIHISTAMINICOS SISTEMICOS;FEXOFENADINA NVQ;EMS PHARMA
A06A DROGAS PARA A CONSTIPACAO;FIBREMS EMS;EMS PHARMA
D11A OUTRAS PREPARACOES DERMATOLOGICAS INCL XAMPUS MED;FINASTERIDA EMS;EMS PHARMA
G04C PRODUTOS PARA HIPERPLASIA PROSTATICA BENIGNA HPB;FINASTERIDA EMS;EMS PHARMA
D11A OUTRAS PREPARACOES DERMATOLOGICAS INCL XAMPUS MED;FINASTERIDA EUR;EMS PHARMA
D11A OUTRAS PREPARACOES DERMATOLOGICAS INCL XAMPUS MED;FINASTERIDA GER;EMS PHARMA
G04C PRODUTOS PARA HIPERPLASIA PROSTATICA BENIGNA HPB;FINASTERIDA GER;EMS PHARMA
D11A OUTRAS PREPARACOES DERMATOLOGICAS INCL XAMPUS MED;FINASTERIDA LEG;EMS PHARMA
G04C PRODUTOS PARA HIPERPLASIA PROSTATICA BENIGNA HPB;FINASTERIDA LEG;EMS PHARMA
D11A OUTRAS PREPARACOES DERMATOLOGICAS INCL XAMPUS MED;FINASTERIDA MUL;EMS PHARMA
G04C PRODUTOS PARA HIPERPLASIA PROSTATICA BENIGNA HPB;FINASTERIDA MUL;EMS PHARMA
G04C PRODUTOS PARA HIPERPLASIA PROSTATICA BENIGNA HPB;FINASTIL EMS;EMS PHARMA
N07A PRODUTOS PARA A ESCLEROSE MULTIPLA;FINGOLIMODE EMS;EMS PHARMA
N07D PRODUTOS ANTI ALZHEIMER;FINGOLIMODE EMS;EMS PHARMA
M01A ANTI REUMATICOS SEM ESTEROIDES;FLAMADOR LEG;EMS PHARMA
M02A ANTIREUMATICOS TOPICOS COM ANALGESICOS;FLAMADOR LEG;EMS PHARMA
A02A ANTIACIDOS ANTIFISETICOS;FLATOL LEG;EMS PHARMA
R02A PREPARACOES PARA GARGANTA;FLOGOLAB MUL;EMS PHARMA
J02A AGENTES ANTIMICOTICOS SISTEMICOS EXCLUINDO GRISEOF;FLUCOCIN EMS;EMS PHARMA
J02A AGENTES ANTIMICOTICOS SISTEMICOS EXCLUINDO GRISEOF;FLUCONAZOL EMS;EMS PHARMA
J02A AGENTES ANTIMICOTICOS SISTEMICOS EXCLUINDO GRISEOF;FLUCONAZOL GER;EMS PHARMA
R05C EXPECTORANTES;FLUITEINA EMS;EMS PHARMA
D07B ASSOCIACOES DE CORTICOIDES;FLUOCINOLONA ACETONIDA HIDROQUINONA TRETINOINA GER;EMS PHARMA
N06A A DEPRESSIVOS E REGUL DE HUMOR;FLUOXETINA GER;EMS PHARMA
R05C EXPECTORANTES;FLUTEINA EMS;EMS PHARMA
B03A HEMATINICOS FERRO E TODAS AS ASSOCIACOES;FOLAVIVE;EMS PHARMA
M02A ANTIREUMATICOS TOPICOS COM ANALGESICOS;FRIXOPEL EMS;EMS PHARMA
G03A CONTRACEPTIVOS HORMONAIS SISTEMICOS;FUCSIA FEM NVQ;EMS PHARMA
G03A CONTRACEPTIVOS HORMONAIS SISTEMICOS;FUCSIA MINUS NVQ;EMS PHARMA
J02A AGENTES ANTIMICOTICOS SISTEMICOS EXCLUINDO GRISEOF;FUNOK NVQ;EMS PHARMA
D07A CORTICOIDES TOPICOS PUROS;FUROATMOMETASO EMS;EMS PHARMA
D07A CORTICOIDES TOPICOS PUROS;FUROATMOMETASO GER;EMS PHARMA
N02D PROD GABAPENTINOIDES;GABANEURIN EMS;EMS PHARMA
N02D PROD GABAPENTINOIDES;GABAPENTINA EMS;EMS PHARMA
N02D PROD GABAPENTINOIDES;GABAPENTINA GER;EMS PHARMA
N07D PRODUTOS ANTI ALZHEIMER;GAUDY EMS;EMS PHARMA
A02A ANTIACIDOS ANTIFISETICOS;GELMAX EMS;EMS PHARMA
C10A PREPARADOS PARA REGULACAO COLESTEROL E TRIGLICERID;GENFIBROZILA EMS;EMS PHARMA
C10A PREPARADOS PARA REGULACAO COLESTEROL E TRIGLICERID;GENFIBROZILA GER;EMS PHARMA
J01K AMINOGLICOSIDEOS;GENTAMICINA EMS;EMS PHARMA
S01A ANTINFECCIOSOS;GENTAMICINA GER;EMS PHARMA
H02A CORTICOSTEROIDES PUROS;GERMED;EMS PHARMA
C04A VASOTERAPIA CEREBRAL E PERIFERICA;GINKOLAB MUL;EMS PHARMA
S01E MIOTICOS E PRAPARADOS ANTIGLAUCOMA;GLAMIGAN LEG;EMS PHARMA
S01E MIOTICOS E PRAPARADOS ANTIGLAUCOMA;GLAMIGAN OFV;EMS PHARMA
A10P INIBIDORES DE ANTIDIABETICOS DE SGLT2;GLEMPA EMS;EMS PHARMA
A10H SULFONILOUREIA A DIABETICOS;GLIANSOR LEG;EMS PHARMA
A10H SULFONILOUREIA A DIABETICOS;GLIBENCLAMIDA EMS;EMS PHARMA
A10H SULFONILOUREIA A DIABETICOS;GLIBENCLAMIDA GER;EMS PHARMA
A10S AGONISTAS GLP 1;GLIBENCLAMIDA GER;EMS PHARMA
A10H SULFONILOUREIA A DIABETICOS;GLIBENCLAMIDA NVQ;EMS PHARMA
A06A DROGAS PARA A CONSTIPACAO;GLICERIN EMS;EMS PHARMA
A10H SULFONILOUREIA A DIABETICOS;GLICLAZIDA EMS;EMS PHARMA
A10H SULFONILOUREIA A DIABETICOS;GLICLAZIDA LEG;EMS PHARMA
A10H SULFONILOUREIA A DIABETICOS;GLIMEPIRIDA EMS;EMS PHARMA
A10H SULFONILOUREIA A DIABETICOS;GLIMEPIRIDA GER;EMS PHARMA
A10N INIBIDOR DPP IV;GLUNAC GER;EMS PHARMA
R05A ANTIGRIPAIS EXCLUINDO ANTINFECCIOSOS;GRIPEN EMS;EMS PHARMA
R05C EXPECTORANTES;GUAIFENESINA EMS;EMS PHARMA
G01B ANTIMICOTICOS GINECOLOGICOS;GYNAZOLE 1 EMS;EMS PHARMA
R05C EXPECTORANTES;HEDRA EXPEC LEG;EMS PHARMA
R05C EXPECTORANTES;HEDRAEXPEC LEG;EMS PHARMA
C07A AGENTES BETA BLOQUEADORES PUROS;HEMIFUMARATO DE BISOPROLOL EMS;EMS PHARMA
C07A AGENTES BETA BLOQUEADORES PUROS;HEMIFUMARATO DE BISOPROLOL GER;EMS PHARMA
C07A AGENTES BETA BLOQUEADORES PUROS;HEMIFUMARATO DE BISOPROLOL NVQ;EMS PHARMA
N05A ANTIPSICOTICOS;HEMIFUMARATO DE QUETIAPINA EMS;EMS PHARMA
N05A ANTIPSICOTICOS;HEMIFUMARATO DE QUETIAPINA GER;EMS PHARMA
N05A ANTIPSICOTICOS;HEMIFUMARATO DE QUETIAPINA NVQ;EMS PHARMA
N05B HIPNOTICOS SEDATIVOS;HEMITARTARATO DE ZOLPIDEM;EMS PHARMA
N05B HIPNOTICOS SEDATIVOS;HEMITARTARATO DE ZOLPIDEM EMS;EMS PHARMA
N05B HIPNOTICOS SEDATIVOS;HEMITARTARATO DE ZOLPIDEM GER;EMS PHARMA
N05B HIPNOTICOS SEDATIVOS;HEMITARTARATO DE ZOLPIDEM LEG;EMS PHARMA
N05B HIPNOTICOS SEDATIVOS;HEMITARTARATO DE ZOLPIDEM NVQ;EMS PHARMA
J05B OUTROS ANTIVIRAIS;HERPSTAL EMS;EMS PHARMA
J05B OUTROS ANTIVIRAIS;HERPSTAL USK;EMS PHARMA
D07B ASSOCIACOES DE CORTICOIDES;HIDR TRE AC FLU NVQ;EMS PHARMA
A07G REPOSITORES ELECTROLITICOS ORAIS;HIDRABENE LEG;EMS PHARMA
C03A DIURETICOS;HIDROCLOROTIAZIDA EMS;EMS PHARMA
C03A DIURETICOS;HIDROCLOROTIAZIDA GER;EMS PHARMA
C03A DIURETICOS;HIDROCLOROTIAZIDA LEG;EMS PHARMA
D07B ASSOCIACOES DE CORTICOIDES;HIDROCORTE LEG;EMS PHARMA
D07B ASSOCIACOES DE CORTICOIDES;HIDROPEEK EMS;EMS PHARMA
D11A OUTRAS PREPARACOES DERMATOLOGICAS INCL XAMPUS MED;HIDROPEEK LEG;EMS PHARMA
D07B ASSOCIACOES DE CORTICOIDES;HIDROQUINONA TRETINOINA FLUOCINOLONA ACET EMS;EMS PHARMA
A02A ANTIACIDOS ANTIFISETICOS;HIDROXIDO DE ALUMINIO EMS;EMS PHARMA
N05C TRANQUILIZANTES;HIPNAZOLAM EMS;EMS PHARMA
D07B ASSOCIACOES DE CORTICOIDES;HORMOSKIN GER;EMS PHARMA
D07B ASSOCIACOES DE CORTICOIDES;HORMOSKIN USK;EMS PHARMA
M05B REGULADORES DO CALCIO OSSEO;IBAND LEG;EMS PHARMA
M05B REGULADORES DO CALCIO OSSEO;IBANDRONA SODIO EMS;EMS PHARMA
M05B REGULADORES DO CALCIO OSSEO;IBANDRONA SODIO GER;EMS PHARMA
M05B REGULADORES DO CALCIO OSSEO;IBANDRONATO GER;EMS PHARMA
N02B NAO NARCOTICOS ANTIPIRETICOS;IBUFLEX LEG;EMS PHARMA
N02B NAO NARCOTICOS ANTIPIRETICOS;IBULIV EMS;EMS PHARMA
N02B NAO NARCOTICOS ANTIPIRETICOS;IBUPROFENO EMS;EMS PHARMA
N02B NAO NARCOTICOS ANTIPIRETICOS;IBUPROFENO GER;EMS PHARMA
N02B NAO NARCOTICOS ANTIPIRETICOS;IBUPROFENO LEG;EMS PHARMA
N02B NAO NARCOTICOS ANTIPIRETICOS;IBUPROFENO NVQ;EMS PHARMA
N06A A DEPRESSIVOS E REGUL DE HUMOR;IMENSE EMS;EMS PHARMA
G04C PRODUTOS PARA HIPERPLASIA PROSTATICA BENIGNA HPB;IMPERE EMS;EMS PHARMA
G04D PRODUTOS PARA INCONTINENCIA URINARIA;IMPERE EMS;EMS PHARMA
L04X OUTROS IMUNOSSUPRESORES;IMUSSUPREX BRA;EMS PHARMA
R01A PREPARACOES NASAIS TOPICAS;INALAJET LEG;EMS PHARMA
R01A PREPARACOES NASAIS TOPICAS;INALIDE MUL;EMS PHARMA
C03A DIURETICOS;INDAPAMIDA EMS;EMS PHARMA
C03A DIURETICOS;INDAPAMIDA GER;EMS PHARMA
G03G GONADOTROFINAS E OUTROS ESTIMULANTES DA OVULACAO;INDUX EMS;EMS PHARMA
M01A ANTI REUMATICOS SEM ESTEROIDES;INFLALID EMS;EMS PHARMA
M01A ANTI REUMATICOS SEM ESTEROIDES;INFLALID LEG;EMS PHARMA
M03B RELAXANTES MUSCULARES ACAO CENTRAL;INFRALAX EMS;EMS PHARMA
G03A CONTRACEPTIVOS HORMONAIS SISTEMICOS;INGRID EMS;EMS PHARMA
M02A ANTIREUMATICOS TOPICOS COM ANALGESICOS;IODEX EMS;EMS PHARMA
R03K ANTICOLINERGICOS SIMPLES;IPRAVENT MUL;EMS PHARMA
C01E NITRITOS E NITRATOS;ISORDIL EMS;EMS PHARMA
D10B PREPARACOES ANTIACNE ORAIS;ISOTRETINOINA EMS;EMS PHARMA
D10B PREPARACOES ANTIACNE ORAIS;ISOTRETINOINA GER;EMS PHARMA
D10B PREPARACOES ANTIACNE ORAIS;ISOTRETINOINA NVQ;EMS PHARMA
D11A OUTRAS PREPARACOES DERMATOLOGICAS INCL XAMPUS MED;ITRACONAZOL EMS;EMS PHARMA
J02A AGENTES ANTIMICOTICOS SISTEMICOS EXCLUINDO GRISEOF;ITRACONAZOL EMS;EMS PHARMA
J02A AGENTES ANTIMICOTICOS SISTEMICOS EXCLUINDO GRISEOF;ITRACONAZOL GER;EMS PHARMA
J02A AGENTES ANTIMICOTICOS SISTEMICOS EXCLUINDO GRISEOF;ITRACONAZOL LEG;EMS PHARMA
J02A AGENTES ANTIMICOTICOS SISTEMICOS EXCLUINDO GRISEOF;ITRALEX EMS;EMS PHARMA
J02A AGENTES ANTIMICOTICOS SISTEMICOS EXCLUINDO GRISEOF;ITRASPOR EMS;EMS PHARMA
P01B ANTIHELMINTICOS EXCETO OS ESQUISTOSOMICIDAS;IVERMECTINA GER;EMS PHARMA
P01B ANTIHELMINTICOS EXCETO OS ESQUISTOSOMICIDAS;IVERMECTINA LEG;EMS PHARMA
D10B PREPARACOES ANTIACNE ORAIS;JAQUE EMS;EMS PHARMA
D11A OUTRAS PREPARACOES DERMATOLOGICAS INCL XAMPUS MED;KELOSIL LEG;EMS PHARMA
P01B ANTIHELMINTICOS EXCETO OS ESQUISTOSOMICIDAS;KELTRINA MUL;EMS PHARMA
P03A ECTOPARASITICIDAS INCL ESCAB;KELTRINA MUL;EMS PHARMA
M01A ANTI REUMATICOS SEM ESTEROIDES;KETHOL MUL;EMS PHARMA
D07B ASSOCIACOES DE CORTICOIDES;KNORTEX MUL;EMS PHARMA
C10A PREPARADOS PARA REGULACAO COLESTEROL E TRIGLICERID;KOLEVAS EMS;EMS PHARMA
N02D PROD GABAPENTINOIDES;KONDUZ EMS;EMS PHARMA
A09A DIGESTIVOS INCLUIDO ENZIMAS;LACDAY EMS;EMS PHARMA
A09A DIGESTIVOS INCLUIDO ENZIMAS;LACTANON NVQ;EMS PHARMA
A09A DIGESTIVOS INCLUIDO ENZIMAS;LACTIPAN EMS;EMS PHARMA
A06A DROGAS PARA A CONSTIPACAO;LACTULIV LEG;EMS PHARMA
A02B ANTIULCEROSOS;LANSOPRAZOL EMS;EMS PHARMA
A02B ANTIULCEROSOS;LANSOPRAZOL GER;EMS PHARMA
A02B ANTIULCEROSOS;LANSOPRAZOL LEG;EMS PHARMA
A02B ANTIULCEROSOS;LANSOPRAZOL NVQ;EMS PHARMA
A02B ANTIULCEROSOS;LANZ EMS;EMS PHARMA
S01E MIOTICOS E PRAPARADOS ANTIGLAUCOMA;LATANOPROSTA COLIRIO EMS;EMS PHARMA
S01E MIOTICOS E PRAPARADOS ANTIGLAUCOMA;LATANOPROSTA TIMOLOL COLIRIO GER;EMS PHARMA
S01E MIOTICOS E PRAPARADOS ANTIGLAUCOMA;LATONAN OFV;EMS PHARMA
C08A ANTAGONISTAS DO CALCIO PUROS;LEFOR BAY;EMS PHARMA
C08A ANTAGONISTAS DO CALCIO PUROS;LEFOR EMS;EMS PHARMA
S01R ANTIINFLAMATORIOS OFTALMOLOGICOS NAO ESTEROIDES;LEGRACE LEG;EMS PHARMA
D11A OUTRAS PREPARACOES DERMATOLOGICAS INCL XAMPUS MED;LEGRAND;EMS PHARMA
H02A CORTICOSTEROIDES PUROS;LEGRAND;EMS PHARMA
M01A ANTI REUMATICOS SEM ESTEROIDES;LEGRAND;EMS PHARMA
R05C EXPECTORANTES;LEGRAND;EMS PHARMA
P01B ANTIHELMINTICOS EXCETO OS ESQUISTOSOMICIDAS;LEVERCTIN EMS;EMS PHARMA
N03A ANTICONVULSIVANTES;LEVETIRACETAM EMS;EMS PHARMA
N03A ANTICONVULSIVANTES;LEVETIRACETAM GER;EMS PHARMA
J01G FLUOROQUINOLONAS;LEVOFLOXACINO EMS;EMS PHARMA
J01G FLUOROQUINOLONAS;LEVOFLOXACINO GER;EMS PHARMA
J01G FLUOROQUINOLONAS;LEVOFLOXACINO LEG;EMS PHARMA
N06B PSICOESTIMULANTES;LIDEXOR BRA;EMS PHARMA
N06B PSICOESTIMULANTES;LIDEXOR GER;EMS PHARMA
N01B ANESTESICOS LOCAIS EXCLUINDO DERMATOLOGICOS;LIDOCAINA EMS;EMS PHARMA
N01B ANESTESICOS LOCAIS EXCLUINDO DERMATOLOGICOS;LIDOCAINA GER;EMS PHARMA
A10C INSULINAS HUMANAS E ANALOGAS;LINADIB EMS;EMS PHARMA
A10N INIBIDOR DPP IV;LINADIB EMS;EMS PHARMA
A10S AGONISTAS GLP 1;LINADIB EMS;EMS PHARMA
A08A - PREPARADOS ANOREXICOS EXETO OS DIETETICOS;LIPIBLOCK BRA;EMS PHARMA
A08A - PREPARADOS ANOREXICOS EXETO OS DIETETICOS;LIPIBLOCK EMS;EMS PHARMA
A08A - PREPARADOS ANOREXICOS EXETO OS DIETETICOS;LIPIBLOCK GER;EMS PHARMA
C10A PREPARADOS PARA REGULACAO COLESTEROL E TRIGLICERID;LIPISTAT EMS;EMS PHARMA
C10A PREPARADOS PARA REGULACAO COLESTEROL E TRIGLICERID;LIPISTATINA MUL;EMS PHARMA
A10S AGONISTAS GLP 1;LIRUX EMS;EMS PHARMA
N06B PSICOESTIMULANTES;LISDEXANFETAMINA EMS;EMS PHARMA
N06B PSICOESTIMULANTES;LISDEXANFETAMINA GER;EMS PHARMA
N06B PSICOESTIMULANTES;LISDEXANFETAMINA NVQ;EMS PHARMA
C09A INIBIDORES ACE PUROS;LISINOPRIL EMS;EMS PHARMA
A06A DROGAS PARA A CONSTIPACAO;LOCTULIV LEG;EMS PHARMA
R06A ANTIHISTAMINICOS SISTEMICOS;LORATADINA EMS;EMS PHARMA
R06A ANTIHISTAMINICOS SISTEMICOS;LORATADINA GER;EMS PHARMA
R01B DESCONGESTIONANTES NASAIS SISTEMICOS;LORATADINA SUL DE PSEUDOEFEDRINA GER;EMS PHARMA
R01B DESCONGESTIONANTES NASAIS SISTEMICOS;LORATADINA SUL DE PSEUDOEFEDRINA XAROPE EMS;EMS PHARMA
R06A ANTIHISTAMINICOS SISTEMICOS;LORATADINA XAROPE EMS;EMS PHARMA
N05A ANTIPSICOTICOS;LORAZEFAST EMS;EMS PHARMA
N05C TRANQUILIZANTES;LORAZEFAST EMS;EMS PHARMA
N05C TRANQUILIZANTES;LORAZEPAN EMS;EMS PHARMA
N05C TRANQUILIZANTES;LORAZEPAN GER;EMS PHARMA
N05C TRANQUILIZANTES;LORAZEPAN LEG;EMS PHARMA
C09C ANTAGONISTAS DE LA ANGIOTENSINA II PUROS;LOSARTANA EMS;EMS PHARMA
C09C ANTAGONISTAS DE LA ANGIOTENSINA II PUROS;LOSARTANA GER;EMS PHARMA
C09D ANTAGONISTAS DE LA ANGIOTENSINA II COMBINADOS;LOSARTANA HIDROCLOROTIAZIDA EMS;EMS PHARMA
C09D ANTAGONISTAS DE LA ANGIOTENSINA II COMBINADOS;LOSARTANA HIDROCLOROTIAZIDA GER;EMS PHARMA
C09D ANTAGONISTAS DE LA ANGIOTENSINA II COMBINADOS;LOSARTANA HIDROCLOROTIAZIDA LEG;EMS PHARMA
C09C ANTAGONISTAS DE LA ANGIOTENSINA II PUROS;LOSARTANA LEG;EMS PHARMA
C09D ANTAGONISTAS DE LA ANGIOTENSINA II COMBINADOS;LOSARTANA LEG;EMS PHARMA
C09C ANTAGONISTAS DE LA ANGIOTENSINA II PUROS;LOSARTANA MUL;EMS PHARMA
C09C ANTAGONISTAS DE LA ANGIOTENSINA II PUROS;LOSARTANA NVQ;EMS PHARMA
A02B ANTIULCEROSOS;LOZEPREL MUL;EMS PHARMA
N06B PSICOESTIMULANTES;LYBERDIA EMS;EMS PHARMA
R05B ANTIGRIPAIS C ANTIINFECCIOSOS;MAL DE BRONFENIRAMINA FENILEFRINA EMS;EMS PHARMA
H02B ASSOCIACOES CORTICOSTEROIDES SISTEMICOS;MAL DEXCLO BETA XAROPE GER;EMS PHARMA
C09B INIBIDORES ACE COMBINADOS;MALENA EMS;EMS PHARMA
N05C TRANQUILIZANTES;MARACUJACONCENTRIX LEG;EMS PHARMA
P01B ANTIHELMINTICOS EXCETO OS ESQUISTOSOMICIDAS;MEBENDAZOL EMS;EMS PHARMA
J01A TETRACICLINAS E ASSOCIACOES;MECICLIN GER;EMS PHARMA
J01A TETRACICLINAS E ASSOCIACOES;MECICLIN USK;EMS PHARMA
G01A TRICOMONICIDAS;MEFLAGIN MUL;EMS PHARMA
G01A TRICOMONICIDAS;MEFLAGIN NVQ;EMS PHARMA
G03A CONTRACEPTIVOS HORMONAIS SISTEMICOS;MEGY LEG;EMS PHARMA
M01A ANTI REUMATICOS SEM ESTEROIDES;MELOXICAM EMS;EMS PHARMA
M01A ANTI REUMATICOS SEM ESTEROIDES;MELOXICAM GER;EMS PHARMA
M01A ANTI REUMATICOS SEM ESTEROIDES;MELOXICAM LEG;EMS PHARMA
M01A ANTI REUMATICOS SEM ESTEROIDES;MELOXICAM NVQ;EMS PHARMA
M01A ANTI REUMATICOS SEM ESTEROIDES;MELOXIGRAN LEG;EMS PHARMA
N07D PRODUTOS ANTI ALZHEIMER;MEMANTINA EMS;EMS PHARMA
A12C OUTROS SUPLEMENTOS MINERAIS;MEMOVA EMS;EMS PHARMA
C10A PREPARADOS PARA REGULACAO COLESTEROL E TRIGLICERID;MENOCOL MUL;EMS PHARMA
A07E PRODUTOS PARA DOENCA INFLAMATORIA INTESTINAL;MESALAZINA EMS;EMS PHARMA
A07E PRODUTOS PARA DOENCA INFLAMATORIA INTESTINAL;MESALAZINA GER;EMS PHARMA
A07E PRODUTOS PARA DOENCA INFLAMATORIA INTESTINAL;MESALAZINA LEG;EMS PHARMA
C02A ANTIHIPERTENSIVOS NAO HERBACEOS PUROS;MESILATO DE DOXAZOSINA EMS;EMS PHARMA
C02A ANTIHIPERTENSIVOS NAO HERBACEOS PUROS;MESILATO DE DOXAZOSINA GER;EMS PHARMA
C02A ANTIHIPERTENSIVOS NAO HERBACEOS PUROS;MESILATO DE DOXAZOSINA LEG;EMS PHARMA
A10J BIGUANIDA A DIABETICOS;METFORMINA GER;EMS PHARMA
A10J BIGUANIDA A DIABETICOS;METFORMINA MUL;EMS PHARMA
C02A ANTIHIPERTENSIVOS NAO HERBACEOS PUROS;METILDOPA EMS;EMS PHARMA
N06B PSICOESTIMULANTES;METILFENIDATO NVQ;EMS PHARMA
C07A AGENTES BETA BLOQUEADORES PUROS;METOPROLOL MUL;EMS PHARMA
G01A TRICOMONICIDAS;METRONIDAZOL EMS;EMS PHARMA
P01A AMEBICIDAS;METRONIDAZOL EMS;EMS PHARMA
G01A TRICOMONICIDAS;METRONIDAZOL NVQ;EMS PHARMA
D01A ANTIMICOTICOS DERMATOLOGICOS;MICONAZOL EMS;EMS PHARMA
A01B ANTIFUNGICOS ORAIS TOPICOS;MICOSTALAB EMS;EMS PHARMA
D01A ANTIMICOTICOS DERMATOLOGICOS;MICOSTALAB MUL;EMS PHARMA
G01B ANTIMICOTICOS GINECOLOGICOS;MICOSTALAB MUL;EMS PHARMA
G03A CONTRACEPTIVOS HORMONAIS SISTEMICOS;MICROPIL EMS;EMS PHARMA
N02C CONTRA ENXAQUECA;MIGRALIV EMS;EMS PHARMA
A10S AGONISTAS GLP 1;MINOXIDIL GER;EMS PHARMA
M03B RELAXANTES MUSCULARES ACAO CENTRAL;MIOFIBRAX EMS;EMS PHARMA
M03B RELAXANTES MUSCULARES ACAO CENTRAL;MIOFIBRAX LEG;EMS PHARMA
M03B RELAXANTES MUSCULARES ACAO CENTRAL;MIOGESIC EMS;EMS PHARMA
M03B RELAXANTES MUSCULARES ACAO CENTRAL;MIOGESICLIS EMS;EMS PHARMA
N06A A DEPRESSIVOS E REGUL DE HUMOR;MIRTAZAPINA EMS;EMS PHARMA
N06A A DEPRESSIVOS E REGUL DE HUMOR;MIRTAZAPINA GER;EMS PHARMA
N06A A DEPRESSIVOS E REGUL DE HUMOR;MIRTAZAPINA NVQ;EMS PHARMA
D06D PRODUTOS PARA INFECOES VIRAIS;MODIK USK;EMS PHARMA
L04X OUTROS IMUNOSSUPRESORES;MOFETILA EMS;EMS PHARMA
A03F GASTROPROCINETICOS;MOLIDON EMS;EMS PHARMA
N07D PRODUTOS ANTI ALZHEIMER;MORIALE ODT EMS;EMS PHARMA
A03F GASTROPROCINETICOS;MOTIRIDONA MUL;EMS PHARMA
A03F GASTROPROCINETICOS;MOTIRIDONA NVQ;EMS PHARMA
R05A ANTIGRIPAIS EXCLUINDO ANTINFECCIOSOS;MULTIGRIP EMS;EMS PHARMA
N02A ANALGESICOS NARCOTICOS;MULTIGRIP MUL;EMS PHARMA
R05A ANTIGRIPAIS EXCLUINDO ANTINFECCIOSOS;MULTIGRIP MUL;EMS PHARMA
R05C EXPECTORANTES;MULTIGRIP MUL;EMS PHARMA
C09C ANTAGONISTAS DE LA ANGIOTENSINA II PUROS;MULTILAB MUL;EMS PHARMA
G04C PRODUTOS PARA HIPERPLASIA PROSTATICA BENIGNA HPB;MULTILAB MUL;EMS PHARMA
J01C PENICILINAS DE AMPLO ESPECTRO;MULTILAB MUL;EMS PHARMA
J01G FLUOROQUINOLONAS;MULTILAB MUL;EMS PHARMA
M01A ANTI REUMATICOS SEM ESTEROIDES;MULTILAB MUL;EMS PHARMA
N02A ANALGESICOS NARCOTICOS;MULTILAB MUL;EMS PHARMA
R05C EXPECTORANTES;MULTILAB MUL;EMS PHARMA
N02B NAO NARCOTICOS ANTIPIRETICOS;MULTIPIRAL MUL;EMS PHARMA
R01A PREPARACOES NASAIS TOPICAS;MULTISORO EMS;EMS PHARMA
R01A PREPARACOES NASAIS TOPICAS;MULTISORO MUL;EMS PHARMA
M03B RELAXANTES MUSCULARES ACAO CENTRAL;MUSCORIL EMS;EMS PHARMA
M03B RELAXANTES MUSCULARES ACAO CENTRAL;MUSCUSAN NVQ;EMS PHARMA
R05C EXPECTORANTES;NAC EMS;EMS PHARMA
R01A PREPARACOES NASAIS TOPICAS;NAFAZOLINA EMS;EMS PHARMA
M01A ANTI REUMATICOS SEM ESTEROIDES;NAPROXENO GER;EMS PHARMA
N02C CONTRA ENXAQUECA;NARANETY LEG;EMS PHARMA
N02C CONTRA ENXAQUECA;NARATANO MUL;EMS PHARMA
N02C CONTRA ENXAQUECA;NARATANO NVQ;EMS PHARMA
N02C CONTRA ENXAQUECA;NARATRIN EMS;EMS PHARMA
N02C CONTRA ENXAQUECA;NARATRIPTANA EMS;EMS PHARMA
N02C CONTRA ENXAQUECA;NARATRIPTANA MUL;EMS PHARMA
N02C CONTRA ENXAQUECA;NARATRIPTANA NVQ;EMS PHARMA
N02C CONTRA ENXAQUECA;NARCEF EMS;EMS PHARMA
R01A PREPARACOES NASAIS TOPICAS;NARIDRIN EMS;EMS PHARMA
R01A PREPARACOES NASAIS TOPICAS;NARINEF EMS;EMS PHARMA
R01A PREPARACOES NASAIS TOPICAS;NARISORO EMS;EMS PHARMA
D06A ANTIBACTERIANOS TOPICOS;NEBACIDERME MUL;EMS PHARMA
C07A AGENTES BETA BLOQUEADORES PUROS;NEBIC BRA;EMS PHARMA
A12C OUTROS SUPLEMENTOS MINERAIS;NEOSIL;EMS PHARMA
D06A ANTIBACTERIANOS TOPICOS;NEOTRICIN LEG;EMS PHARMA
C01D TERAPIA CORONARIA EXCLUINDO ANTAGONISTAS DO CALCIO;NEOVANGY MR EMS;EMS PHARMA
B03A HEMATINICOS FERRO E TODAS AS ASSOCIACOES;NEUTROFER EMS;EMS PHARMA
M01A ANTI REUMATICOS SEM ESTEROIDES;NEXFLEN LEG;EMS PHARMA
M01A ANTI REUMATICOS SEM ESTEROIDES;NEXOPRAX MUL;EMS PHARMA
A02B ANTIULCEROSOS;NEXPRAZIN EMS;EMS PHARMA
M01A ANTI REUMATICOS SEM ESTEROIDES;NIDUE GER;EMS PHARMA
G03A CONTRACEPTIVOS HORMONAIS SISTEMICOS;NIKI EMS;EMS PHARMA
M01A ANTI REUMATICOS SEM ESTEROIDES;NIMESILAM EMS;EMS PHARMA
M01A ANTI REUMATICOS SEM ESTEROIDES;NIMESILAM MUL;EMS PHARMA
M01A ANTI REUMATICOS SEM ESTEROIDES;NIMESULIDA EMS;EMS PHARMA
M02A ANTIREUMATICOS TOPICOS COM ANALGESICOS;NIMESULIDA EMS;EMS PHARMA
M02A ANTIREUMATICOS TOPICOS COM ANALGESICOS;NIMESULIDA GER;EMS PHARMA
M02A ANTIREUMATICOS TOPICOS COM ANALGESICOS;NIMESULIDA MUL;EMS PHARMA
M01A ANTI REUMATICOS SEM ESTEROIDES;NIMESULIDA NVQ;EMS PHARMA
A01B ANTIFUNGICOS ORAIS TOPICOS;NISTATINA EMS;EMS PHARMA
A01B ANTIFUNGICOS ORAIS TOPICOS;NISTATINA GER;EMS PHARMA
D03A AGENTES CURATIVOS FERIDAS;NISTATINA OXIDO DE ZINCO EMS;EMS PHARMA
P01B ANTIHELMINTICOS EXCETO OS ESQUISTOSOMICIDAS;NITAZOXANIDA EMS;EMS PHARMA
P01B ANTIHELMINTICOS EXCETO OS ESQUISTOSOMICIDAS;NITAZOXANIDA GER;EMS PHARMA
G01B ANTIMICOTICOS GINECOLOGICOS;NITRATO DE FENTICONAZOL EMS;EMS PHARMA
N05B HIPNOTICOS SEDATIVOS;NITRAZEPAM GER;EMS PHARMA
M01A ANTI REUMATICOS SEM ESTEROIDES;NIVUX EMS;EMS PHARMA
G03A CONTRACEPTIVOS HORMONAIS SISTEMICOS;NOCICLIN EMS;EMS PHARMA
J01G FLUOROQUINOLONAS;NORFLOXACINO EMS;EMS PHARMA
J01G FLUOROQUINOLONAS;NORFLOXACINO GER;EMS PHARMA
J01G FLUOROQUINOLONAS;NORFLOXACINO MUL;EMS PHARMA
A06A DROGAS PARA A CONSTIPACAO;NORMOLAX EMS;EMS PHARMA
B02D COAGULACAO DO SANGUE;NOVA QUIMICA;EMS PHARMA
C10A PREPARADOS PARA REGULACAO COLESTEROL E TRIGLICERID;NOVA QUIMICA;EMS PHARMA
N02A ANALGESICOS NARCOTICOS;NOVA QUIMICA;EMS PHARMA
N02C CONTRA ENXAQUECA;NOVA QUIMICA;EMS PHARMA
N05B HIPNOTICOS SEDATIVOS;NOVA QUIMICA;EMS PHARMA
N06B PSICOESTIMULANTES;NOVA QUIMICA;EMS PHARMA
R06A ANTIHISTAMINICOS SISTEMICOS;NOVA QUIMICA;EMS PHARMA
J01X OUTROS ANTI BACTERIANOS;NOVAMICIN FRS;EMS PHARMA
J01C PENICILINAS DE AMPLO ESPECTRO;OCYLIN MUL;EMS PHARMA
J01G FLUOROQUINOLONAS;OCYLIN MUL;EMS PHARMA
S01A ANTINFECCIOSOS;OFLOXACINO COLIRIO EMS;EMS PHARMA
N05A ANTIPSICOTICOS;OLANZAPINA EMS;EMS PHARMA
N05A ANTIPSICOTICOS;OLANZAPINA GER;EMS PHARMA
N05A ANTIPSICOTICOS;OLANZAPINA NVQ;EMS PHARMA
A06A DROGAS PARA A CONSTIPACAO;OLEO MUL;EMS PHARMA
A08A - PREPARADOS ANOREXICOS EXETO OS DIETETICOS;OLIRE EMS;EMS PHARMA
C09C ANTAGONISTAS DE LA ANGIOTENSINA II PUROS;OLMESARTANA EMS;EMS PHARMA
C09D ANTAGONISTAS DE LA ANGIOTENSINA II COMBINADOS;OLMESARTANA MEDOXOMILA BES DE ANLODIPINO EMS;EMS PHARMA
C09D ANTAGONISTAS DE LA ANGIOTENSINA II COMBINADOS;OLMESARTANA MEDOXOMILA BES DE ANLODIPINO GER;EMS PHARMA
C09C ANTAGONISTAS DE LA ANGIOTENSINA II PUROS;OLMESARTANA MEDOXOMILA GER;EMS PHARMA
C09D ANTAGONISTAS DE LA ANGIOTENSINA II COMBINADOS;OLMESARTANA MEDOXOMILA HIDROCLOROTIAZIDA EMS;EMS PHARMA
C09D ANTAGONISTAS DE LA ANGIOTENSINA II COMBINADOS;OLMESARTANA MEDOXOMILA HIDROCLOROTIAZIDA GER;EMS PHARMA
C09D ANTAGONISTAS DE LA ANGIOTENSINA II COMBINADOS;OLMY ANLO BRA;EMS PHARMA
C09D ANTAGONISTAS DE LA ANGIOTENSINA II COMBINADOS;OLMY ANLO EMS;EMS PHARMA
C09C ANTAGONISTAS DE LA ANGIOTENSINA II PUROS;OLMY BRA;EMS PHARMA
C09D ANTAGONISTAS DE LA ANGIOTENSINA II COMBINADOS;OLMY HCT BRA;EMS PHARMA
C09D ANTAGONISTAS DE LA ANGIOTENSINA II COMBINADOS;OLMY HCT EMS;EMS PHARMA
A02B ANTIULCEROSOS;OMEPRAZIN EMS;EMS PHARMA
A02B ANTIULCEROSOS;OMEPRAZOL EMS;EMS PHARMA
A02B ANTIULCEROSOS;OMEPRAZOL GER;EMS PHARMA
A02B ANTIULCEROSOS;OMEPRAZOL MUL;EMS PHARMA
A02B ANTIULCEROSOS;OMEPRAZOL NVQ;EMS PHARMA
A01A ESTOMATOLOGICOS;ONCILEG LEG;EMS PHARMA
D07B ASSOCIACOES DE CORTICOIDES;ONCILEG LEG;EMS PHARMA
A04A ANTIEMETICOS E ANTINAUSEOSOS;ONDANSETRONA EMS;EMS PHARMA
A04A ANTIEMETICOS E ANTINAUSEOSOS;ONDANSETRONA GER;EMS PHARMA
D01A ANTIMICOTICOS DERMATOLOGICOS;ONICORYL GER;EMS PHARMA
A08A - PREPARADOS ANOREXICOS EXETO OS DIETETICOS;ORLIPID EMS;EMS PHARMA
A08A - PREPARADOS ANOREXICOS EXETO OS DIETETICOS;ORLISTATE EMS;EMS PHARMA
A08A - PREPARADOS ANOREXICOS EXETO OS DIETETICOS;ORLISTATE GER;EMS PHARMA
A08A - PREPARADOS ANOREXICOS EXETO OS DIETETICOS;ORLISTATE NEO;EMS PHARMA
A12A CALCIO;OSTE K2 MUL;EMS PHARMA
M05B REGULADORES DO CALCIO OSSEO;OSTEOFORM EMS;EMS PHARMA
S02C ASSOCIACOES DE ANTINFECCIOSOS E CORTICOIDES;OTOMIXYN EMS;EMS PHARMA
N06A A DEPRESSIVOS E REGUL DE HUMOR;OXALATO DE ESCITALOPRAM EMS;EMS PHARMA
N06A A DEPRESSIVOS E REGUL DE HUMOR;OXALATO DE ESCITALOPRAM GER;EMS PHARMA
N06A A DEPRESSIVOS E REGUL DE HUMOR;OXALATO DE ESCITALOPRAM LEG;EMS PHARMA
N06A A DEPRESSIVOS E REGUL DE HUMOR;OXALATO DE ESCITALOPRAM NVQ;EMS PHARMA
G04D PRODUTOS PARA INCONTINENCIA URINARIA;OXIBUTININA XAROPE EMS;EMS PHARMA
R05C EXPECTORANTES;OXOMEMAZINA IODETO DE POT BENZ GUAIF EMS;EMS PHARMA
A10S AGONISTAS GLP 1;OZIVY EMS;EMS PHARMA
A02B ANTIULCEROSOS;PANTOPRAZOL EMS;EMS PHARMA
A02B ANTIULCEROSOS;PANTOPRAZOL GER;EMS PHARMA
A02B ANTIULCEROSOS;PANTOPRAZOL LEG;EMS PHARMA
A02B ANTIULCEROSOS;PANTOPRAZOL NVQ;EMS PHARMA
N02B NAO NARCOTICOS ANTIPIRETICOS;PARACETAMOL CAFEINA EMS;EMS PHARMA
N02B NAO NARCOTICOS ANTIPIRETICOS;PARACETAMOL CAFEINA GER;EMS PHARMA
R05A ANTIGRIPAIS EXCLUINDO ANTINFECCIOSOS;PARACETAMOL CLOR DE PSEUDOEFEDRINA EMS;EMS PHARMA
R05A ANTIGRIPAIS EXCLUINDO ANTINFECCIOSOS;PARACETAMOL CLOR DE PSEUDOEFEDRINA GER;EMS PHARMA
N02A ANALGESICOS NARCOTICOS;PARACETAMOL EMS;EMS PHARMA
N02B NAO NARCOTICOS ANTIPIRETICOS;PARACETAMOL EMS;EMS PHARMA
N02A ANALGESICOS NARCOTICOS;PARACETAMOL FOSF DE CODEINA EMS;EMS PHARMA
N02A ANALGESICOS NARCOTICOS;PARACETAMOL FOSF DE CODEINA GER;EMS PHARMA
N02A ANALGESICOS NARCOTICOS;PARACETAMOL FOSF DE CODEINA NVQ;EMS PHARMA
N02B NAO NARCOTICOS ANTIPIRETICOS;PARACETAMOL GER;EMS PHARMA
N02B NAO NARCOTICOS ANTIPIRETICOS;PARACETAMOL LEG;EMS PHARMA
N02B NAO NARCOTICOS ANTIPIRETICOS;PARACETAMOL MUL;EMS PHARMA
N02B NAO NARCOTICOS ANTIPIRETICOS;PARACETAMOL NVQ;EMS PHARMA
N02B NAO NARCOTICOS ANTIPIRETICOS;PARALGEN LEG;EMS PHARMA
C05C TERAPIA VARICOSA SISTEMICA;PASSARE GER;EMS PHARMA
N05B HIPNOTICOS SEDATIVOS;PATZ EMS;EMS PHARMA
C04A VASOTERAPIA CEREBRAL E PERIFERICA;PENTOXIFILINA EMS;EMS PHARMA
C04A VASOTERAPIA CEREBRAL E PERIFERICA;PENTOXIFILINA GER;EMS PHARMA
D06D PRODUTOS PARA INFECOES VIRAIS;PENVIR EMS;EMS PHARMA
J05B OUTROS ANTIVIRAIS;PENVIR EMS;EMS PHARMA
A02A ANTIACIDOS ANTIFISETICOS;PEPSOGEL LEG;EMS PHARMA
G03A CONTRACEPTIVOS HORMONAIS SISTEMICOS;PERLUMES NVQ;EMS PHARMA
A03A ANTIESPASMODICOS E ANTICOLINERGICOS PUROS;PINAVERIO EMS;EMS PHARMA
A10K GLITAZONA A DIABETICOS;PIOGLITAZONA EMS;EMS PHARMA
R05C EXPECTORANTES;PIONEIRO;EMS PHARMA
A10K GLITAZONA A DIABETICOS;PIOTAZ BRA;EMS PHARMA
A10K GLITAZONA A DIABETICOS;PIOTAZ GER;EMS PHARMA
M01A ANTI REUMATICOS SEM ESTEROIDES;PIROXICAM EMS;EMS PHARMA
M01A ANTI REUMATICOS SEM ESTEROIDES;PIROXICAM GER;EMS PHARMA
C10A PREPARADOS PARA REGULACAO COLESTEROL E TRIGLICERID;PITAVASTATINA CALCICA EMS;EMS PHARMA
C10A PREPARADOS PARA REGULACAO COLESTEROL E TRIGLICERID;PITAVASTATINA CALCICA GER;EMS PHARMA
A06A DROGAS PARA A CONSTIPACAO;PLANTARE LEG;EMS PHARMA
R06A ANTIHISTAMINICOS SISTEMICOS;POLAPIC EMS;EMS PHARMA
J01C PENICILINAS DE AMPLO ESPECTRO;POLICLAVUMOXIL EMS;EMS PHARMA
J01C PENICILINAS DE AMPLO ESPECTRO;POLICLAVUMOXIL MUL;EMS PHARMA
J01C PENICILINAS DE AMPLO ESPECTRO;POLIMOXIL LEG;EMS PHARMA
N02B NAO NARCOTICOS ANTIPIRETICOS;PONSDRIL LEG;EMS PHARMA
A02B ANTIULCEROSOS;PRAZY LEG;EMS PHARMA
H02A CORTICOSTEROIDES PUROS;PRED GRAN LEG;EMS PHARMA
H02A CORTICOSTEROIDES PUROS;PREDINIS LEG;EMS PHARMA
D07B ASSOCIACOES DE CORTICOIDES;PREDMICIN EMS;EMS PHARMA
H02A CORTICOSTEROIDES PUROS;PREDNISOLONA EMS;EMS PHARMA
H02A CORTICOSTEROIDES PUROS;PREDNISOLONA GER;EMS PHARMA
H02A CORTICOSTEROIDES PUROS;PREDNISOLONA LEG;EMS PHARMA
H02A CORTICOSTEROIDES PUROS;PREDNISONA EMS;EMS PHARMA
H02A CORTICOSTEROIDES PUROS;PREDNISONA GER;EMS PHARMA
H02A CORTICOSTEROIDES PUROS;PREDNISONA LEG;EMS PHARMA
H02A CORTICOSTEROIDES PUROS;PREDNISONA NVQ;EMS PHARMA
H02A CORTICOSTEROIDES PUROS;PREDSIGMA NVQ;EMS PHARMA
N02D PROD GABAPENTINOIDES;PREGABALINA EMS;EMS PHARMA
N02D PROD GABAPENTINOIDES;PREGABALINA GER;EMS PHARMA
N02D PROD GABAPENTINOIDES;PREGABALINA NVQ;EMS PHARMA
C09A INIBIDORES ACE PUROS;PRESSEL LEG;EMS PHARMA
G03A CONTRACEPTIVOS HORMONAIS SISTEMICOS;PREVIANE LEG;EMS PHARMA
G03A CONTRACEPTIVOS HORMONAIS SISTEMICOS;PREVYASM LEG;EMS PHARMA
C05A ANTIHEMORROIDARIOS TOPICOS;PROCTOXH MUL;EMS PHARMA
J01G FLUOROQUINOLONAS;PROFLOX EMS;EMS PHARMA
D07A CORTICOIDES TOPICOS PUROS;PROPIONATO DE CLOBETASOL EMS;EMS PHARMA
D07A CORTICOIDES TOPICOS PUROS;PROPIONATO DE CLOBETASOL GER;EMS PHARMA
D07A CORTICOIDES TOPICOS PUROS;PROPIONATO DE CLOBETASOL NVQ;EMS PHARMA
C07A AGENTES BETA BLOQUEADORES PUROS;PROPRANOLOL EMS;EMS PHARMA
C07A AGENTES BETA BLOQUEADORES PUROS;PROPRANOLOL GER;EMS PHARMA
R06A ANTIHISTAMINICOS SISTEMICOS;PRURI GRAN LEG;EMS PHARMA
S01E MIOTICOS E PRAPARADOS ANTIGLAUCOMA;PRUROK;EMS PHARMA
R05C EXPECTORANTES;PULMOCALM;EMS PHARMA
N05A ANTIPSICOTICOS;QUEROPAX EMS;EMS PHARMA
C01D TERAPIA CORONARIA EXCLUINDO ANTAGONISTAS DO CALCIO;QUICARD BRA;EMS PHARMA
L04B MEDICAMENTOS ANTI TNF;REMSIMA NVQ;EMS PHARMA
A07F MICROORGANISMOS ANTIDIARREICOS;REPOFLOR;EMS PHARMA
A07F MICROORGANISMOS ANTIDIARREICOS;REPOFLOR LEG;EMS PHARMA
D10B PREPARACOES ANTIACNE ORAIS;REPOPIL 35 LEG;EMS PHARMA
R05A ANTIGRIPAIS EXCLUINDO ANTINFECCIOSOS;RESFEGRIPE MUL;EMS PHARMA
A02B ANTIULCEROSOS;RESTITUE EMS;EMS PHARMA
D06A ANTIBACTERIANOS TOPICOS;RIFAMICINA EMS;EMS PHARMA
D06A ANTIBACTERIANOS TOPICOS;RIFAMICINA GER;EMS PHARMA
D06A ANTIBACTERIANOS TOPICOS;RIFAMICINA LEG;EMS PHARMA
M05B REGULADORES DO CALCIO OSSEO;RISEDRONATO SODICO EMS;EMS PHARMA
M05B REGULADORES DO CALCIO OSSEO;RISEDRONATO SODICO GER;EMS PHARMA
M05B REGULADORES DO CALCIO OSSEO;RISEDRONATO SODICO NVQ;EMS PHARMA
M05B REGULADORES DO CALCIO OSSEO;RISEDROSS EMS;EMS PHARMA
N05A ANTIPSICOTICOS;RISPERIDONA EMS;EMS PHARMA
N05A ANTIPSICOTICOS;RISPERIDONA GER;EMS PHARMA
N05A ANTIPSICOTICOS;RISPERIDONA NVQ;EMS PHARMA
B01F INIBIDOR DIRETO DO FATOR XA;RIVAROXABANA EMS;EMS PHARMA
B01F INIBIDOR DIRETO DO FATOR XA;RIVAROXABANA GER;EMS PHARMA
B01F INIBIDOR DIRETO DO FATOR XA;RIVAROXABANA LEG;EMS PHARMA
N07D PRODUTOS ANTI ALZHEIMER;RIVASTIGMINA EMS;EMS PHARMA
N05B HIPNOTICOS SEDATIVOS;ROHYDORM EMS;EMS PHARMA
C10A PREPARADOS PARA REGULACAO COLESTEROL E TRIGLICERID;ROSUSTATIN MUL;EMS PHARMA
C10A PREPARADOS PARA REGULACAO COLESTEROL E TRIGLICERID;ROSUSTATIN NVQ;EMS PHARMA
C10A PREPARADOS PARA REGULACAO COLESTEROL E TRIGLICERID;ROSUVAST EMS;EMS PHARMA
C10A PREPARADOS PARA REGULACAO COLESTEROL E TRIGLICERID;ROSUVASTATINA CALCICA EMS;EMS PHARMA
C10A PREPARADOS PARA REGULACAO COLESTEROL E TRIGLICERID;ROSUVASTATINA CALCICA GER;EMS PHARMA
C10A PREPARADOS PARA REGULACAO COLESTEROL E TRIGLICERID;ROSUVASTATINA CALCICA LEG;EMS PHARMA
C10A PREPARADOS PARA REGULACAO COLESTEROL E TRIGLICERID;ROSUVASTATINA CALCICA NVQ;EMS PHARMA
C10A PREPARADOS PARA REGULACAO COLESTEROL E TRIGLICERID;ROSUVASTATINA EMS;EMS PHARMA
C10A PREPARADOS PARA REGULACAO COLESTEROL E TRIGLICERID;ROSUVASTATINA GER;EMS PHARMA
P01B ANTIHELMINTICOS EXCETO OS ESQUISTOSOMICIDAS;RUDITE EMS;EMS PHARMA
C10A PREPARADOS PARA REGULACAO COLESTEROL E TRIGLICERID;RUSOVAS BRA;EMS PHARMA
C10A PREPARADOS PARA REGULACAO COLESTEROL E TRIGLICERID;RUSOVAS EMS;EMS PHARMA
C10A PREPARADOS PARA REGULACAO COLESTEROL E TRIGLICERID;RUSOVAS GER;EMS PHARMA
C10A PREPARADOS PARA REGULACAO COLESTEROL E TRIGLICERID;RUVASCOR LEG;EMS PHARMA
R03A AGONISTAS BETA 2;SALBUTAMOL XAROPE EMS;EMS PHARMA
G01A TRICOMONICIDAS;SECNAXIDOL EMS;EMS PHARMA
G01A TRICOMONICIDAS;SECNIDAZOL EMS;EMS PHARMA
G01A TRICOMONICIDAS;SECNIDAZOL MUL;EMS PHARMA
R05C EXPECTORANTES;SECRELISE EMS;EMS PHARMA
J01C PENICILINAS DE AMPLO ESPECTRO;SIGMA CLAV BD EMS;EMS PHARMA
A06A DROGAS PARA A CONSTIPACAO;SIGMALAC EMS;EMS PHARMA
R06A ANTIHISTAMINICOS SISTEMICOS;SIGMALIV EMS;EMS PHARMA
A08A - PREPARADOS ANOREXICOS EXETO OS DIETETICOS;SILUESTAT EMS;EMS PHARMA
A02A ANTIACIDOS ANTIFISETICOS;SIMETICONA EMS;EMS PHARMA
A02A ANTIACIDOS ANTIFISETICOS;SIMETICONA GER;EMS PHARMA
A02A ANTIACIDOS ANTIFISETICOS;SIMETICONA LEG;EMS PHARMA
A03E OUTRAS ASSOCIACOES;SIMETICONA METILBROMETO DE HOMATROPINA EMS;EMS PHARMA
A03E OUTRAS ASSOCIACOES;SIMETICONA METILBROMETO DE HOMATROPINA GER;EMS PHARMA
A02A ANTIACIDOS ANTIFISETICOS;SIMETICONA MUL;EMS PHARMA
A02A ANTIACIDOS ANTIFISETICOS;SIMETICONA NVQ;EMS PHARMA
C10A PREPARADOS PARA REGULACAO COLESTEROL E TRIGLICERID;SINVALIP EMS;EMS PHARMA
C10A PREPARADOS PARA REGULACAO COLESTEROL E TRIGLICERID;SINVASTATINA EMS;EMS PHARMA
C10A PREPARADOS PARA REGULACAO COLESTEROL E TRIGLICERID;SINVASTATINA GER;EMS PHARMA
C10A PREPARADOS PARA REGULACAO COLESTEROL E TRIGLICERID;SINVASTATINA LEG;EMS PHARMA
C10A PREPARADOS PARA REGULACAO COLESTEROL E TRIGLICERID;SINVASTATINA NVQ;EMS PHARMA
A10N INIBIDOR DPP IV;SITAGLIPTINA EMS;EMS PHARMA
A10N INIBIDOR DPP IV;SITGLU MET;EMS PHARMA
A10N INIBIDOR DPP IV;SITGLU MET BRA;EMS PHARMA
A10N INIBIDOR DPP IV;SITGLU MET GER;EMS PHARMA
G04E PRODUTOS PARA DISFUNCAO ERETIL;SOLLEVARE EMS;EMS PHARMA
M01A ANTI REUMATICOS SEM ESTEROIDES;SOMAFLEX AP NVQ;EMS PHARMA
B01C INIBIDORES DA AGREGACAO PLAQUETARIA;SOMALGIN EMS;EMS PHARMA
N02B NAO NARCOTICOS ANTIPIRETICOS;SOMALGIN EMS;EMS PHARMA
H04X OUTRAS HORMONIOS E PREPARACAO COM ACOES SIMILARES;SOMINEX EMS;EMS PHARMA
N05B HIPNOTICOS SEDATIVOS;SOMINEX EMS;EMS PHARMA
N05B HIPNOTICOS SEDATIVOS;SONEBON NVQ;EMS PHARMA
B01A ANTICOAGULANTES NAO INJETAVEIS;SOTALOL EMS;EMS PHARMA
R05C EXPECTORANTES;SPECTOLAB MUL;EMS PHARMA
D07B ASSOCIACOES DE CORTICOIDES;SUAVICID LEG;EMS PHARMA
N06A A DEPRESSIVOS E REGUL DE HUMOR;SUCCINATO DE DESVENLAFAXINA EMS;EMS PHARMA
N06A A DEPRESSIVOS E REGUL DE HUMOR;SUCCINATO DE DESVENLAFAXINA GER;EMS PHARMA
N06A A DEPRESSIVOS E REGUL DE HUMOR;SUCCINATO DE DESVENLAFAXINA LEG;EMS PHARMA
G04D PRODUTOS PARA INCONTINENCIA URINARIA;SUCCINATO DE SOLIFENACINA EMS;EMS PHARMA
C06B PRODUTOS PARA HIPERTENSAO ARTERIAL PULMONAR;SUCCINATO DE SOLIFENACINA NVQ;EMS PHARMA
G04D PRODUTOS PARA INCONTINENCIA URINARIA;SUCCINATO DE SOLIFENACINA NVQ;EMS PHARMA
A02B ANTIULCEROSOS;SUCRAFILM EMS;EMS PHARMA
M05X OUTROS PRODUTOS SISTEMA MUSCULO ESQUELETICO;SUL DE GLICOSAMINA CAT;EMS PHARMA
M01C ANTIREUMATICOS ESPECIFICOS;SUL DE HIDROXICLOROQUINA EMS;EMS PHARMA
P01D ANTIMALARICOS;SUL DE HIDROXICLOROQUINA EMS;EMS PHARMA
M01C ANTIREUMATICOS ESPECIFICOS;SUL DE HIDROXICLOROQUINA GER;EMS PHARMA
M01C ANTIREUMATICOS ESPECIFICOS;SUL DE HIDROXICLOROQUINA LEG;EMS PHARMA
D06A ANTIBACTERIANOS TOPICOS;SUL DE NEOMICINA BACITRACINA EMS;EMS PHARMA
J01E ASSOCIACOES DE TRIMETOPRIM E SIMILARES;SULFAMETOXAZOL TRIMETOPRIMA EMS;EMS PHARMA
M05X OUTROS PRODUTOS SISTEMA MUSCULO ESQUELETICO;SULGLIC EMS;EMS PHARMA
L02B ANTAGONISTAS DE HORMONIOS CITOSTATICOS;TACFEN EMS;EMS PHARMA
G04E PRODUTOS PARA DISFUNCAO ERETIL;TADALAFILA EMS;EMS PHARMA
G04E PRODUTOS PARA DISFUNCAO ERETIL;TADALAFILA GER;EMS PHARMA
G04E PRODUTOS PARA DISFUNCAO ERETIL;TADALAFILA LEG;EMS PHARMA
G04E PRODUTOS PARA DISFUNCAO ERETIL;TADALAFILA NVQ;EMS PHARMA
G04C PRODUTOS PARA HIPERPLASIA PROSTATICA BENIGNA HPB;TANSULOSINA EMS;EMS PHARMA
S01E MIOTICOS E PRAPARADOS ANTIGLAUCOMA;TAR BRIMONIDINA COLIRIO EMS;EMS PHARMA
C07A AGENTES BETA BLOQUEADORES PUROS;TARTARATO DE METOPROLOL EMS;EMS PHARMA
C07A AGENTES BETA BLOQUEADORES PUROS;TARTARATO DE METOPROLOL MUL;EMS PHARMA
J01G FLUOROQUINOLONAS;TAVAFLOX MUL;EMS PHARMA
J01G FLUOROQUINOLONAS;TAVAGRAN EMS;EMS PHARMA
C09C ANTAGONISTAS DE LA ANGIOTENSINA II PUROS;TELMISARTANA GER;EMS PHARMA
C07B ASSOCIACOES DE BETA BLOQUEADORES;TENADREN EMS;EMS PHARMA
M01A ANTI REUMATICOS SEM ESTEROIDES;TENOXICAM EMS;EMS PHARMA
L01X OUTROS ANTINEOPLASICOS;TEPEV EMS;EMS PHARMA
G01B ANTIMICOTICOS GINECOLOGICOS;TERCONAZOL EMS;EMS PHARMA
G01B ANTIMICOTICOS GINECOLOGICOS;TETRACICLINA;EMS PHARMA
J01A TETRACICLINAS E ASSOCIACOES;TETRACICLINA GER;EMS PHARMA
P03A ECTOPARASITICIDAS INCL ESCAB;TIABENDAZOL EMS;EMS PHARMA
D11A OUTRAS PREPARACOES DERMATOLOGICAS INCL XAMPUS MED;TIABENDAZOL GER;EMS PHARMA
G03X OUT HORMONIOS SEXUAIS E PRODS SIMILARES;TIBOCLIN EMS;EMS PHARMA
G03X OUT HORMONIOS SEXUAIS E PRODS SIMILARES;TIBOLONA EMS;EMS PHARMA
M05B REGULADORES DO CALCIO OSSEO;TIBOLONA EMS;EMS PHARMA
G03X OUT HORMONIOS SEXUAIS E PRODS SIMILARES;TIBOLONA GER;EMS PHARMA
G03X OUT HORMONIOS SEXUAIS E PRODS SIMILARES;TIBOLONA NVQ;EMS PHARMA
B01C INIBIDORES DA AGREGACAO PLAQUETARIA;TICLOPIDINA EMS;EMS PHARMA
S01E MIOTICOS E PRAPARADOS ANTIGLAUCOMA;TIMOLOL COLIRIO EMS;EMS PHARMA
S01E MIOTICOS E PRAPARADOS ANTIGLAUCOMA;TIMOLOL GER;EMS PHARMA
G01A TRICOMONICIDAS;TINIDAZOL GER;EMS PHARMA
G01A TRICOMONICIDAS;TIOCO TINIDAZOL EMS;EMS PHARMA
G01A TRICOMONICIDAS;TIOCO TINIDAZOL GER;EMS PHARMA
G01A TRICOMONICIDAS;TIOTRAX EMS;EMS PHARMA
S01A ANTINFECCIOSOS;TOBRACULAR LEG;EMS PHARMA
S01A ANTINFECCIOSOS;TOBRAMICINA COLIRIO GER;EMS PHARMA
S01A ANTINFECCIOSOS;TOBRAMICINA COLIRIO NVQ;EMS PHARMA
S01A ANTINFECCIOSOS;TOBRAMICINA LEG;EMS PHARMA
M01A ANTI REUMATICOS SEM ESTEROIDES;TODOC LEG;EMS PHARMA
N03A ANTICONVULSIVANTES;TODUZE BRA;EMS PHARMA
N03A ANTICONVULSIVANTES;TOPIRAMATO EMS;EMS PHARMA
N03A ANTICONVULSIVANTES;TOPIRAMATO GER;EMS PHARMA
N03A ANTICONVULSIVANTES;TOPIRAMATO MUL;EMS PHARMA
M01A ANTI REUMATICOS SEM ESTEROIDES;TORAGESIC EMS;EMS PHARMA
N02B NAO NARCOTICOS ANTIPIRETICOS;TORAGESIC EMS;EMS PHARMA
S01R ANTIINFLAMATORIOS OFTALMOLOGICOS NAO ESTEROIDES;TORAGESIC OFV;EMS PHARMA
C10A PREPARADOS PARA REGULACAO COLESTEROL E TRIGLICERID;TORVILIP MUL;EMS PHARMA
C10A PREPARADOS PARA REGULACAO COLESTEROL E TRIGLICERID;TORVILIP NVQ;EMS PHARMA
N06A A DEPRESSIVOS E REGUL DE HUMOR;TRADEP MUL;EMS PHARMA
S01E MIOTICOS E PRAPARADOS ANTIGLAUCOMA;TRAVAMED LEG;EMS PHARMA
S01E MIOTICOS E PRAPARADOS ANTIGLAUCOMA;TRAVAMED OFV;EMS PHARMA
S01E MIOTICOS E PRAPARADOS ANTIGLAUCOMA;TRAVOPROSTA COLIRIO EMS;EMS PHARMA
S01E MIOTICOS E PRAPARADOS ANTIGLAUCOMA;TRAVOPROSTA COLIRIO NVQ;EMS PHARMA
B02A ANTIFIBRINOLITICOS;TREXACONT EMS;EMS PHARMA
D07B ASSOCIACOES DE CORTICOIDES;TRIANCINOLONA NEOMICINA GRAMICIDINA NISTATINA EMS;EMS PHARMA
A03F GASTROPROCINETICOS;TRIMEBUTINA EMS;EMS PHARMA
A03F GASTROPROCINETICOS;TRIMEBUTINA GER;EMS PHARMA
A03F GASTROPROCINETICOS;TRIMEBUTINA LEG;EMS PHARMA
C01D TERAPIA CORONARIA EXCLUINDO ANTAGONISTAS DO CALCIO;TRIMETAZIDINA GER;EMS PHARMA
D07B ASSOCIACOES DE CORTICOIDES;TRINULOX EMS;EMS PHARMA
N02B NAO NARCOTICOS ANTIPIRETICOS;TROMETAMOL;EMS PHARMA
S01R ANTIINFLAMATORIOS OFTALMOLOGICOS NAO ESTEROIDES;TROMETAMOL CETOROLACO COLIRIO EMS;EMS PHARMA
M01A ANTI REUMATICOS SEM ESTEROIDES;TROMETAMOL CETOROLACO EMS;EMS PHARMA
N02B NAO NARCOTICOS ANTIPIRETICOS;TROMETAMOL CETOROLACO EMS;EMS PHARMA
N02B NAO NARCOTICOS ANTIPIRETICOS;TROMETAMOL CETOROLACO GER;EMS PHARMA
S01R ANTIINFLAMATORIOS OFTALMOLOGICOS NAO ESTEROIDES;TROMETAMOL CETOROLACO LEG;EMS PHARMA
N02B NAO NARCOTICOS ANTIPIRETICOS;TROMETAMOL CETOROLACO MUL;EMS PHARMA
M01A ANTI REUMATICOS SEM ESTEROIDES;TROMETAMOL CETOROLACO NEO;EMS PHARMA
N02B NAO NARCOTICOS ANTIPIRETICOS;TROMETAMOL CETOROLACO NVQ;EMS PHARMA
A03A ANTIESPASMODICOS E ANTICOLINERGICOS PUROS;TROPINAL EMS;EMS PHARMA
A03D ASSOCIACOES COM ANALGESICOS;TROPINAL EMS;EMS PHARMA
G01A TRICOMONICIDAS;UNIGYN EMS;EMS PHARMA
G04A ANTISSEPTICOS E ANTINFECCIOSOS URINARIOS;UROCTRIM LEG;EMS PHARMA
D07A CORTICOIDES TOPICOS PUROS;VAL DE BETAMETASONA EMS;EMS PHARMA
D07A CORTICOIDES TOPICOS PUROS;VAL DE BETAMETASONA GER;EMS PHARMA
H02A CORTICOSTEROIDES PUROS;VAL DE BETAMETASONA GER;EMS PHARMA
H02A CORTICOSTEROIDES PUROS;VAL DE BETAMETASONA XAROPE EMS;EMS PHARMA
D07B ASSOCIACOES DE CORTICOIDES;VALERATO BETAMETASONA EMS;EMS PHARMA
C09C ANTAGONISTAS DE LA ANGIOTENSINA II PUROS;VALSARTANA EMS;EMS PHARMA
C09C ANTAGONISTAS DE LA ANGIOTENSINA II PUROS;VALSARTANA GER;EMS PHARMA
C09D ANTAGONISTAS DE LA ANGIOTENSINA II COMBINADOS;VALSARTANA GER;EMS PHARMA
C09C ANTAGONISTAS DE LA ANGIOTENSINA II PUROS;VALSARTANA NVQ;EMS PHARMA
C03A DIURETICOS;VASOTRILIX EMS;EMS PHARMA
A08A - PREPARADOS ANOREXICOS EXETO OS DIETETICOS;VAZY EMS;EMS PHARMA
N06A A DEPRESSIVOS E REGUL DE HUMOR;VENLAFAXINA GER;EMS PHARMA
S01K PRODUTOS PARA OLHO SECO;VIOFV OFV;EMS PHARMA
A11C VITAMINA A D INCLUINDO ASSOCIACOES DAS DUAS;VITAMINA D3 UNI;EMS PHARMA
A12A CALCIO;VITAMINESE VMN;EMS PHARMA
A12C OUTROS SUPLEMENTOS MINERAIS;VITAMINESE VMN;EMS PHARMA
N06A A DEPRESSIVOS E REGUL DE HUMOR;VOGNUS EMS;EMS PHARMA
A04A ANTIEMETICOS E ANTINAUSEOSOS;VOLIG LEG;EMS PHARMA
N06A A DEPRESSIVOS E REGUL DE HUMOR;VORPRO GER;EMS PHARMA
N06A A DEPRESSIVOS E REGUL DE HUMOR;VORTIOXETINA;EMS PHARMA
N06A A DEPRESSIVOS E REGUL DE HUMOR;VORTIOXETINA EMS;EMS PHARMA
B01A ANTICOAGULANTES NAO INJETAVEIS;VYNAXA EMS;EMS PHARMA
B01F INIBIDOR DIRETO DO FATOR XA;VYNAXA EMS;EMS PHARMA
B01F INIBIDOR DIRETO DO FATOR XA;XAKILIS EMS;EMS PHARMA
N02C CONTRA ENXAQUECA;XAQUELIV MUL;EMS PHARMA
A08A - PREPARADOS ANOREXICOS EXETO OS DIETETICOS;XENILIPI LEG;EMS PHARMA
C09C ANTAGONISTAS DE LA ANGIOTENSINA II PUROS;ZAARPRESS EMS;EMS PHARMA
C09D ANTAGONISTAS DE LA ANGIOTENSINA II COMBINADOS;ZAARPRESS EMS;EMS PHARMA
L01H ANTINEOPLASICOS INIBIDORES DA PROTEINA QUINASE;ZEVUXA EMS;EMS PHARMA
N05B HIPNOTICOS SEDATIVOS;ZOLPIDEM GER;EMS PHARMA
N05B HIPNOTICOS SEDATIVOS;ZOLPIDEM MUL;EMS PHARMA
N05B HIPNOTICOS SEDATIVOS;ZOLPIDEM NVQ;EMS PHARMA
N05B HIPNOTICOS SEDATIVOS;ZOLREM BRA;EMS PHARMA
N06A A DEPRESSIVOS E REGUL DE HUMOR;ZOLTRALINA EMS;EMS PHARMA
N05C TRANQUILIZANTES;ZOPIX EMS;EMS PHARMA
A07G REPOSITORES ELECTROLITICOS ORAIS;LEGGER;ENGARRAF. BEBIDAS M.J.
A12C OUTROS SUPLEMENTOS MINERAIS;LEGGER;ENGARRAF. BEBIDAS M.J.
K01F SOLUCOES PARA TERAPIA OSMOTICA;MANITOL EQP;EQUIPLEX
A06A DROGAS PARA A CONSTIPACAO;ESSENTIAL NUTRITION;ESSENTIAL NUTRITION
A07A ANTI INFECCIOSOS INTESTINAIS;ESSENTIAL NUTRITION;ESSENTIAL NUTRITION
A07G REPOSITORES ELECTROLITICOS ORAIS;ESSENTIAL NUTRITION;ESSENTIAL NUTRITION
H04X OUTRAS HORMONIOS E PREPARACAO COM ACOES SIMILARES;ESSENTIAL NUTRITION;ESSENTIAL NUTRITION
R05C EXPECTORANTES;ESSENZA;ESSENZA MEL
R02A PREPARACOES PARA GARGANTA;ESSENZA ESM;ESSENZA MEL
R05C EXPECTORANTES;ESSENZA ESM;ESSENZA MEL
R05C EXPECTORANTES;METAPLUS;ESSENZA MEL
A03A ANTIESPASMODICOS E ANTICOLINERGICOS PUROS;BABY ESSENCE;ESSENZA NUTRICION
A10S AGONISTAS GLP 1;LIPOLESS;ETICOS
R02A PREPARACOES PARA GARGANTA;ETTERNA ETT;ETTERNA
R05C EXPECTORANTES;ETTERNA ETT;ETTERNA
J01C PENICILINAS DE AMPLO ESPECTRO;AMPICILINA EUP;EUGIA PHARMA
J01G FLUOROQUINOLONAS;CEFEPIMA EUP;EUGIA PHARMA
J01D CEFALOSPORINAS;CEFTRIAXONA EUP;EUGIA PHARMA
A07F MICROORGANISMOS ANTIDIARREICOS;20 BI EUR;EUROFARMA
D07B ASSOCIACOES DE CORTICOIDES;AC TR S N GR NI EUR;EUROFARMA
R05C EXPECTORANTES;ACEBROFILINA EUR;EUROFARMA
M01A ANTI REUMATICOS SEM ESTEROIDES;ACECLOFENACO EUR;EUROFARMA
G03A CONTRACEPTIVOS HORMONAIS SISTEMICOS;ACET DE CLORMADINONA ETINILESTRADIOL EUR;EUROFARMA
R05C EXPECTORANTES;ACETILCISTEINA EUR;EUROFARMA
J05B OUTROS ANTIVIRAIS;ACICLOVIR EUR;EUROFARMA
B01C INIBIDORES DA AGREGACAO PLAQUETARIA;ACIDO ACETILSALICILICO EUR;EUROFARMA
N06A A DEPRESSIVOS E REGUL DE HUMOR;AFETUS EUR;EUROFARMA
R05C EXPECTORANTES;AIRES EUR;EUROFARMA
M05B REGULADORES DO CALCIO OSSEO;ALENDRONATO SODIO EUR;EUROFARMA
G03A CONTRACEPTIVOS HORMONAIS SISTEMICOS;ALGESTONA ACETOFENIDA ENANTATO DE ESTRADIOL EUR;EUROFARMA
R06A ANTIHISTAMINICOS SISTEMICOS;ALOFF EUR;EUROFARMA
N05C TRANQUILIZANTES;ALPRAZOLAM EUR;EUROFARMA
R05A ANTIGRIPAIS EXCLUINDO ANTINFECCIOSOS;ALTIVA EUR;EUROFARMA
R06A ANTIHISTAMINICOS SISTEMICOS;ALTIVA EUR;EUROFARMA
L04X OUTROS IMUNOSSUPRESORES;ALTRYXEN EUR;EUROFARMA
G03D PROGESTOGENOS E ASSOCIACOES EXCLUINDO G3A G3F;ALURAX EUR;EUROFARMA
D10B PREPARACOES ANTIACNE ORAIS;AMALFI EUR;EUROFARMA
N03A ANTICONVULSIVANTES;AMATO EUR;EUROFARMA
N06A A DEPRESSIVOS E REGUL DE HUMOR;AMITRIPTILINA EUR;EUROFARMA
G03A CONTRACEPTIVOS HORMONAIS SISTEMICOS;AMORA EUR;EUROFARMA
J01C PENICILINAS DE AMPLO ESPECTRO;AMOXICILINA CLAVULANATO EUR;EUROFARMA
J01C PENICILINAS DE AMPLO ESPECTRO;AMOXICILINA EUR;EUROFARMA
J01C PENICILINAS DE AMPLO ESPECTRO;AMOXILINA EUR;EUROFARMA
L02B ANTAGONISTAS DE HORMONIOS CITOSTATICOS;ANASTROZOL EUR;EUROFARMA
N07D PRODUTOS ANTI ALZHEIMER;ANASTROZOL EUR;EUROFARMA
D04A ANTIPRURIGINOSOS,INCLUSIVE ANTIHISTAMINICOS ANESTE;ANDOLBA EUR;EUROFARMA
R02A PREPARACOES PARA GARGANTA;ANGINO RUB EUR;EUROFARMA
N03A ANTICONVULSIVANTES;ANTARA EUR;EUROFARMA
G02F HORMONIOS SEXUAIS TOPICOS;ANTROFI EUR;EUROFARMA
M05X OUTROS PRODUTOS SISTEMA MUSCULO ESQUELETICO;ARTICO EUR;EUROFARMA
B01C INIBIDORES DA AGREGACAO PLAQUETARIA;ASPI EUR;EUROFARMA
N06A A DEPRESSIVOS E REGUL DE HUMOR;ASSERT EUR;EUROFARMA
J01F MACROLIDEOS E SIMILARES;ASTRO EUR;EUROFARMA
C07B ASSOCIACOES DE BETA BLOQUEADORES;ATENOLOL CLORTALIDONA EUR;EUROFARMA
C07B ASSOCIACOES DE BETA BLOQUEADORES;ATENOLOL EUR;EUROFARMA
C10A PREPARADOS PARA REGULACAO COLESTEROL E TRIGLICERID;ATORVASTATINA EUR;EUROFARMA
N02A ANALGESICOS NARCOTICOS;ATRACE EUR;EUROFARMA
N06B PSICOESTIMULANTES;ATTENZE EUR;EUROFARMA
J01D CEFALOSPORINAS;AXETILCEFUROXIMA EUR;EUROFARMA
J01F MACROLIDEOS E SIMILARES;AZITROMICINA EUR;EUROFARMA
P01B ANTIHELMINTICOS EXCETO OS ESQUISTOSOMICIDAS;AZOX EUR;EUROFARMA
B03B EXTRATO HEPATICO E ASSOCIACOES COM VIT B12;BEDOZE EUR;EUROFARMA
J01H PENICILINAS DE PEQUENO E MEDIO ESPECTRO;BENZETACIL EUR;EUROFARMA
D07B ASSOCIACOES DE CORTICOIDES;BETAMETASONA GETAMICINA TOLNAFTATO CLIOQUINOL EUR;EUROFARMA
H02A CORTICOSTEROIDES PUROS;BETATRINTA EUR;EUROFARMA
A10H SULFONILOUREIA A DIABETICOS;BETES EUR;EUROFARMA
N07C OUTROS MEDICAMENTOS ANTIVERTIGINOSOS;BETINA EUR;EUROFARMA
L02B ANTAGONISTAS DE HORMONIOS CITOSTATICOS;BICALUTAMIDA EUR;EUROFARMA
M01A ANTI REUMATICOS SEM ESTEROIDES;BICERTO EUR;EUROFARMA
R06A ANTIHISTAMINICOS SISTEMICOS;BILASTINA EUR;EUROFARMA
C07A AGENTES BETA BLOQUEADORES PUROS;BIZO EUR;EUROFARMA
M03A RELAXANTES MUSCULARES DE ACAO PERIFERICA;BROMETO DE ROCURONIO EUR;EUROFARMA
G02X OTROS PRODUTOS GINECOLOGICOS;BUONA EUR;EUROFARMA
N06A A DEPRESSIVOS E REGUL DE HUMOR;BUP EUR;EUROFARMA
G02D INIBIDORES DA PROLACTINA;CABERGOLINA EUR;EUROFARMA
C08A ANTAGONISTAS DO CALCIO PUROS;CALNATE EUR;EUROFARMA
N03A ANTICONVULSIVANTES;CANABIDIOL EUR;EUROFARMA
M03B RELAXANTES MUSCULARES ACAO CENTRAL;CAR DI SO PA CA EUR;EUROFARMA
N06A A DEPRESSIVOS E REGUL DE HUMOR;CARBOLITIUM EUR;EUROFARMA
N06A A DEPRESSIVOS E REGUL DE HUMOR;CARBONATO DE LITIO EUR;EUROFARMA
J01D CEFALOSPORINAS;CEFADROXILA EUR;EUROFARMA
J01D CEFALOSPORINAS;CEFALEXINA EUR;EUROFARMA
J01D CEFALOSPORINAS;CEFTRIAXONA EUR;EUROFARMA
M01A ANTI REUMATICOS SEM ESTEROIDES;CELECOXIBE EUR;EUROFARMA
D07B ASSOCIACOES DE CORTICOIDES;CETOCONAZOL BETAMETASONA NEOMICINA EUR;EUROFARMA
D07B ASSOCIACOES DE CORTICOIDES;CETOCONAZOL DIPR DE BETAMETASONA EUR;EUROFARMA
M01A ANTI REUMATICOS SEM ESTEROIDES;CETOPROFENO EUR;EUROFARMA
M03B RELAXANTES MUSCULARES ACAO CENTRAL;CICLOBENZAPRINA EUR;EUROFARMA
B01A ANTICOAGULANTES NAO INJETAVEIS;CILOSTAZOL EUR;EUROFARMA
B01C INIBIDORES DA AGREGACAO PLAQUETARIA;CILOSTAZOL EUR;EUROFARMA
C10A PREPARADOS PARA REGULACAO COLESTEROL E TRIGLICERID;CIPROFIBRATO EUR;EUROFARMA
N05B HIPNOTICOS SEDATIVOS;CITALOPRAM EUR;EUROFARMA
N06A A DEPRESSIVOS E REGUL DE HUMOR;CITALOPRAM EUR;EUROFARMA
M01A ANTI REUMATICOS SEM ESTEROIDES;CITOBE EUR;EUROFARMA
M01B ANTI REUMATICOS ASSOCIADOS COM CORTICOSTEROIDES;CITOBE EUR;EUROFARMA
G04E PRODUTOS PARA DISFUNCAO ERETIL;CITRATO DE SILDENAFILA EUR;EUROFARMA
N06A A DEPRESSIVOS E REGUL DE HUMOR;CITTA EUR;EUROFARMA
N03A ANTICONVULSIVANTES;CLONAZEPAM EUR;EUROFARMA
B01C INIBIDORES DA AGREGACAO PLAQUETARIA;CLOPIDOGREL EUR;EUROFARMA
N06A A DEPRESSIVOS E REGUL DE HUMOR;CLOR DE BUPROPIONA EUR;EUROFARMA
M03B RELAXANTES MUSCULARES ACAO CENTRAL;CLOR DE CICLOBENZAPRINA EUR;EUROFARMA
J01G FLUOROQUINOLONAS;CLOR DE CIPROFLOXACINO EUR;EUROFARMA
N06A A DEPRESSIVOS E REGUL DE HUMOR;CLOR DE DULOXETINA EUR;EUROFARMA
R06A ANTIHISTAMINICOS SISTEMICOS;CLOR DE FEXOFENADINA EUR;EUROFARMA
N06A A DEPRESSIVOS E REGUL DE HUMOR;CLOR DE FLUOXETINA EUR;EUROFARMA
R06A ANTIHISTAMINICOS SISTEMICOS;CLOR DE HIDROXIZINA EUR;EUROFARMA
N07D PRODUTOS ANTI ALZHEIMER;CLOR DE MEMANTINA EUR;EUROFARMA
N06B PSICOESTIMULANTES;CLOR DE METILFENIDATO EUR;EUROFARMA
J01G FLUOROQUINOLONAS;CLOR DE MOXIFLOXACINO EUR;EUROFARMA
N06A A DEPRESSIVOS E REGUL DE HUMOR;CLOR DE NORTRIPTILINA EUR;EUROFARMA
N06A A DEPRESSIVOS E REGUL DE HUMOR;CLOR DE PAROXETINA EUR;EUROFARMA
C01B ANTIARRITMICOS;CLOR DE PROPAFENONA EUR;EUROFARMA
N06A A DEPRESSIVOS E REGUL DE HUMOR;CLOR DE SERTRALINA EUR;EUROFARMA
A08A - PREPARADOS ANOREXICOS EXETO OS DIETETICOS;CLOR DE SIBUTRAMINA EUR;EUROFARMA
G04C PRODUTOS PARA HIPERPLASIA PROSTATICA BENIGNA HPB;CLOR DE TANSULOSINA EUR;EUROFARMA
N02A ANALGESICOS NARCOTICOS;CLOR DE TRAMADOL EUR;EUROFARMA
N02A ANALGESICOS NARCOTICOS;CLOR DE TRAMADOL PARACETAMOL EUR;EUROFARMA
N06A A DEPRESSIVOS E REGUL DE HUMOR;CLOR DE TRAZODONA EUR;EUROFARMA
J05B OUTROS ANTIVIRAIS;CLOR DE VALACICLOVIR EUR;EUROFARMA
N06A A DEPRESSIVOS E REGUL DE HUMOR;CLOR DE VENLAFAXINA EUR;EUROFARMA
R01A PREPARACOES NASAIS TOPICAS;CLORETO SODIO EUR;EUROFARMA
M01A ANTI REUMATICOS SEM ESTEROIDES;COQUES EUR;EUROFARMA
G01A TRICOMONICIDAS;CREVAGIN EUR;EUROFARMA
J01G FLUOROQUINOLONAS;CREVAGIN EUR;EUROFARMA
A10P INIBIDORES DE ANTIDIABETICOS DE SGLT2;DAPAGLIFLOZINA EUR;EUROFARMA
G04E PRODUTOS PARA DISFUNCAO ERETIL;DEJAVU EUR;EUROFARMA
M05B REGULADORES DO CALCIO OSSEO;DENSIS EUR;EUROFARMA
N06A A DEPRESSIVOS E REGUL DE HUMOR;DEP EUR;EUROFARMA
R06A ANTIHISTAMINICOS SISTEMICOS;DESLORATADINA EUR;EUROFARMA
G03A CONTRACEPTIVOS HORMONAIS SISTEMICOS;DESOGESTREL ETINILESTRADIOL EUR;EUROFARMA
G03A CONTRACEPTIVOS HORMONAIS SISTEMICOS;DESOGESTREL EUR;EUROFARMA
N06A A DEPRESSIVOS E REGUL DE HUMOR;DESVE EUR;EUROFARMA
M01B ANTI REUMATICOS ASSOCIADOS COM CORTICOSTEROIDES;DEX CIAN TIA PI EUR;EUROFARMA
H02A CORTICOSTEROIDES PUROS;DEXALGEN EUR;EUROFARMA
M01B ANTI REUMATICOS ASSOCIADOS COM CORTICOSTEROIDES;DEXALGEN EUR;EUROFARMA
C03A DIURETICOS;DIACQUA EUR;EUROFARMA
C09C ANTAGONISTAS DE LA ANGIOTENSINA II PUROS;DIACQUA EUR;EUROFARMA
G03A CONTRACEPTIVOS HORMONAIS SISTEMICOS;DIACQUA EUR;EUROFARMA
N07C OUTROS MEDICAMENTOS ANTIVERTIGINOSOS;DICLOR DE BETAISTINA EUR;EUROFARMA
R06A ANTIHISTAMINICOS SISTEMICOS;DICLOR DE LEVOCETIRIZINA EUR;EUROFARMA
N04A ANTIPARKINSONIANOS;DICLOR DE PRAMIPEXOL EUR;EUROFARMA
C01D TERAPIA CORONARIA EXCLUINDO ANTAGONISTAS DO CALCIO;DICLOR DE TRIMETAZIDINA EUR;EUROFARMA
G03D PROGESTOGENOS E ASSOCIACOES EXCLUINDO G3A G3F;DIENOGESTE EUR;EUROFARMA
N02B NAO NARCOTICOS ANTIPIRETICOS;DIPIRONA EUR;EUROFARMA
D07A CORTICOIDES TOPICOS PUROS;DIPR BETAMETASONA FOSF DIS BETAMETASONA EUR;EUROFARMA
H02A CORTICOSTEROIDES PUROS;DIPR BETAMETASONA FOSF DIS BETAMETASONA EUR;EUROFARMA
D07B ASSOCIACOES DE CORTICOIDES;DIPR DE BETAMETASONA SUL DE GENTAMICINA EUR;EUROFARMA
C09C ANTAGONISTAS DE LA ANGIOTENSINA II PUROS;DIUBLOK EUR;EUROFARMA
C03A DIURETICOS;DIUPRESS EUR;EUROFARMA
N03A ANTICONVULSIVANTES;DIVALPROATO DE SODIO EUR;EUROFARMA
D11A OUTRAS PREPARACOES DERMATOLOGICAS INCL XAMPUS MED;DIXIL EUR;EUROFARMA
A03F GASTROPROCINETICOS;DOMPERIDONA EUR;EUROFARMA
A03F GASTROPROCINETICOS;DOMPERIX EUR;EUROFARMA
N07D PRODUTOS ANTI ALZHEIMER;DON EUR;EUROFARMA
G03A CONTRACEPTIVOS HORMONAIS SISTEMICOS;DOPO EUR;EUROFARMA
N02B NAO NARCOTICOS ANTIPIRETICOS;DORE EUR;EUROFARMA
M05B REGULADORES DO CALCIO OSSEO;DORTO EUR;EUROFARMA
A11D VITAMINA B1 E ASSOCIACOES;DOZI EUR;EUROFARMA
R05D ANTITUSSIGENOS;DROPROPIZINA EUR;EUROFARMA
G03A CONTRACEPTIVOS HORMONAIS SISTEMICOS;DROSPIRENONA ETINILESTRADIOL EUR;EUROFARMA
G03F ASSOCIACOES DE ESTROGENOS E PROGESTOGENOS EXCETO G;DROSPIRENONA EUR;EUROFARMA
N02B NAO NARCOTICOS ANTIPIRETICOS;DUALGI EUR;EUROFARMA
M01A ANTI REUMATICOS SEM ESTEROIDES;DUCOX EUR;EUROFARMA
C02A ANTIHIPERTENSIVOS NAO HERBACEOS PUROS;DUOMO EUR;EUROFARMA
G04C PRODUTOS PARA HIPERPLASIA PROSTATICA BENIGNA HPB;DUOMO EUR;EUROFARMA
R06A ANTIHISTAMINICOS SISTEMICOS;EBASTEL EUR;EUROFARMA
G03A CONTRACEPTIVOS HORMONAIS SISTEMICOS;ENA DE NORETISTERONA VAL DE ESTRADIOL EUR;EUROFARMA
N06A A DEPRESSIVOS E REGUL DE HUMOR;ESC EUR;EUROFARMA
A02B ANTIULCEROSOS;ESIO EUR;EUROFARMA
C03A DIURETICOS;ESPIRONOLACTONA EUR;EUROFARMA
N05C TRANQUILIZANTES;ESZOPICLONA EUR;EUROFARMA
M01A ANTI REUMATICOS SEM ESTEROIDES;ETODOLACO EUR;EUROFARMA
N06A A DEPRESSIVOS E REGUL DE HUMOR;EUFOR EUR;EUROFARMA
N03A ANTICONVULSIVANTES;EUROFARMA;EUROFARMA
N05A ANTIPSICOTICOS;EUROFARMA;EUROFARMA
R05A ANTIGRIPAIS EXCLUINDO ANTINFECCIOSOS;EUROFARMA;EUROFARMA
N05B HIPNOTICOS SEDATIVOS;EZONIA EUR;EUROFARMA
R05C EXPECTORANTES;FILINAR EUR;EUROFARMA
G04C PRODUTOS PARA HIPERPLASIA PROSTATICA BENIGNA HPB;FINASTERIDA EUR;EUROFARMA
L03A AGENTES IMUNOESTIMULANTES EXCL INTERFERON;FIPRIMA EUR;EUROFARMA
A07F MICROORGANISMOS ANTIDIARREICOS;FLORIPA EUR;EUROFARMA
J02A AGENTES ANTIMICOTICOS SISTEMICOS EXCLUINDO GRISEOF;FLUCONAZOL EUR;EUROFARMA
N06A A DEPRESSIVOS E REGUL DE HUMOR;FLUVOXAMINA EUR;EUROFARMA
N06A A DEPRESSIVOS E REGUL DE HUMOR;FLUXENE EUR;EUROFARMA
A05B PRODUTOS PARA DOENCAS DO FIGADO HEPATOPROTETORES;FORFIG EUR;EUROFARMA
A05B PRODUTOS PARA DOENCAS DO FIGADO HEPATOPROTETORES;FORFIGC EUR;EUROFARMA
A05B PRODUTOS PARA DOENCAS DO FIGADO HEPATOPROTETORES;FORFIGC/20 EUR;EUROFARMA
J01G FLUOROQUINOLONAS;FORITUS EUR;EUROFARMA
A12C OUTROS SUPLEMENTOS MINERAIS;FORTICE EUR;EUROFARMA
R01A PREPARACOES NASAIS TOPICAS;FUROATMOMETASO EUR;EUROFARMA
N03A ANTICONVULSIVANTES;GABA ER EUR;EUROFARMA
N02D PROD GABAPENTINOIDES;GABAPENTINA EUR;EUROFARMA
N02A ANALGESICOS NARCOTICOS;GESICO EUR;EUROFARMA
G01B ANTIMICOTICOS GINECOLOGICOS;GINNA EUR;EUROFARMA
K01B SOLUCOES PADRAO;GLICOSE EUR;EUROFARMA
A10H SULFONILOUREIA A DIABETICOS;GLIMEPIRIDA EUR;EUROFARMA
A10P INIBIDORES DE ANTIDIABETICOS DE SGLT2;GRIF EUR;EUROFARMA
N07D PRODUTOS ANTI ALZHEIMER;HEIMER EUR;EUROFARMA
C07A AGENTES BETA BLOQUEADORES PUROS;HEMIFUMARATO DE BISOPROLOL EUR;EUROFARMA
N05A ANTIPSICOTICOS;HEMIFUMARATO DE QUETIAPINA EUR;EUROFARMA
N05B HIPNOTICOS SEDATIVOS;HEMITARTARATO DE ZOLPIDEM EUR;EUROFARMA
C09C ANTAGONISTAS DE LA ANGIOTENSINA II PUROS;HOLMES EUR;EUROFARMA
C09D ANTAGONISTAS DE LA ANGIOTENSINA II COMBINADOS;HOLMES EUR;EUROFARMA
G04C PRODUTOS PARA HIPERPLASIA PROSTATICA BENIGNA HPB;HOMINUS EUR;EUROFARMA
G03A CONTRACEPTIVOS HORMONAIS SISTEMICOS;HORMUS EUR;EUROFARMA
G03B ANDROGENOS E ASSOCIACOES EXCETO G3E G3F;HORMUS EUR;EUROFARMA
M05B REGULADORES DO CALCIO OSSEO;IBAN EUR;EUROFARMA
M05B REGULADORES DO CALCIO OSSEO;IBANDRONATO DE SODIO EUR;EUROFARMA
L01H ANTINEOPLASICOS INIBIDORES DA PROTEINA QUINASE;IMATINIBE EUR;EUROFARMA
S01E MIOTICOS E PRAPARADOS ANTIGLAUCOMA;IMATINIBE EUR;EUROFARMA
C03A DIURETICOS;INDAPAMIDA EUR;EUROFARMA
M05B REGULADORES DO CALCIO OSSEO;INDOSSO EUR;EUROFARMA
G04D PRODUTOS PARA INCONTINENCIA URINARIA;INVOLU EUR;EUROFARMA
J02A AGENTES ANTIMICOTICOS SISTEMICOS EXCLUINDO GRISEOF;ITRACONAZOL EUR;EUROFARMA
N02B NAO NARCOTICOS ANTIPIRETICOS;KETTO EUR;EUROFARMA
M01A ANTI REUMATICOS SEM ESTEROIDES;KIN EUR;EUROFARMA
D07A CORTICOIDES TOPICOS PUROS;KOIDE EUR;EUROFARMA
H02A CORTICOSTEROIDES PUROS;KOIDE EUR;EUROFARMA
A07A ANTI INFECCIOSOS INTESTINAIS;LACBI EUR;EUROFARMA
N03A ANTICONVULSIVANTES;LAMOTRIGINA EUR;EUROFARMA
M01A ANTI REUMATICOS SEM ESTEROIDES;LARC EUR;EUROFARMA
R06A ANTIHISTAMINICOS SISTEMICOS;LEG EUR;EUROFARMA
R06A ANTIHISTAMINICOS SISTEMICOS;LEMONT EUR;EUROFARMA
L02B ANTAGONISTAS DE HORMONIOS CITOSTATICOS;LETROZOL EUR;EUROFARMA
C08A ANTAGONISTAS DO CALCIO PUROS;LEVANLODIPINO EUR;EUROFARMA
N03A ANTICONVULSIVANTES;LEVETIRACETAM EUR;EUROFARMA
J01G FLUOROQUINOLONAS;LEVOFLOXACINO EUR;EUROFARMA
N02D PROD GABAPENTINOIDES;LIMIAR EUR;EUROFARMA
N06B PSICOESTIMULANTES;LIND EUR;EUROFARMA
N06B PSICOESTIMULANTES;LISDEV EUR;EUROFARMA
N06B PSICOESTIMULANTES;LISDEXANFETAMINA EUR;EUROFARMA
C09C ANTAGONISTAS DE LA ANGIOTENSINA II PUROS;LOSARTANA EUR;EUROFARMA
C09D ANTAGONISTAS DE LA ANGIOTENSINA II COMBINADOS;LOSARTANA HIDROCLOROTIAZIDA EUR;EUROFARMA
R03F AGONISTAS BETA 2 E CORTICOIDES COMBINADO;LUGANO EUR;EUROFARMA
A03A ANTIESPASMODICOS E ANTICOLINERGICOS PUROS;MAL TRIMEBUTINA EUR;EUROFARMA
A03F GASTROPROCINETICOS;MALEATO DE TRIMEBUTINA EUR;EUROFARMA
G03A CONTRACEPTIVOS HORMONAIS SISTEMICOS;MAMADES EUR;EUROFARMA
L02B ANTAGONISTAS DE HORMONIOS CITOSTATICOS;MATIZ EUR;EUROFARMA
M01A ANTI REUMATICOS SEM ESTEROIDES;MELOCOX EUR;EUROFARMA
M01A ANTI REUMATICOS SEM ESTEROIDES;MELOXICAM EUR;EUROFARMA
J01P OUTROS BETA LACTAMNICOS EXCLUINDO PENICILINAS;MEROPENEM EUR;EUROFARMA
C02A ANTIHIPERTENSIVOS NAO HERBACEOS PUROS;MESILATO DE DOXAZOSINA EUR;EUROFARMA
L01H ANTINEOPLASICOS INIBIDORES DA PROTEINA QUINASE;MESILATO DE IMATINIBE EUR;EUROFARMA
A06A DROGAS PARA A CONSTIPACAO;MINILAX EUR;EUROFARMA
G04C PRODUTOS PARA HIPERPLASIA PROSTATICA BENIGNA HPB;MIRAB EUR;EUROFARMA
N02D PROD GABAPENTINOIDES;MOBALE EUR;EUROFARMA
G03A CONTRACEPTIVOS HORMONAIS SISTEMICOS;MOLIERI EUR;EUROFARMA
R03J ANTI ASMATICOS ANTAGONISTAS DE LEUCOTRIENE;MONTELUCASTE EUR;EUROFARMA
N06A A DEPRESSIVOS E REGUL DE HUMOR;MOTRAZ EUR;EUROFARMA
J01G FLUOROQUINOLONAS;MOXIFLOXACINO EUR;EUROFARMA
M03B RELAXANTES MUSCULARES ACAO CENTRAL;MUSCULARE EUR;EUROFARMA
R06A ANTIHISTAMINICOS SISTEMICOS;NAIRE EUR;EUROFARMA
M01A ANTI REUMATICOS SEM ESTEROIDES;NAPROXENO EUR;EUROFARMA
M01A ANTI REUMATICOS SEM ESTEROIDES;NIMESULIDA EUR;EUROFARMA
P01B ANTIHELMINTICOS EXCETO OS ESQUISTOSOMICIDAS;NITAZOXANIDA EUR;EUROFARMA
G01B ANTIMICOTICOS GINECOLOGICOS;NITRATO DE FENTICONAZOL EUR;EUROFARMA
M01A ANTI REUMATICOS SEM ESTEROIDES;NOEX EUR;EUROFARMA
R01A PREPARACOES NASAIS TOPICAS;NOEX EUR;EUROFARMA
G03F ASSOCIACOES DE ESTROGENOS E PROGESTOGENOS EXCETO G;NUANCE EUR;EUROFARMA
N05A ANTIPSICOTICOS;OLANZAPINA EUR;EUROFARMA
C09C ANTAGONISTAS DE LA ANGIOTENSINA II PUROS;OLMESARTANA MEDOXOMILA EUR;EUROFARMA
C09D ANTAGONISTAS DE LA ANGIOTENSINA II COMBINADOS;OLMESARTANA MEDOXOMILA HIDROCLOROTIAZIDA EUR;EUROFARMA
C09C ANTAGONISTAS DE LA ANGIOTENSINA II PUROS;OLSAR EUR;EUROFARMA
C09D ANTAGONISTAS DE LA ANGIOTENSINA II COMBINADOS;OLSAR EUR;EUROFARMA
C09D ANTAGONISTAS DE LA ANGIOTENSINA II COMBINADOS;OLSAR H EUR;EUROFARMA
A02B ANTIULCEROSOS;OMEPRAZOL EUR;EUROFARMA
G04C PRODUTOS PARA HIPERPLASIA PROSTATICA BENIGNA HPB;OMNIC EUR;EUROFARMA
N06A A DEPRESSIVOS E REGUL DE HUMOR;OXALATO DE ESCITALOPRAM EUR;EUROFARMA
M01A ANTI REUMATICOS SEM ESTEROIDES;PACO EUR;EUROFARMA
N02A ANALGESICOS NARCOTICOS;PACO EUR;EUROFARMA
A02B ANTIULCEROSOS;PANTOCAL EUR;EUROFARMA
A02B ANTIULCEROSOS;PANTOPRAZOL EUR;EUROFARMA
N02B NAO NARCOTICOS ANTIPIRETICOS;PARACETAMOL EUR;EUROFARMA
N02A ANALGESICOS NARCOTICOS;PARACETAMOL FOSF DE CODEINA EUR;EUROFARMA
S01K PRODUTOS PARA OLHO SECO;PARAVISION;EUROFARMA
S01K PRODUTOS PARA OLHO SECO;PARAVISION EUR;EUROFARMA
R05D ANTITUSSIGENOS;PERCOF EUR;EUROFARMA
R06A ANTIHISTAMINICOS SISTEMICOS;PERGO EUR;EUROFARMA
B01A ANTICOAGULANTES NAO INJETAVEIS;PERIVASC EUR;EUROFARMA
C05C TERAPIA VARICOSA SISTEMICA;PERIVASC EUR;EUROFARMA
A09A DIGESTIVOS INCLUIDO ENZIMAS;PERLATTE EUR;EUROFARMA
H02A CORTICOSTEROIDES PUROS;PERMESE EUR;EUROFARMA
R03J ANTI ASMATICOS ANTAGONISTAS DE LEUCOTRIENE;PIEMONTE EUR;EUROFARMA
G03D PROGESTOGENOS E ASSOCIACOES EXCLUINDO G3A G3F;PIETRA ED EUR;EUROFARMA
N04A ANTIPARKINSONIANOS;PISA EUR;EUROFARMA
C10A PREPARADOS PARA REGULACAO COLESTEROL E TRIGLICERID;PITAVASTATINA CALCICA EUR;EUROFARMA
B01C INIBIDORES DA AGREGACAO PLAQUETARIA;PLAQ EUR;EUROFARMA
N06A A DEPRESSIVOS E REGUL DE HUMOR;PONDERA EUR;EUROFARMA
J01G FLUOROQUINOLONAS;PRAIVA EUR;EUROFARMA
D07A CORTICOIDES TOPICOS PUROS;PREDNISOLONA EUR;EUROFARMA
H02A CORTICOSTEROIDES PUROS;PREDNISOLONA EUR;EUROFARMA
H02A CORTICOSTEROIDES PUROS;PREDNISONA EUR;EUROFARMA
N02D PROD GABAPENTINOIDES;PREGABALINA EUR;EUROFARMA
H02A CORTICOSTEROIDES PUROS;PRENI EUR;EUROFARMA
G03A CONTRACEPTIVOS HORMONAIS SISTEMICOS;PRIMERA EUR;EUROFARMA
L01C ANTINEOPLASICOS DE ORIGEM VEGETAL;PROAZITAX EUR;EUROFARMA
L02B ANTAGONISTAS DE HORMONIOS CITOSTATICOS;PROEXTY EUR;EUROFARMA
M01A ANTI REUMATICOS SEM ESTEROIDES;PROFLAM EUR;EUROFARMA
M02A ANTIREUMATICOS TOPICOS COM ANALGESICOS;PROFLAM EUR;EUROFARMA
M01A ANTI REUMATICOS SEM ESTEROIDES;PROFLAN EUR;EUROFARMA
G02F HORMONIOS SEXUAIS TOPICOS;PROMESTRIENO EUR;EUROFARMA
A11C VITAMINA A D INCLUINDO ASSOCIACOES DAS DUAS;PROSSO EUR;EUROFARMA
N05B HIPNOTICOS SEDATIVOS;PRYSMA EUR;EUROFARMA
N05C TRANQUILIZANTES;PRYSMA EUR;EUROFARMA
N05A ANTIPSICOTICOS;QUET EUR;EUROFARMA
N05A ANTIPSICOTICOS;QUET XR EUR;EUROFARMA
N05A ANTIPSICOTICOS;QUETC EUR;EUROFARMA
P01D ANTIMALARICOS;REUPLAQ EUR;EUROFARMA
D06A ANTIBACTERIANOS TOPICOS;RIFAMICINA EUR;EUROFARMA
N05B HIPNOTICOS SEDATIVOS;RIPOSO SL EUR;EUROFARMA
M05B REGULADORES DO CALCIO OSSEO;RISEDRONATO SODICO EUR;EUROFARMA
N05A ANTIPSICOTICOS;RISPERIDONA EUR;EUROFARMA
N05A ANTIPSICOTICOS;RISS EUR;EUROFARMA
B01F INIBIDOR DIRETO DO FATOR XA;RIVAROXABANA EUR;EUROFARMA
B01F INIBIDOR DIRETO DO FATOR XA;RIVAXA EUR;EUROFARMA
C10A PREPARADOS PARA REGULACAO COLESTEROL E TRIGLICERID;ROSUVASTATINA CALCICA EUR;EUROFARMA
C10A PREPARADOS PARA REGULACAO COLESTEROL E TRIGLICERID;RUVA EUR;EUROFARMA
D10B PREPARACOES ANTIACNE ORAIS;SELENE EUR;EUROFARMA
G03A CONTRACEPTIVOS HORMONAIS SISTEMICOS;SELENE EUR;EUROFARMA
A08A - PREPARADOS ANOREXICOS EXETO OS DIETETICOS;SIBUS EUR;EUROFARMA
A08A - PREPARADOS ANOREXICOS EXETO OS DIETETICOS;SIBUTRAMINA EUR;EUROFARMA
A02A ANTIACIDOS ANTIFISETICOS;SIMECO PLUS EUR;EUROFARMA
A02A ANTIACIDOS ANTIFISETICOS;SIMETICONA EUR;EUROFARMA
N06A A DEPRESSIVOS E REGUL DE HUMOR;SINCRO XR EUR;EUROFARMA
J01C PENICILINAS DE AMPLO ESPECTRO;SINOT CLAV EUR;EUROFARMA
J01C PENICILINAS DE AMPLO ESPECTRO;SINOT EUR;EUROFARMA
R01A PREPARACOES NASAIS TOPICAS;SNIF EUR;EUROFARMA
R01A PREPARACOES NASAIS TOPICAS;SNIFJET EUR;EUROFARMA
N06A A DEPRESSIVOS E REGUL DE HUMOR;SONIC EUR;EUROFARMA
N05B HIPNOTICOS SEDATIVOS;STIMA;EUROFARMA
G04C PRODUTOS PARA HIPERPLASIA PROSTATICA BENIGNA HPB;STUB EUR;EUROFARMA
J01E ASSOCIACOES DE TRIMETOPRIM E SIMILARES;SUBTRAX EUR;EUROFARMA
N06A A DEPRESSIVOS E REGUL DE HUMOR;SUCCINATO DE DESVENLAFAXINA EUR;EUROFARMA
G04D PRODUTOS PARA INCONTINENCIA URINARIA;SUCCINATO DE SOLIFENACINA EUR;EUROFARMA
A10N INIBIDOR DPP IV;SUGANON EUR;EUROFARMA
P01D ANTIMALARICOS;SUL DE HIDROXICLOROQUINA EUR;EUROFARMA
R06A ANTIHISTAMINICOS SISTEMICOS;SUPERHIST EUR;EUROFARMA
G04E PRODUTOS PARA DISFUNCAO ERETIL;TADA EUR;EUROFARMA
G04E PRODUTOS PARA DISFUNCAO ERETIL;TADALAFILA EUR;EUROFARMA
J01G FLUOROQUINOLONAS;TAMIRAM EUR;EUROFARMA
G03A CONTRACEPTIVOS HORMONAIS SISTEMICOS;TAMISA EUR;EUROFARMA
J01C PENICILINAS DE AMPLO ESPECTRO;TAMOXIFENO EUR;EUROFARMA
J01X OUTROS ANTI BACTERIANOS;TEICOPLANINA EUR;EUROFARMA
L01A AGENTES ALQUILINIZANTES;TEMOZOLOMIDA EUR;EUROFARMA
M01A ANTI REUMATICOS SEM ESTEROIDES;TENOXICAM EUR;EUROFARMA
J01D CEFALOSPORINAS;TERCEN EUR;EUROFARMA
J01D CEFALOSPORINAS;TERZA EUR;EUROFARMA
G01A TRICOMONICIDAS;TINIDAZOL NITRATO DE MICONAZOL EUR;EUROFARMA
N03A ANTICONVULSIVANTES;TOPIRAMATO EUR;EUROFARMA
R05C EXPECTORANTES;TORANTE EUR;EUROFARMA
J01D CEFALOSPORINAS;TOTACEF EUR;EUROFARMA
A01A ESTOMATOLOGICOS;TRIANCINOLONA DE ACETONIDA EUR;EUROFARMA
G01A TRICOMONICIDAS;TRIANCINOLONA NEOMICINA GRAMICIDINA NISTATINA EUR;EUROFARMA
J01D CEFALOSPORINAS;TRIAXIN EUR;EUROFARMA
J01G FLUOROQUINOLONAS;TRIAXIN EUR;EUROFARMA
B01A ANTICOAGULANTES NAO INJETAVEIS;TRICIT;EUROFARMA
A03A ANTIESPASMODICOS E ANTICOLINERGICOS PUROS;TRIMEB EUR;EUROFARMA
A03F GASTROPROCINETICOS;TRIMEB EUR;EUROFARMA
M03B RELAXANTES MUSCULARES ACAO CENTRAL;TRIMUSK EUR;EUROFARMA
J01X OUTROS ANTI BACTERIANOS;TRISK EUR;EUROFARMA
D07B ASSOCIACOES DE CORTICOIDES;TROK EUR;EUROFARMA
D11A OUTRAS PREPARACOES DERMATOLOGICAS INCL XAMPUS MED;TROK EUR;EUROFARMA
D07B ASSOCIACOES DE CORTICOIDES;TROK G EUR;EUROFARMA
D07B ASSOCIACOES DE CORTICOIDES;TROK N EUR;EUROFARMA
N02B NAO NARCOTICOS ANTIPIRETICOS;TROMETAMOL CETOROLACO EUR;EUROFARMA
C01B ANTIARRITMICOS;TUNTA EUR;EUROFARMA
N05B HIPNOTICOS SEDATIVOS;TURNO EUR;EUROFARMA
G03B ANDROGENOS E ASSOCIACOES EXCETO G3E G3F;UNDECILATO DE TESTOSTERONA EUR;EUROFARMA
A11G VITAMINA C INCLUSIVE ASSOCIADA A MINERAIS;VALDA;EUROFARMA
R01A PREPARACOES NASAIS TOPICAS;VALDA;EUROFARMA
R02A PREPARACOES PARA GARGANTA;VALDA;EUROFARMA
R05A ANTIGRIPAIS EXCLUINDO ANTINFECCIOSOS;VALDA;EUROFARMA
R05C EXPECTORANTES;VALDA;EUROFARMA
A11G VITAMINA C INCLUSIVE ASSOCIADA A MINERAIS;VALDA EUR;EUROFARMA
R02A PREPARACOES PARA GARGANTA;VALDA EUR;EUROFARMA
R04A UNGUENTOS PERCUTANEOS E OUTROS INALANTES;VALDA EUR;EUROFARMA
R05B ANTIGRIPAIS C ANTIINFECCIOSOS;VALDA EUR;EUROFARMA
R05C EXPECTORANTES;VALDA EUR;EUROFARMA
C09C ANTAGONISTAS DE LA ANGIOTENSINA II PUROS;VALSARTANA EUR;EUROFARMA
J05B OUTROS ANTIVIRAIS;VANLURE EUR;EUROFARMA
C09C ANTAGONISTAS DE LA ANGIOTENSINA II PUROS;VARTAZ EUR;EUROFARMA
C01D TERAPIA CORONARIA EXCLUINDO ANTAGONISTAS DO CALCIO;VASCOR MR EUR;EUROFARMA
C10A PREPARADOS PARA REGULACAO COLESTEROL E TRIGLICERID;VAST EUR;EUROFARMA
N06A A DEPRESSIVOS E REGUL DE HUMOR;VENLAXIN XR EUR;EUROFARMA
R01A PREPARACOES NASAIS TOPICAS;VENTUS EUR;EUROFARMA
B01B ANTICOAGULANTES INJETAVEIS;VERSA EUR;EUROFARMA
J05B OUTROS ANTIVIRAIS;VILAXY EUR;EUROFARMA
N06A A DEPRESSIVOS E REGUL DE HUMOR;VOD EUR;EUROFARMA
N02B NAO NARCOTICOS ANTIPIRETICOS;VORIC EUR;EUROFARMA
N06A A DEPRESSIVOS E REGUL DE HUMOR;VORTIOXETINA EUR;EUROFARMA
C09C ANTAGONISTAS DE LA ANGIOTENSINA II PUROS;ZART EUR;EUROFARMA
C09D ANTAGONISTAS DE LA ANGIOTENSINA II COMBINADOS;ZART EUR;EUROFARMA
R06A ANTIHISTAMINICOS SISTEMICOS;ZINA EUR;EUROFARMA
A12A CALCIO;CALCIMAG EUF;EUROFITO
A11F VITAMINAS B12 PURA;EUROFITO EUF;EUROFITO
A11G VITAMINA C INCLUSIVE ASSOCIADA A MINERAIS;EUROFITO EUF;EUROFITO
R05C EXPECTORANTES;EUROFITO EUF;EUROFITO
A12C OUTROS SUPLEMENTOS MINERAIS;ACTIV ERV;EUROVIT
C09D ANTAGONISTAS DE LA ANGIOTENSINA II COMBINADOS;LANITOP EVO;EVOLABIS PROD FARMACEUTICOS LTDA
G03A CONTRACEPTIVOS HORMONAIS SISTEMICOS;DIVA EXE;EXELTIS
G03A CONTRACEPTIVOS HORMONAIS SISTEMICOS;EXELRING EXE;EXELTIS
G01B ANTIMICOTICOS GINECOLOGICOS;GYNOTRAN BAY;EXELTIS
G01A TRICOMONICIDAS;GYNOTRAN EXE;EXELTIS
G03D PROGESTOGENOS E ASSOCIACOES EXCLUINDO G3A G3F;GYNPRO EXE;EXELTIS
N04A ANTIPARKINSONIANOS;GYNPRO EXE;EXELTIS
G03A CONTRACEPTIVOS HORMONAIS SISTEMICOS;LIBRENE EXE;EXELTIS
G03A CONTRACEPTIVOS HORMONAIS SISTEMICOS;SLINDA EXE;EXELTIS
A12A CALCIO;VITERCAL C;EXELTIS
G04A ANTISSEPTICOS E ANTINFECCIOSOS URINARIOS;VIZURIA EXE;EXELTIS
A12C OUTROS SUPLEMENTOS MINERAIS;CARTIMUV;EXPLEND NUTRACEUTICOS
C04A VASOTERAPIA CEREBRAL E PERIFERICA;GINKGOBILOBA EXP;EXPLEND NUTRACEUTICOS
N05C TRANQUILIZANTES;VALERIANA EXP;EXPLEND NUTRACEUTICOS
R05A ANTIGRIPAIS EXCLUINDO ANTINFECCIOSOS;PROPOLIS EXN;EXPRESSAO DA NATUREZA
A12C OUTROS SUPLEMENTOS MINERAIS;EXX NUTRITION;EXX NUTRITION
A12C OUTROS SUPLEMENTOS MINERAIS;SOFTGEL;FAB!
R05C EXPECTORANTES;FABRIMED;FABRIMED
R02A PREPARACOES PARA GARGANTA;CONLIFE;FARMA CONDE
A02A ANTIACIDOS ANTIFISETICOS;CONLIFE FAC;FARMA CONDE
A06A DROGAS PARA A CONSTIPACAO;CONLIFE FAC;FARMA CONDE
A07G REPOSITORES ELECTROLITICOS ORAIS;CONLIFE FAC;FARMA CONDE
A06A DROGAS PARA A CONSTIPACAO;LEITE DE MAGNESIA FAC;FARMA CONDE
C10A PREPARADOS PARA REGULACAO COLESTEROL E TRIGLICERID;LISIVIR;FARMA CONDE
R01A PREPARACOES NASAIS TOPICAS;NARILIMP;FARMA CONDE
R01A PREPARACOES NASAIS TOPICAS;NARILIVRE FAC;FARMA CONDE
D01A ANTIMICOTICOS DERMATOLOGICOS;UNHA CLEAN FAC;FARMA CONDE
M03B RELAXANTES MUSCULARES ACAO CENTRAL;VAPORIZEN;FARMA CONDE
D08A ANTISSEPTICOS E DESINFETANTES EXCL CURATIVOS MEDIC;FARMA PONTE;FARMA PONTE
L04X OUTROS IMUNOSSUPRESORES;MICOFENOLATO DE MOFETILA;FARMA VISION
N02B NAO NARCOTICOS ANTIPIRETICOS;DIPIRONA FRC;FARMACE
K01A SOLUCOES ELETROLITICAS IGUAL MAIOR 100 ML;FARMACE;FARMACE
K01B SOLUCOES PADRAO;FARMACE;FARMACE
K01B SOLUCOES PADRAO;FARMACE AGUA PARA INJECAO FRC;FARMACE
N02B NAO NARCOTICOS ANTIPIRETICOS;PARACETAMOL FRC;FARMACE
R05C EXPECTORANTES;LIPTUS MEL;FARMACIA NICOLA LTDA
A05B PRODUTOS PARA DOENCAS DO FIGADO HEPATOPROTETORES;REVIGORE;FARMACIAS ASSOCIAD
R02A PREPARACOES PARA GARGANTA;REVIMEL;FARMACIAS ASSOCIAD
A11F VITAMINAS B12 PURA;SANTO HABITO;FARMACIAS ASSOCIAD
R05C EXPECTORANTES;SANTO HABITO;FARMACIAS ASSOCIAD
N05B HIPNOTICOS SEDATIVOS;SUPRAHEALTH;FARMARCAS
R02A PREPARACOES PARA GARGANTA;BEEMAX FAM;FARMAX CIA
A02A ANTIACIDOS ANTIFISETICOS;FARMAX FAM;FARMAX CIA
A06A DROGAS PARA A CONSTIPACAO;FARMAX FAM;FARMAX CIA
A07F MICROORGANISMOS ANTIDIARREICOS;FLORALIV FAM;FARMAX CIA
A07X OUTROS PRODUTOS PARA DESORDENS INTESTINAIS;FLORALIV FAM;FARMAX CIA
A12C OUTROS SUPLEMENTOS MINERAIS;SANAVITA;FARMAX CIA
A06A DROGAS PARA A CONSTIPACAO;SEPTMAX FAM;FARMAX CIA
N06A A DEPRESSIVOS E REGUL DE HUMOR;ABRETIA FRQ;FARMOQUIMICA
R05C EXPECTORANTES;ABRILAR FRQ;FARMOQUIMICA
R01B DESCONGESTIONANTES NASAIS SISTEMICOS;ACTIFEDRIN FRQ;FARMOQUIMICA
G03A CONTRACEPTIVOS HORMONAIS SISTEMICOS;ADOLESS FRQ;FARMOQUIMICA
P01B ANTIHELMINTICOS EXCETO OS ESQUISTOSOMICIDAS;ANNITA FRQ;FARMOQUIMICA
J01E ASSOCIACOES DE TRIMETOPRIM E SIMILARES;BACTRIM FRQ;FARMOQUIMICA
D10A PREPARACOES ANTIACNE TOPICOS;BELPELE FRQ;FARMOQUIMICA
A12C OUTROS SUPLEMENTOS MINERAIS;CARTIGEN FRQ;FARMOQUIMICA
M05X OUTROS PRODUTOS SISTEMA MUSCULO ESQUELETICO;CARTIGEN FRQ;FARMOQUIMICA
G03A CONTRACEPTIVOS HORMONAIS SISTEMICOS;CATARSE ODT FRQ;FARMOQUIMICA
G03A CONTRACEPTIVOS HORMONAIS SISTEMICOS;CHERRY FRQ;FARMOQUIMICA
D01A ANTIMICOTICOS DERMATOLOGICOS;CLOTRIMIX FRQ;FARMOQUIMICA
P01D ANTIMALARICOS;DARAPRIM FRQ;FARMOQUIMICA
J05B OUTROS ANTIVIRAIS;DENPRYX FRQ;FARMOQUIMICA
N07D PRODUTOS ANTI ALZHEIMER;DESIREE FQM;FARMOQUIMICA
C09C ANTAGONISTAS DE LA ANGIOTENSINA II PUROS;DIOVAN FRQ;FARMOQUIMICA
C09D ANTAGONISTAS DE LA ANGIOTENSINA II COMBINADOS;DIOVAN FRQ;FARMOQUIMICA
M03B RELAXANTES MUSCULARES ACAO CENTRAL;DOLAMIN FLEX FRQ;FARMOQUIMICA
N02B NAO NARCOTICOS ANTIPIRETICOS;DOLAMIN FRQ;FARMOQUIMICA
N05B HIPNOTICOS SEDATIVOS;DORMONID FRQ;FARMOQUIMICA
A09A DIGESTIVOS INCLUIDO ENZIMAS;ENZILAC FRQ;FARMOQUIMICA
C05B TERAPIA VARICOSA TOPICA;ETHAMOLIN FRQ;FARMOQUIMICA
C10B PREPARACOES ANTIATEROMA DE ORIGEM NATURAL;FARMOQUIMICA FRQ;FARMOQUIMICA
J01G FLUOROQUINOLONAS;FARMOQUIMICA FRQ;FARMOQUIMICA
M01A ANTI REUMATICOS SEM ESTEROIDES;FARMOQUIMICA FRQ;FARMOQUIMICA
R05C EXPECTORANTES;FARMOQUIMICA FRQ;FARMOQUIMICA
C05C TERAPIA VARICOSA SISTEMICA;FLEBON FRQ;FARMOQUIMICA
C05B TERAPIA VARICOSA TOPICA;FLEDOID FRQ;FARMOQUIMICA
D02A EMOLIENTES E PROTETORES;FLETOP FRQ;FARMOQUIMICA
A07F MICROORGANISMOS ANTIDIARREICOS;FLORATIL FRQ;FARMOQUIMICA
N07B PRODUTOS ANTITABAGISMO;FUMAGUM FRQ;FARMOQUIMICA
A04A ANTIEMETICOS E ANTINAUSEOSOS;GENGIMIN FRQ;FARMOQUIMICA
G03A CONTRACEPTIVOS HORMONAIS SISTEMICOS;GINESSE FRQ;FARMOQUIMICA
G01A TRICOMONICIDAS;GYNOMAX FRQ;FARMOQUIMICA
G01A TRICOMONICIDAS;GYNOPAC FRQ;FARMOQUIMICA
N05A ANTIPSICOTICOS;HEDD FRQ;FARMOQUIMICA
C07A AGENTES BETA BLOQUEADORES PUROS;HEMIFUMARATO DE BISOPROLOL FAR;FARMOQUIMICA
C07A AGENTES BETA BLOQUEADORES PUROS;HEMIFUMARATO DE BISOPROLOL FRQ;FARMOQUIMICA
G02X OTROS PRODUTOS GINECOLOGICOS;HIDRAFEMME FRQ;FARMOQUIMICA
M01A ANTI REUMATICOS SEM ESTEROIDES;INICOX FRQ;FARMOQUIMICA
D11A OUTRAS PREPARACOES DERMATOLOGICAS INCL XAMPUS MED;INTHOS FRQ;FARMOQUIMICA
N05B HIPNOTICOS SEDATIVOS;ISOY FRQ;FARMOQUIMICA
D06D PRODUTOS PARA INFECOES VIRAIS;IXIUM FRQ;FARMOQUIMICA
G03D PROGESTOGENOS E ASSOCIACOES EXCLUINDO G3A G3F;JUNNO FRQ;FARMOQUIMICA
A07F MICROORGANISMOS ANTIDIARREICOS;LACTOFOS FRQ;FARMOQUIMICA
C07A AGENTES BETA BLOQUEADORES PUROS;LAIO FRQ;FARMOQUIMICA
S02A ANTINFECCIOSOS OTOLOGICOS;LIDOSPORIN FRQ;FARMOQUIMICA
A12C OUTROS SUPLEMENTOS MINERAIS;LIPOMAX FRQ;FARMOQUIMICA
R01A PREPARACOES NASAIS TOPICAS;MARESIS FRQ;FARMOQUIMICA
R01A PREPARACOES NASAIS TOPICAS;MARESIS PROTECT FRQ;FARMOQUIMICA
B01A ANTICOAGULANTES NAO INJETAVEIS;MAREVAN FRQ;FARMOQUIMICA
M01A ANTI REUMATICOS SEM ESTEROIDES;MOTIX FRQ;FARMOQUIMICA
M02A ANTIREUMATICOS TOPICOS COM ANALGESICOS;MOTIX FRQ;FARMOQUIMICA
M05X OUTROS PRODUTOS SISTEMA MUSCULO ESQUELETICO;MOTIX FRQ;FARMOQUIMICA
G03A CONTRACEPTIVOS HORMONAIS SISTEMICOS;ONUA FRQ;FARMOQUIMICA
S02C ASSOCIACOES DE ANTINFECCIOSOS E CORTICOIDES;OTO BETNOVATE FRQ;FARMOQUIMICA
J01G FLUOROQUINOLONAS;OTOCIRIAX FRQ;FARMOQUIMICA
S02C ASSOCIACOES DE ANTINFECCIOSOS E CORTICOIDES;OTOCIRIAX FRQ;FARMOQUIMICA
R06A ANTIHISTAMINICOS SISTEMICOS;OTOSPORIN FRQ;FARMOQUIMICA
S02C ASSOCIACOES DE ANTINFECCIOSOS E CORTICOIDES;OTOSPORIN FRQ;FARMOQUIMICA
N02D PROD GABAPENTINOIDES;PREFISS FRQ;FARMOQUIMICA
A07F MICROORGANISMOS ANTIDIARREICOS;PROBIATOP FRQ;FARMOQUIMICA
G02X OTROS PRODUTOS GINECOLOGICOS;PROMENSIL FRQ;FARMOQUIMICA
G04X OUTROS PRODUTOS UROLOGICOS;PROSOY FRQ;FARMOQUIMICA
G03X OUT HORMONIOS SEXUAIS E PRODS SIMILARES;REDUCLIM FRQ;FARMOQUIMICA
C07B ASSOCIACOES DE BETA BLOQUEADORES;REVERT FRQ;FARMOQUIMICA
N05B HIPNOTICOS SEDATIVOS;ROHYPNOL FRQ;FARMOQUIMICA
C10A PREPARADOS PARA REGULACAO COLESTEROL E TRIGLICERID;ROSA FRQ;FARMOQUIMICA
R05C EXPECTORANTES;SEDAVAN FRQ;FARMOQUIMICA
A07F MICROORGANISMOS ANTIDIARREICOS;SIMBIOFEM FRQ;FARMOQUIMICA
A07F MICROORGANISMOS ANTIDIARREICOS;SIMBIOFLORA FRQ;FARMOQUIMICA
B01A ANTICOAGULANTES NAO INJETAVEIS;SUSTRATE FRQ;FARMOQUIMICA
C01E NITRITOS E NITRATOS;SUSTRATE FRQ;FARMOQUIMICA
N05A ANTIPSICOTICOS;TRACOX FRQ;FARMOQUIMICA
R05C EXPECTORANTES;UMCKAN FRQ;FARMOQUIMICA
N06A A DEPRESSIVOS E REGUL DE HUMOR;UNITRAM FRQ;FARMOQUIMICA
C05A ANTIHEMORROIDARIOS TOPICOS;VARICELL FRQ;FARMOQUIMICA
C05B TERAPIA VARICOSA TOPICA;VARICELL FRQ;FARMOQUIMICA
C05C TERAPIA VARICOSA SISTEMICA;VARICELL FRQ;FARMOQUIMICA
L01X OUTROS ANTINEOPLASICOS;VESANOID FRQ;FARMOQUIMICA
M02A ANTIREUMATICOS TOPICOS COM ANALGESICOS;ARNICA SPORT;FASHION COSMETICOS
A02A ANTIACIDOS ANTIFISETICOS;FASHION FAS;FASHION COSMETICOS
D02A EMOLIENTES E PROTETORES;FASHION FAS;FASHION COSMETICOS
M02A ANTIREUMATICOS TOPICOS COM ANALGESICOS;FASHION FAS;FASHION COSMETICOS
M03B RELAXANTES MUSCULARES ACAO CENTRAL;FASHION FAS;FASHION COSMETICOS
R05C EXPECTORANTES;FASHION FAS;FASHION COSMETICOS
L02B ANTAGONISTAS DE HORMONIOS CITOSTATICOS;FASLODEX FLX;FASLODEX
A12C OUTROS SUPLEMENTOS MINERAIS;FAUNA E FLORA;FAUNA E FLORA
R02A PREPARACOES PARA GARGANTA;FAUNA E FLORA FAU;FAUNA E FLORA
R05B ANTIGRIPAIS C ANTIINFECCIOSOS;FAVO DE MEL;FAVO DE MEL
A12A CALCIO;FDC FDC;FDC VITAMINAS
A02A ANTIACIDOS ANTIFISETICOS;SCALP;FERNANDES
H04D HORMONIOS ANTIDIURETICOS;DDAVP FER;FERRING
G03G GONADOTROFINAS E OUTROS ESTIMULANTES DA OVULACAO;MENOPUR FER;FERRING
A07E PRODUTOS PARA DOENCA INFLAMATORIA INTESTINAL;PENTASA FER;FERRING
M01A ANTI REUMATICOS SEM ESTEROIDES;PENTASA FER;FERRING
A06B LIMPIADORES INTESTINALES;PICOPREP FER;FERRING
G03G GONADOTROFINAS E OUTROS ESTIMULANTES DA OVULACAO;REKOVELLE FER;FERRING
R05C EXPECTORANTES;PROPOLIS FIB;FIBRASMIL PROD. ALIM. LTDA
R05B ANTIGRIPAIS C ANTIINFECCIOSOS;SPRAY FIB;FIBRASMIL PROD. ALIM. LTDA
A05A PRODUTOS PARA DISTURBIOS DO TRATO BILIAR;FLACONETE FIG;FIGARO
A05B PRODUTOS PARA DOENCAS DO FIGADO HEPATOPROTETORES;FLACONETE FIG;FIGARO
A06A DROGAS PARA A CONSTIPACAO;SENE FIL;FILADELFIA ALIMENTOS
A12C OUTROS SUPLEMENTOS MINERAIS;FITO;FITO ESSENCIA
R02A PREPARACOES PARA GARGANTA;FITOBEL;FITOBEL
R05F OUTROS ANTITUSSIGENOS E ANTIGRIPAIS;FITOBEL FIT;FITOBEL
R02A PREPARACOES PARA GARGANTA;FITOMELITO;FITOBEL
R02A PREPARACOES PARA GARGANTA;FITOVIVA;FITOVIVA
R02A PREPARACOES PARA GARGANTA;FITOVIVA FTV;FITOVIVA
A12A CALCIO;CALCIO DE OSTRAS FWY;FITOWAY
A12A CALCIO;FITOWAY;FITOWAY
A12C OUTROS SUPLEMENTOS MINERAIS;FITOWAY;FITOWAY
R02A PREPARACOES PARA GARGANTA;NECTAR FLORAL;FLOEMA PRODUTOS NATURAIS
R05B ANTIGRIPAIS C ANTIINFECCIOSOS;NECTAR FLORAL;FLOEMA PRODUTOS NATURAIS
R02A PREPARACOES PARA GARGANTA;NECTARFLORAL FOE;FLOEMA PRODUTOS NATURAIS
R05B ANTIGRIPAIS C ANTIINFECCIOSOS;NECTARFLORAL FOE;FLOEMA PRODUTOS NATURAIS
R05C EXPECTORANTES;NECTARFLORAL FOE;FLOEMA PRODUTOS NATURAIS
R02A PREPARACOES PARA GARGANTA;POLIPLUS FOE;FLOEMA PRODUTOS NATURAIS
A06A DROGAS PARA A CONSTIPACAO;FLORA 7 ERVAS;FLORA 7 ERVAS
A12C OUTROS SUPLEMENTOS MINERAIS;ARTROFAN FLN;FLORA NATIVA DO BRASIL
G04E PRODUTOS PARA DISFUNCAO ERETIL;FLORA NATIVA;FLORA NATIVA DO BRASIL
A12C OUTROS SUPLEMENTOS MINERAIS;FLORA NATIVA FLN;FLORA NATIVA DO BRASIL
H04X OUTRAS HORMONIOS E PREPARACAO COM ACOES SIMILARES;MELATONINA FLN;FLORA NATIVA DO BRASIL
R05C EXPECTORANTES;NAC FLN;FLORA NATIVA DO BRASIL
G04C PRODUTOS PARA HIPERPLASIA PROSTATICA BENIGNA HPB;PRORINS FLN;FLORA NATIVA DO BRASIL
R02A PREPARACOES PARA GARGANTA;FLORA NECTAR;FLORA NECTAR
M02A ANTIREUMATICOS TOPICOS COM ANALGESICOS;FLORA PURA;FLORA PURA
A05A PRODUTOS PARA DISTURBIOS DO TRATO BILIAR;FLORAVIDA;FLORAVIDA
G04E PRODUTOS PARA DISFUNCAO ERETIL;FLORAVIDA;FLORAVIDA
A16A OUTROS PRODUTOS PARA O APARELHO DIGESTIVO E METAB;MEL FLORADA;FLORISMEL
R05C EXPECTORANTES;ACETILCISTEINA FRH;FORHEALTH NUTRICIONAL
A11E COMPLEXO B;BIOCENTRO FRH;FORHEALTH NUTRICIONAL
R05C EXPECTORANTES;BIOCENTRO FRH;FORHEALTH NUTRICIONAL
C10A PREPARADOS PARA REGULACAO COLESTEROL E TRIGLICERID;CARDIOZAN;FORHEALTH NUTRICIONAL
R05C EXPECTORANTES;POLYFORCE;FORHEALTH NUTRICIONAL
R05C EXPECTORANTES;RENOFORCE;FORHEALTH NUTRICIONAL
A11G VITAMINA C INCLUSIVE ASSOCIADA A MINERAIS;RESFRIMUNE FRH;FORHEALTH NUTRICIONAL
R05C EXPECTORANTES;SUPERVIT;FORHEALTH NUTRICIONAL
A12C OUTROS SUPLEMENTOS MINERAIS;SUPERVITTA;FORHEALTH NUTRICIONAL
A12C OUTROS SUPLEMENTOS MINERAIS;SUPREFORCE;FORHEALTH NUTRICIONAL
R02A PREPARACOES PARA GARGANTA;VITCAPS;FORHEALTH NUTRICIONAL
H04X OUTRAS HORMONIOS E PREPARACAO COM ACOES SIMILARES;VITCAPS FOR;FORHEALTH NUTRICIONAL
R05C EXPECTORANTES;VITNUTRY;FORHEALTH NUTRICIONAL
A12C OUTROS SUPLEMENTOS MINERAIS;VITTAMIXX;FORHEALTH NUTRICIONAL
R05C EXPECTORANTES;FORHELTH;FORHELTH NUTRICIONAL EIRELI
A12C OUTROS SUPLEMENTOS MINERAIS;POLIWIN;FORHELTH NUTRICIONAL EIRELI
A12C OUTROS SUPLEMENTOS MINERAIS;ULTRASUPRY;FORHELTH NUTRICIONAL EIRELI
R02A PREPARACOES PARA GARGANTA;FORLIFE FOR;FORLIFE
M02A ANTIREUMATICOS TOPICOS COM ANALGESICOS;FORT ALIVIO FRT;FORTLIFE
M03B RELAXANTES MUSCULARES ACAO CENTRAL;FORT ALIVIO FRT;FORTLIFE
A11G VITAMINA C INCLUSIVE ASSOCIADA A MINERAIS;FORTLIFE;FORTLIFE
M02A ANTIREUMATICOS TOPICOS COM ANALGESICOS;FORTLIFE;FORTLIFE
M02A ANTIREUMATICOS TOPICOS COM ANALGESICOS;GELOOU FRT;FORTLIFE
A05B PRODUTOS PARA DOENCAS DO FIGADO HEPATOPROTETORES;SILIMARINA FRT;FORTLIFE
M02A ANTIREUMATICOS TOPICOS COM ANALGESICOS;GELDOR FTM;FORTMARCAS
R05A ANTIGRIPAIS EXCLUINDO ANTINFECCIOSOS;VIGORFLUX;FORTVIGOR
A12C OUTROS SUPLEMENTOS MINERAIS;VITALITABS;FPP FRANCHISING LTDA
M02A ANTIREUMATICOS TOPICOS COM ANALGESICOS;ALIVIUM HYP;FRANCEFARMA COSMETICOS
M02A ANTIREUMATICOS TOPICOS COM ANALGESICOS;ULTRA GEL;FRANCEFARMA COSMETICOS
R05C EXPECTORANTES;CALMITOSS FBF;FRANCHISING BRASIL FARMA
S01A ANTINFECCIOSOS;GENTAMICIN FRS;FRESENIUS KABI
K01F SOLUCOES PARA TERAPIA OSMOTICA;MANITOL FRS;FRESENIUS KABI
M05B REGULADORES DO CALCIO OSSEO;CIENTIFIC SYNOVIAL;GADOR DO BRASIL
M05X OUTROS PRODUTOS SISTEMA MUSCULO ESQUELETICO;CIENTIFIC SYNOVIAL;GADOR DO BRASIL
D11A OUTRAS PREPARACOES DERMATOLOGICAS INCL XAMPUS MED;AVICIS GAL;GALDERMA
D07A CORTICOIDES TOPICOS PUROS;CLOB X GAL;GALDERMA
D11A OUTRAS PREPARACOES DERMATOLOGICAS INCL XAMPUS MED;CLOB X GAL;GALDERMA
D10A PREPARACOES ANTIACNE TOPICOS;DIFFERIN GAL;GALDERMA
D10A PREPARACOES ANTIACNE TOPICOS;EPIDUO GAL;GALDERMA
D10A PREPARACOES ANTIACNE TOPICOS;GALDERMA GAL;GALDERMA
D11A OUTRAS PREPARACOES DERMATOLOGICAS INCL XAMPUS MED;GALDERMA GAL;GALDERMA
D11A OUTRAS PREPARACOES DERMATOLOGICAS INCL XAMPUS MED;LOCERYL GAL;GALDERMA
D10A PREPARACOES ANTIACNE TOPICOS;ROZEX GAL;GALDERMA
D10A PREPARACOES ANTIACNE TOPICOS;SOOLANTRA GAL;GALDERMA
J01A TETRACICLINAS E ASSOCIACOES;TETRALYSAL GAL;GALDERMA
C05A ANTIHEMORROIDARIOS TOPICOS;BENEPROCT GLL;GALLIA
G02X OTROS PRODUTOS GINECOLOGICOS;GLIZITRAT GLL;GALLIA
A12A CALCIO;OSSODRIN D GLL;GALLIA
A12A CALCIO;OSSODRIN MAG GLL;GALLIA
R05C EXPECTORANTES;RESPIRAN GLL;GALLIA
M02A ANTIREUMATICOS TOPICOS COM ANALGESICOS;GARBIN;GARBIN COSMETICO
S01K PRODUTOS PARA OLHO SECO;HILUROPT GBI;GBIO
S01X OUTROS OFTALMOLOGICOS;TEARFILM GBI;GBIO
S01A ANTINFECCIOSOS;ZOBILAR GBI;GBIO
G03C ESTROGENOS E ASSOCIACOES EXCETO G03A G03E G03F;LENZETTO GED;GEDEON
A12C OUTROS SUPLEMENTOS MINERAIS;GENACOL GNC;GENACOL
S01L PREPARADOS PARA USO COM LENTES DE CONTATO;BLEPHAGEL GEN;GENOM
N02A ANALGESICOS NARCOTICOS;CODEX GNM;GENOM
M01A ANTI REUMATICOS SEM ESTEROIDES;DEXANEURIN GEN;GENOM
A12C OUTROS SUPLEMENTOS MINERAIS;FLEX HA GEN;GENOM
A12C OUTROS SUPLEMENTOS MINERAIS;FLEX S GEN;GENOM
D11A OUTRAS PREPARACOES DERMATOLOGICAS INCL XAMPUS MED;GENOM;GENOM
G02X OTROS PRODUTOS GINECOLOGICOS;HID INTIMO GEN;GENOM
A12C OUTROS SUPLEMENTOS MINERAIS;LUMIER AGE GEN;GENOM
S01B CORTICOIDES;SOLUCAO GEN;GENOM
R05C EXPECTORANTES;EXPECTOVIC AIR;GENOMMA LAB
R05C EXPECTORANTES;EXPULSATOX GEN;GENOMMA LAB
D01A ANTIMICOTICOS DERMATOLOGICOS;LAKESIA GEN;GENOMMA LAB
S01E MIOTICOS E PRAPARADOS ANTIGLAUCOMA;LIRIS GEN;GENOMMA LAB
S01K PRODUTOS PARA OLHO SECO;LIRIS GEN;GENOMMA LAB
S01X OUTROS OFTALMOLOGICOS;LIRIS GEN;GENOMMA LAB
C05A ANTIHEMORROIDARIOS TOPICOS;PROCTAN GEN;GENOMMA LAB
R05C EXPECTORANTES;ABRIFIT GEO;GEOLAB
R05C EXPECTORANTES;ACEBROFILINA GEO;GEOLAB
R05C EXPECTORANTES;ACETILCISTEINA GEO;GEOLAB
A01A ESTOMATOLOGICOS;ACETONIDA DE TRIANCINOLONA GEO;GEOLAB
S01K PRODUTOS PARA OLHO SECO;ACU FRESH G GEO;GEOLAB
S01K PRODUTOS PARA OLHO SECO;ACU FRESH GEO;GEOLAB
P01B ANTIHELMINTICOS EXCETO OS ESQUISTOSOMICIDAS;ALBEL GEO;GEOLAB
P01B ANTIHELMINTICOS EXCETO OS ESQUISTOSOMICIDAS;ALBENDAZOL GEO;GEOLAB
S01E MIOTICOS E PRAPARADOS ANTIGLAUCOMA;ALPHABRIN GEO;GEOLAB
C01B ANTIARRITMICOS;AMIORON GEO;GEOLAB
N05B HIPNOTICOS SEDATIVOS;APAXY GEO;GEOLAB
C09C ANTAGONISTAS DE LA ANGIOTENSINA II PUROS;ARARTAN GEO;GEOLAB
M05X OUTROS PRODUTOS SISTEMA MUSCULO ESQUELETICO;ARPAFITO GEO;GEOLAB
C07A AGENTES BETA BLOQUEADORES PUROS;ATENOLOL GEO;GEOLAB
C10A PREPARADOS PARA REGULACAO COLESTEROL E TRIGLICERID;ATORVASTATINA GEO;GEOLAB
J01F MACROLIDEOS E SIMILARES;AZITROMICINA GEO;GEOLAB
C08A ANTAGONISTAS DO CALCIO PUROS;BESILAPIN GEO;GEOLAB
C08A ANTAGONISTAS DO CALCIO PUROS;BESILATO DE ANLODIPINO GEO;GEOLAB
D07B ASSOCIACOES DE CORTICOIDES;BETAMETASONA GETAMICINA TOLNAFTATO CLIOQUINOL GEO;GEOLAB
D07B ASSOCIACOES DE CORTICOIDES;BETOGENTA GEO;GEOLAB
D07B ASSOCIACOES DE CORTICOIDES;BETRICORT GEO;GEOLAB
H02A CORTICOSTEROIDES PUROS;BEXETON GEO;GEOLAB
S01E MIOTICOS E PRAPARADOS ANTIGLAUCOMA;BIMAGAN GEO;GEOLAB
S01E MIOTICOS E PRAPARADOS ANTIGLAUCOMA;BIMATOPROSTA COLIRIO GEO;GEOLAB
C09C ANTAGONISTAS DE LA ANGIOTENSINA II PUROS;BISILAPIN GEO;GEOLAB
R05C EXPECTORANTES;BROMEXPEC GEO;GEOLAB
R05C EXPECTORANTES;BRONTEK GEO;GEOLAB
C09A INIBIDORES ACE PUROS;CAPOX GEO;GEOLAB
C09C ANTAGONISTAS DE LA ANGIOTENSINA II PUROS;CAPOX GEO;GEOLAB
C09A INIBIDORES ACE PUROS;CAPTOPRIL GEO;GEOLAB
R05C EXPECTORANTES;CARBOCISTEINA XAROPE GEO;GEOLAB
H02B ASSOCIACOES CORTICOSTEROIDES SISTEMICOS;CELETIL GEO;GEOLAB
R06A ANTIHISTAMINICOS SISTEMICOS;CELETIL GEO;GEOLAB
D07A CORTICOIDES TOPICOS PUROS;CETADEX GEO;GEOLAB
D07B ASSOCIACOES DE CORTICOIDES;CETOCONAZOL BETAMETASONA NEOMICINA GEO;GEOLAB
D07B ASSOCIACOES DE CORTICOIDES;CETOCONAZOL DIPR DE BETAMETASONA GEO;GEOLAB
D01A ANTIMICOTICOS DERMATOLOGICOS;CETOCONAZOL GEO;GEOLAB
M03B RELAXANTES MUSCULARES ACAO CENTRAL;CICLOBENZAPRINA GEO;GEOLAB
J01G FLUOROQUINOLONAS;CIPRIX GEO;GEOLAB
S01C COMBINACOES DE ANTI INFLAMATORIOS OFTALMICOS E ANT;CIPRIXIN DEXA GEO;GEOLAB
C10A PREPARADOS PARA REGULACAO COLESTEROL E TRIGLICERID;CIPROFIBRATO GEO;GEOLAB
R05C EXPECTORANTES;CISTEIL GEO;GEOLAB
G04E PRODUTOS PARA DISFUNCAO ERETIL;CITRATO DE SILDENAFILA GEO;GEOLAB
M01A ANTI REUMATICOS SEM ESTEROIDES;CIXIN GEO;GEOLAB
M04A ANTIGOTOSOS;CIXIN GEO;GEOLAB
D07B ASSOCIACOES DE CORTICOIDES;CLIOQDERM GEO;GEOLAB
N03A ANTICONVULSIVANTES;CLONAZEPAM GEO;GEOLAB
R05C EXPECTORANTES;CLOR DE AMBROXOL GEO;GEOLAB
R05C EXPECTORANTES;CLOR DE AMBROXOL XAROPE GEO;GEOLAB
C01B ANTIARRITMICOS;CLOR DE AMIODARONA GEO;GEOLAB
S01E MIOTICOS E PRAPARADOS ANTIGLAUCOMA;CLOR DE BETAXOLOL COLIRIO GEO;GEOLAB
R05C EXPECTORANTES;CLOR DE BROMEXINA GEO;GEOLAB
N06A A DEPRESSIVOS E REGUL DE HUMOR;CLOR DE BUPROPIONA GEO;GEOLAB
M03B RELAXANTES MUSCULARES ACAO CENTRAL;CLOR DE CICLOBENZAPRINA GEO;GEOLAB
S01C COMBINACOES DE ANTI INFLAMATORIOS OFTALMICOS E ANT;CLOR DE CIPROFLOXACINO DEXAMETASONA GEO;GEOLAB
J01G FLUOROQUINOLONAS;CLOR DE CIPROFLOXACINO GEO;GEOLAB
N07D PRODUTOS ANTI ALZHEIMER;CLOR DE DORZOLAMIDA GEO;GEOLAB
N06A A DEPRESSIVOS E REGUL DE HUMOR;CLOR DE DULOXETINA GEO;GEOLAB
R06A ANTIHISTAMINICOS SISTEMICOS;CLOR DE HIDROXIZINA GEO;GEOLAB
N07D PRODUTOS ANTI ALZHEIMER;CLOR DE MEMANTINA GEO;GEOLAB
A10J BIGUANIDA A DIABETICOS;CLOR DE METFORMINA GEO;GEOLAB
J01G FLUOROQUINOLONAS;CLOR DE MOXIFLOXACINO GEO;GEOLAB
A04A ANTIEMETICOS E ANTINAUSEOSOS;CLOR DE ONDANSETRONA GEO;GEOLAB
N06A A DEPRESSIVOS E REGUL DE HUMOR;CLOR DE PAROXETINA GEO;GEOLAB
N06A A DEPRESSIVOS E REGUL DE HUMOR;CLOR DE SERTRALINA GEO;GEOLAB
G04C PRODUTOS PARA HIPERPLASIA PROSTATICA BENIGNA HPB;CLOR DE TANSULOSINA GEO;GEOLAB
N06A A DEPRESSIVOS E REGUL DE HUMOR;CLOR DE VENLAFAXINA GEO;GEOLAB
M04A ANTIGOTOSOS;COLCHICINA GEO;GEOLAB
S01G PREPARADOS PARA O TRATAMENTO DE CONJUNTIVITES NAO;COLIRIO GEOLAB GEO;GEOLAB
D07B ASSOCIACOES DE CORTICOIDES;CONACORT GEO;GEOLAB
D07B ASSOCIACOES DE CORTICOIDES;CORTITOP GEO;GEOLAB
A11C VITAMINA A D INCLUINDO ASSOCIACOES DAS DUAS;DELUMI GEO;GEOLAB
R06A ANTIHISTAMINICOS SISTEMICOS;DESLORATADINA GEO;GEOLAB
R06A ANTIHISTAMINICOS SISTEMICOS;DESLORATADINA XAROPE GEO;GEOLAB
D07A CORTICOIDES TOPICOS PUROS;DEXAMETASONA GEO;GEOLAB
H02A CORTICOSTEROIDES PUROS;DEXAMETASONA GEO;GEOLAB
S01C COMBINACOES DE ANTI INFLAMATORIOS OFTALMICOS E ANT;DEXAMETASONA GEO;GEOLAB
R06A ANTIHISTAMINICOS SISTEMICOS;DEXCLORFENIRAMINA GEO;GEOLAB
M01A ANTI REUMATICOS SEM ESTEROIDES;DICLOFENACO GEO;GEOLAB
N07C OUTROS MEDICAMENTOS ANTIVERTIGINOSOS;DICLOR DE BETAISTINA GEO;GEOLAB
G03D PROGESTOGENOS E ASSOCIACOES EXCLUINDO G3A G3F;DIENOGESTE GEO;GEOLAB
A02A ANTIACIDOS ANTIFISETICOS;DIMEFTAL GEO;GEOLAB
N02B NAO NARCOTICOS ANTIPIRETICOS;DIPIRONA GEO;GEOLAB
D07B ASSOCIACOES DE CORTICOIDES;DIPR DE BETAMETASONA SUL DE GENTAMICINA GEO;GEOLAB
N02B NAO NARCOTICOS ANTIPIRETICOS;DIPRIN GEO;GEOLAB
C03A DIURETICOS;DIUREMIDA GEO;GEOLAB
N02B NAO NARCOTICOS ANTIPIRETICOS;DORAGEO GEO;GEOLAB
C02A ANTIHIPERTENSIVOS NAO HERBACEOS PUROS;DOXAZOSINA GEO;GEOLAB
R06A ANTIHISTAMINICOS SISTEMICOS;DROTIZIN GEO;GEOLAB
S01C COMBINACOES DE ANTI INFLAMATORIOS OFTALMICOS E ANT;DUODEX GEO;GEOLAB
C09A INIBIDORES ACE PUROS;ENALAPRIL GEO;GEOLAB
A03D ASSOCIACOES COM ANALGESICOS;ESPASLIT DUO GEO;GEOLAB
C03A DIURETICOS;ESPIRONOLACTONA GEO;GEOLAB
N06D NOOTROPICOS;FITO BILOBA GEO;GEOLAB
C04A VASOTERAPIA CEREBRAL E PERIFERICA;FITOBILOBA GEO;GEOLAB
N06D NOOTROPICOS;FITOBILOBA GEO;GEOLAB
M03B RELAXANTES MUSCULARES ACAO CENTRAL;FLEXALGIN GEO;GEOLAB
J02A AGENTES ANTIMICOTICOS SISTEMICOS EXCLUINDO GRISEOF;FLUCANIL GEO;GEOLAB
J02A AGENTES ANTIMICOTICOS SISTEMICOS EXCLUINDO GRISEOF;FLUCONAZOL GEO;GEOLAB
R05C EXPECTORANTES;FLUISOLVAN GEO;GEOLAB
S02C ASSOCIACOES DE ANTINFECCIOSOS E CORTICOIDES;FLUOCINOLONA ACET POLIMIXINA B NEOM LIDOC GEO;GEOLAB
N06A A DEPRESSIVOS E REGUL DE HUMOR;FLUOXETINA GEO;GEOLAB
C03A DIURETICOS;FUROSEMIDA GEO;GEOLAB
A05B PRODUTOS PARA DOENCAS DO FIGADO HEPATOPROTETORES;GEOLAB;GEOLAB
A02A ANTIACIDOS ANTIFISETICOS;GEOLAB GEO;GEOLAB
A10J BIGUANIDA A DIABETICOS;GEOLAB GEO;GEOLAB
C09C ANTAGONISTAS DE LA ANGIOTENSINA II PUROS;GEOLAB GEO;GEOLAB
M01A ANTI REUMATICOS SEM ESTEROIDES;GEOLAB GEO;GEOLAB
N02B NAO NARCOTICOS ANTIPIRETICOS;GEOLAB GEO;GEOLAB
N03A ANTICONVULSIVANTES;GEOLAB GEO;GEOLAB
N05A ANTIPSICOTICOS;GEOLAB GEO;GEOLAB
N06A A DEPRESSIVOS E REGUL DE HUMOR;GEOLAB GEO;GEOLAB
P01B ANTIHELMINTICOS EXCETO OS ESQUISTOSOMICIDAS;GEOLAB GEO;GEOLAB
R05A ANTIGRIPAIS EXCLUINDO ANTINFECCIOSOS;GEOLAB GEO;GEOLAB
R06A ANTIHISTAMINICOS SISTEMICOS;GEOLAB GEO;GEOLAB
G01A TRICOMONICIDAS;GINO COLON GEO;GEOLAB
A10H SULFONILOUREIA A DIABETICOS;GLIBENCLAMIDA GEO;GEOLAB
A10H SULFONILOUREIA A DIABETICOS;GLICAMIN GEO;GEOLAB
A10J BIGUANIDA A DIABETICOS;GLICEFOR GEO;GEOLAB
A10H SULFONILOUREIA A DIABETICOS;GLIMEPIRIDA GEO;GEOLAB
N05A ANTIPSICOTICOS;HEMIFUMARATO DE QUETIAPINA GEO;GEOLAB
N05B HIPNOTICOS SEDATIVOS;HEMITARTARATO DE ZOLPIDEM GEO;GEOLAB
N07D PRODUTOS ANTI ALZHEIMER;HIDROGENOTARTARATO DE RIVASTIGMINA GEO;GEOLAB
R06A ANTIHISTAMINICOS SISTEMICOS;HYSTALOR GEO;GEOLAB
R06A ANTIHISTAMINICOS SISTEMICOS;HYSTIN GEO;GEOLAB
M01A ANTI REUMATICOS SEM ESTEROIDES;IBUPROFENO GEO;GEOLAB
N02B NAO NARCOTICOS ANTIPIRETICOS;IBUPROFENO GEO;GEOLAB
M01A ANTI REUMATICOS SEM ESTEROIDES;IBUVIX GEO;GEOLAB
N02B NAO NARCOTICOS ANTIPIRETICOS;IBUVIX GEO;GEOLAB
C03A DIURETICOS;INDAPAMIDA GEO;GEOLAB
J02A AGENTES ANTIMICOTICOS SISTEMICOS EXCLUINDO GRISEOF;ITRACONAZOL GEO;GEOLAB
P03A ECTOPARASITICIDAS INCL ESCAB;KAODINE GEO;GEOLAB
N03A ANTICONVULSIVANTES;LAMOTRIGINA GEO;GEOLAB
A02B ANTIULCEROSOS;LANZOPEPT GEO;GEOLAB
S01E MIOTICOS E PRAPARADOS ANTIGLAUCOMA;LATANOPROSTA COLIRIO GEO;GEOLAB
S01E MIOTICOS E PRAPARADOS ANTIGLAUCOMA;LATANOPROSTA GEO;GEOLAB
S01E MIOTICOS E PRAPARADOS ANTIGLAUCOMA;LATANOPROSTA TIMOLOL COLIRIO GEO;GEOLAB
J01G FLUOROQUINOLONAS;LEVOFLOXACINO GEO;GEOLAB
R06A ANTIHISTAMINICOS SISTEMICOS;LORATADINA GEO;GEOLAB
R06A ANTIHISTAMINICOS SISTEMICOS;LORATADINA XAROPE GEO;GEOLAB
R06A ANTIHISTAMINICOS SISTEMICOS;LORITIL GEO;GEOLAB
C09C ANTAGONISTAS DE LA ANGIOTENSINA II PUROS;LOSARTANA GEO;GEOLAB
C09D ANTAGONISTAS DE LA ANGIOTENSINA II COMBINADOS;LOSARTANA HIDROCLOROTIAZIDA GEO;GEOLAB
H02B ASSOCIACOES CORTICOSTEROIDES SISTEMICOS;MAL DEXCLO BETA XAROPE GEO;GEOLAB
S01C COMBINACOES DE ANTI INFLAMATORIOS OFTALMICOS E ANT;MAXIVIEW GEO;GEOLAB
C02A ANTIHIPERTENSIVOS NAO HERBACEOS PUROS;MESILATO DE DOXAZOSINA GEO;GEOLAB
G01A TRICOMONICIDAS;METRONIDAZOL GEO;GEOLAB
G01A TRICOMONICIDAS;METRONIDAZOL NISTATINA GEO;GEOLAB
M03B RELAXANTES MUSCULARES ACAO CENTRAL;MIEBRA GEO;GEOLAB
A12A CALCIO;MIRACALCIO GEO;GEOLAB
D01A ANTIMICOTICOS DERMATOLOGICOS;MIZONOL GEO;GEOLAB
R03J ANTI ASMATICOS ANTAGONISTAS DE LEUCOTRIENE;MONTELUCASTE GEO;GEOLAB
J01G FLUOROQUINOLONAS;MOXIFLOXACINO GEO;GEOLAB
S01A ANTINFECCIOSOS;MOXIFLOXACINO GEO;GEOLAB
M01A ANTI REUMATICOS SEM ESTEROIDES;NISOFLAN GEO;GEOLAB
G01B ANTIMICOTICOS GINECOLOGICOS;NISTATINA GEO;GEOLAB
G01B ANTIMICOTICOS GINECOLOGICOS;NISTRAZIN GEO;GEOLAB
D01A ANTIMICOTICOS DERMATOLOGICOS;NITRA MICONA CR GEO;GEOLAB
G01B ANTIMICOTICOS GINECOLOGICOS;NITRA MICONAZOL GEO;GEOLAB
J01G FLUOROQUINOLONAS;NORFLOXACINO GEO;GEOLAB
S01G PREPARADOS PARA O TRATAMENTO DE CONJUNTIVITES NAO;OCUTIL GEO;GEOLAB
S01A ANTINFECCIOSOS;OFTALMOX GEO;GEOLAB
N05A ANTIPSICOTICOS;OLANZAPINA GEO;GEOLAB
C09C ANTAGONISTAS DE LA ANGIOTENSINA II PUROS;OLMESARTANA GEO;GEOLAB
A02B ANTIULCEROSOS;OMENAX GEO;GEOLAB
A02B ANTIULCEROSOS;OMEPRAZOL GEO;GEOLAB
A01A ESTOMATOLOGICOS;ONCICREM A GEO;GEOLAB
A04A ANTIEMETICOS E ANTINAUSEOSOS;ONDRAU GEO;GEOLAB
S01R ANTIINFLAMATORIOS OFTALMOLOGICOS NAO ESTEROIDES;OPTILAR GEO;GEOLAB
S02C ASSOCIACOES DE ANTINFECCIOSOS E CORTICOIDES;OTOSYLASE GEO;GEOLAB
N06A A DEPRESSIVOS E REGUL DE HUMOR;OXALATO DE ESCITALOPRAM GEO;GEOLAB
M03B RELAXANTES MUSCULARES ACAO CENTRAL;PARACETAMOL CARISOPRODOL DICLOFENACO CAFEINA GEO;GEOLAB
N02A ANALGESICOS NARCOTICOS;PARACETAMOL FOSF DE CODEINA GEO;GEOLAB
N02B NAO NARCOTICOS ANTIPIRETICOS;PARACETAMOL GEO;GEOLAB
C07A AGENTES BETA BLOQUEADORES PUROS;POLOL GEO;GEOLAB
M01A ANTI REUMATICOS SEM ESTEROIDES;POLTAX GEO;GEOLAB
S01B CORTICOIDES;PREDNISOLONA GEO;GEOLAB
S01B CORTICOIDES;PREDOPTIC GEO;GEOLAB
N03A ANTICONVULSIVANTES;PREGABALINA GEO;GEOLAB
C09A INIBIDORES ACE PUROS;PRYLTEC GEO;GEOLAB
C09C ANTAGONISTAS DE LA ANGIOTENSINA II PUROS;PRYLTEC GEO;GEOLAB
N05A ANTIPSICOTICOS;QUETIBUX GEO;GEOLAB
R05A ANTIGRIPAIS EXCLUINDO ANTINFECCIOSOS;RESFRILIV GEO;GEOLAB
N05A ANTIPSICOTICOS;RISPERIDONA GEO;GEOLAB
N07D PRODUTOS ANTI ALZHEIMER;RIVASTIGMINA GEO;GEOLAB
C10A PREPARADOS PARA REGULACAO COLESTEROL E TRIGLICERID;ROSUVASTATINA CALCICA GEO;GEOLAB
B01C INIBIDORES DA AGREGACAO PLAQUETARIA;SALIPIRIN GEO;GEOLAB
S01K PRODUTOS PARA OLHO SECO;SENSILACRI GEO;GEOLAB
A02A ANTIACIDOS ANTIFISETICOS;SIMETICONA GEO;GEOLAB
M01A ANTI REUMATICOS SEM ESTEROIDES;SODIX GEO;GEOLAB
R01A PREPARACOES NASAIS TOPICAS;SONARIN GEO;GEOLAB
A02A ANTIACIDOS ANTIFISETICOS;STOMALIV GEO;GEOLAB
R03A AGONISTAS BETA 2;SULF SALBUTAMOL XAROPE GEO;GEOLAB
G04E PRODUTOS PARA DISFUNCAO ERETIL;TADALAFILA GEO;GEOLAB
S01E MIOTICOS E PRAPARADOS ANTIGLAUCOMA;TARTARATO DE BRIMONIDINA COLIRIO GEO;GEOLAB
G04C PRODUTOS PARA HIPERPLASIA PROSTATICA BENIGNA HPB;TASULIL GEO;GEOLAB
C07A AGENTES BETA BLOQUEADORES PUROS;TELOL GEO;GEOLAB
M01A ANTI REUMATICOS SEM ESTEROIDES;TENOXICAM GEO;GEOLAB
G01A TRICOMONICIDAS;TINIDAZOL NITRATO DE MICONAZOL GEO;GEOLAB
G01A TRICOMONICIDAS;TININ GEO;GEOLAB
G01A TRICOMONICIDAS;TIOCO TINIDAZOL;GEOLAB
M01A ANTI REUMATICOS SEM ESTEROIDES;TITENIL GEO;GEOLAB
S01A ANTINFECCIOSOS;TOBRAMICINA COLIRIO GEO;GEOLAB
S01E MIOTICOS E PRAPARADOS ANTIGLAUCOMA;TRAVOPROSTA;GEOLAB
S01E MIOTICOS E PRAPARADOS ANTIGLAUCOMA;TRAVOPROSTA COLIRIO GEO;GEOLAB
S01E MIOTICOS E PRAPARADOS ANTIGLAUCOMA;TRAVOPTIC GEO;GEOLAB
D11A OUTRAS PREPARACOES DERMATOLOGICAS INCL XAMPUS MED;TRAXONOL GEO;GEOLAB
J02A AGENTES ANTIMICOTICOS SISTEMICOS EXCLUINDO GRISEOF;TRAXONOL GEO;GEOLAB
G01A TRICOMONICIDAS;TRINODAZOL GEO;GEOLAB
S01R ANTIINFLAMATORIOS OFTALMOLOGICOS NAO ESTEROIDES;TROMETAMOL CETOROLACO COLIRIO GEO;GEOLAB
S01R ANTIINFLAMATORIOS OFTALMOLOGICOS NAO ESTEROIDES;TROMETAMOL CETOROLACO GEO;GEOLAB
N02B NAO NARCOTICOS ANTIPIRETICOS;TYLALGIN CAF GEO;GEOLAB
N02B NAO NARCOTICOS ANTIPIRETICOS;TYLALGIN GEO;GEOLAB
R03J ANTI ASMATICOS ANTAGONISTAS DE LEUCOTRIENE;UNIAIR GEO;GEOLAB
N05B HIPNOTICOS SEDATIVOS;VALYANNE GEO;GEOLAB
S01B CORTICOIDES;VISIOPRED GEO;GEOLAB
S01E MIOTICOS E PRAPARADOS ANTIGLAUCOMA;VISOPTIC GEO;GEOLAB
S01E MIOTICOS E PRAPARADOS ANTIGLAUCOMA;XALANOFT GBI;GEOLAB
S01E MIOTICOS E PRAPARADOS ANTIGLAUCOMA;XALANOFT GEO;GEOLAB
D01A ANTIMICOTICOS DERMATOLOGICOS;ZOLMICOL GEO;GEOLAB
A07F MICROORGANISMOS ANTIDIARREICOS;BIOVICERIN GEY;GEYER MEDICAMENTOS
A07F MICROORGANISMOS ANTIDIARREICOS;GEYER GEY;GEYER MEDICAMENTOS
L01G ANTICORPOS MONOCLONAIS ANTINEOPLASICOS;TRODELVY;GILEAD SCIENCES
J05B OUTROS ANTIVIRAIS;TRUVADA;GILEAD SCIENCES
L02B ANTAGONISTAS DE HORMONIOS CITOSTATICOS;ACETATO DE ABIRATERONA GLE;GLENMARK
R03A AGONISTAS BETA 2;AEROGOLD GLE;GLENMARK
R03D CORTICOIDES;AILUK GLE;GLENMARK
M03B RELAXANTES MUSCULARES ACAO CENTRAL;ALGI TANDERIL;GLENMARK
C10A PREPARADOS PARA REGULACAO COLESTEROL E TRIGLICERID;BEZAFIBRATO GLE;GLENMARK
C10A PREPARADOS PARA REGULACAO COLESTEROL E TRIGLICERID;CEDUR GLE;GLENMARK
G01B ANTIMICOTICOS GINECOLOGICOS;CLOTRIGEL GLE;GLENMARK
R03F AGONISTAS BETA 2 E CORTICOIDES COMBINADO;COMBIWAVE GLE;GLENMARK
R06A ANTIHISTAMINICOS SISTEMICOS;DICLOR DE LEVOCETIRIZINA GLE;GLENMARK
R06A ANTIHISTAMINICOS SISTEMICOS;DICLOR DE LEVOCETIRIZINA MONTELUCASTE GLE;GLENMARK
R01A PREPARACOES NASAIS TOPICAS;DIPR DE BECLOMETASONA GLE;GLENMARK
R03H INIBIDORES DA PDE4 PARA ASMA E DPOC;EKLIRA GENUAIR GLE;GLENMARK
R01A PREPARACOES NASAIS TOPICAS;FUROATMOMETASO GLE;GLENMARK
C10A PREPARADOS PARA REGULACAO COLESTEROL E TRIGLICERID;GLENMARK GLE;GLENMARK
R03F AGONISTAS BETA 2 E CORTICOIDES COMBINADO;GLENMARK GLE;GLENMARK
R06A ANTIHISTAMINICOS SISTEMICOS;LEVOLUKAST GLE;GLENMARK
R01A PREPARACOES NASAIS TOPICAS;MOMATE GLE;GLENMARK
R03F AGONISTAS BETA 2 E CORTICOIDES COMBINADO;SALMETE FLUTICA GLE;GLENMARK
R03A AGONISTAS BETA 2;SUL DE SALBUTAMOL GLE;GLENMARK
G03A CONTRACEPTIVOS HORMONAIS SISTEMICOS;UNO CICLO GLE;GLENMARK
R06A ANTIHISTAMINICOS SISTEMICOS;VOCETY GLE;GLENMARK
L01H ANTINEOPLASICOS INIBIDORES DA PROTEINA QUINASE;FAST MEDICAMENTOS GLS;GLOBAL MEDICAMENTOS
R02A PREPARACOES PARA GARGANTA;GLOBO PHARMA;GLOBO PHARMA
A12A CALCIO;GOLD VITAM;GOLD VITAM
A12C OUTROS SUPLEMENTOS MINERAIS;GOLD VITAM;GOLD VITAM
R05C EXPECTORANTES;GOLD VITAM;GOLD VITAM
A12C OUTROS SUPLEMENTOS MINERAIS;ARTRO BALANCE;GOMES SUPLEMENTOS ALIMENTARES LTDA
A12A CALCIO;CITROCAL;GOMES SUPLEMENTOS ALIMENTARES LTDA
A12C OUTROS SUPLEMENTOS MINERAIS;ESSENCE ALL;GOMES SUPLEMENTOS ALIMENTARES LTDA
R05C EXPECTORANTES;ESSENCE ALL;GOMES SUPLEMENTOS ALIMENTARES LTDA
A12C OUTROS SUPLEMENTOS MINERAIS;GOOD VIT;GOMES SUPLEMENTOS ALIMENTARES LTDA
R05C EXPECTORANTES;GOOD VIT;GOMES SUPLEMENTOS ALIMENTARES LTDA
D02A EMOLIENTES E PROTETORES;ADV GPZ;GPZ
N02B NAO NARCOTICOS ANTIPIRETICOS;GREEN GRN;GREEN IND. E COM. DE HIGIENE
A07G REPOSITORES ELECTROLITICOS ORAIS;REIDRAT GNN;GREEN NUTRITION
N03A ANTICONVULSIVANTES;CANABIDIOL GRC;GREENCARE
N07X TODAS OUTRAS DROGAS PARA SNC;CANNABIS GRC;GREENCARE
N03A ANTICONVULSIVANTES;GREEN CARE GRC;GREENCARE
D07A CORTICOIDES TOPICOS PUROS;DEXAGREEN GRP;GREENPHARMA
C01A GLICOSIDEOS CARDIACOS E ASSOCIACOES;DIGITAX GRP;GREENPHARMA
N02B NAO NARCOTICOS ANTIPIRETICOS;DIPIRONA GRP;GREENPHARMA
N02B NAO NARCOTICOS ANTIPIRETICOS;PARACETAMOL GRP;GREENPHARMA
R05B ANTIGRIPAIS C ANTIINFECCIOSOS;GREENSPRAY GSP;GREENSPRAY
M02A ANTIREUMATICOS TOPICOS COM ANALGESICOS;GRIFFUS GRI;GRIFFUS
A10S AGONISTAS GLP 1;ADEFORTE GRO;GROSS
N07X TODAS OUTRAS DROGAS PARA SNC;ETNA GRO;GROSS
B03A HEMATINICOS FERRO E TODAS AS ASSOCIACOES;FERROFACIL GRO;GROSS
C09C ANTAGONISTAS DE LA ANGIOTENSINA II PUROS;GROSS GRO;GROSS
M01A ANTI REUMATICOS SEM ESTEROIDES;GROSS GRO;GROSS
N07X TODAS OUTRAS DROGAS PARA SNC;GROSS GRO;GROSS
C03A DIURETICOS;HIDRION GRO;GROSS
G04A ANTISSEPTICOS E ANTINFECCIOSOS URINARIOS;SEPURIN GRO;GROSS
G04C PRODUTOS PARA HIPERPLASIA PROSTATICA BENIGNA HPB;SEPURIN GRO;GROSS
M01A ANTI REUMATICOS SEM ESTEROIDES;ADORLAN GRU;GRUNENTHAL
G03A CONTRACEPTIVOS HORMONAIS SISTEMICOS;BELARA GRU;GRUNENTHAL
G03A CONTRACEPTIVOS HORMONAIS SISTEMICOS;BELARINA GRU;GRUNENTHAL
G03A CONTRACEPTIVOS HORMONAIS SISTEMICOS;GRUNENTHAL GRU;GRUNENTHAL
M01A ANTI REUMATICOS SEM ESTEROIDES;GRUNENTHAL GRU;GRUNENTHAL
M01A ANTI REUMATICOS SEM ESTEROIDES;HETORI GRU;GRUNENTHAL
G03A CONTRACEPTIVOS HORMONAIS SISTEMICOS;NUVARING GRU;GRUNENTHAL
N02A ANALGESICOS NARCOTICOS;PALEXIS GRU;GRUNENTHAL
N01B ANESTESICOS LOCAIS EXCLUINDO DERMATOLOGICOS;TOPERMA GRU;GRUNENTHAL
M01A ANTI REUMATICOS SEM ESTEROIDES;TRAMAL GRU;GRUNENTHAL
N02A ANALGESICOS NARCOTICOS;TRAMAL GRU;GRUNENTHAL
N02A ANALGESICOS NARCOTICOS;TRANSTEC GRU;GRUNENTHAL
N02C CONTRA ENXAQUECA;ZOMIG GRU;GRUNENTHAL
J05C ANTIVIRAIS PARA HIV;BINAV BVR;GRUPO BLANVER
P01B ANTIHELMINTICOS EXCETO OS ESQUISTOSOMICIDAS;BINAV BVR;GRUPO BLANVER
G03J MODULAD SELETIVOS DOS RECEPT DO ESTROGENIO;CLOR DE RALOXIFENO BVR;GRUPO BLANVER
N05A ANTIPSICOTICOS;EQUILID BVR;GRUPO BLANVER
N05A ANTIPSICOTICOS;EQUILIDC BVR;GRUPO BLANVER
R02A PREPARACOES PARA GARGANTA;FLOFORAL;GRUPO BOTICARIO
A11A POLIVITAMINICOS COM MINERAIS;TRUSS;GRUPO BOTICARIO
A06A DROGAS PARA A CONSTIPACAO;EVER CARE;GRUPO DPSP LAB
M02A ANTIREUMATICOS TOPICOS COM ANALGESICOS;EVER CARE;GRUPO DPSP LAB
R01A PREPARACOES NASAIS TOPICAS;EVER CARE;GRUPO DPSP LAB
D10A PREPARACOES ANTIACNE TOPICOS;EVER YOU DPS;GRUPO DPSP LAB
M02A ANTIREUMATICOS TOPICOS COM ANALGESICOS;LIBRESSE;GRUPO ESSITY
A12C OUTROS SUPLEMENTOS MINERAIS;KATIGUA;GRUPO NATUBELL
A12C OUTROS SUPLEMENTOS MINERAIS;KATIGUA NTL;GRUPO NATUBELL
A09A DIGESTIVOS INCLUIDO ENZIMAS;GLUTRION;GRUPO PANVEL
R02A PREPARACOES PARA GARGANTA;NUTRABEM PVL;GRUPO PANVEL
A02A ANTIACIDOS ANTIFISETICOS;PANVEL;GRUPO PANVEL
A05B PRODUTOS PARA DOENCAS DO FIGADO HEPATOPROTETORES;PANVEL;GRUPO PANVEL
A06A DROGAS PARA A CONSTIPACAO;PANVEL;GRUPO PANVEL
A07F MICROORGANISMOS ANTIDIARREICOS;PANVEL;GRUPO PANVEL
A09A DIGESTIVOS INCLUIDO ENZIMAS;PANVEL;GRUPO PANVEL
A10S AGONISTAS GLP 1;PANVEL;GRUPO PANVEL
D11A OUTRAS PREPARACOES DERMATOLOGICAS INCL XAMPUS MED;PANVEL;GRUPO PANVEL
J07D VACINAS BACTERIANAS;PANVEL;GRUPO PANVEL
J07E VACINAS VIRAIS;PANVEL;GRUPO PANVEL
M01A ANTI REUMATICOS SEM ESTEROIDES;PANVEL;GRUPO PANVEL
M02A ANTIREUMATICOS TOPICOS COM ANALGESICOS;PANVEL;GRUPO PANVEL
R01A PREPARACOES NASAIS TOPICAS;PANVEL;GRUPO PANVEL
R02A PREPARACOES PARA GARGANTA;PANVEL;GRUPO PANVEL
R04A UNGUENTOS PERCUTANEOS E OUTROS INALANTES;PANVEL;GRUPO PANVEL
R05B ANTIGRIPAIS C ANTIINFECCIOSOS;PANVEL;GRUPO PANVEL
R05C EXPECTORANTES;PANVEL;GRUPO PANVEL
A11A POLIVITAMINICOS COM MINERAIS;PANVEL PVL;GRUPO PANVEL
A12A CALCIO;PANVEL VITA;GRUPO PANVEL
J02A AGENTES ANTIMICOTICOS SISTEMICOS EXCLUINDO GRISEOF;VORICONAZOL PVL;GRUPO PANVEL
A07G REPOSITORES ELECTROLITICOS ORAIS;TNT;GRUPO PETROPOLIS
R03A AGONISTAS BETA 2;AEROLIN GSK;GSK
J01C PENICILINAS DE AMPLO ESPECTRO;AMOXIL GSK;GSK
R03L ANTICOLINERGICOS COM AGONISTAS B2;ANORO GSK;GSK
J07E VACINAS VIRAIS;AREXVY GSK;GSK
N06A A DEPRESSIVOS E REGUL DE HUMOR;AROPAX GSK;GSK
R01A PREPARACOES NASAIS TOPICAS;AVAMYS GSK;GSK
G04C PRODUTOS PARA HIPERPLASIA PROSTATICA BENIGNA HPB;AVODART GSK;GSK
D06A ANTIBACTERIANOS TOPICOS;BACTROBAN GSK;GSK
R01A PREPARACOES NASAIS TOPICAS;BECLOSOL GSK;GSK
A06A DROGAS PARA A CONSTIPACAO;BENEFIBER GSK;GSK
L04X OUTROS IMUNOSSUPRESORES;BENLYSTA GSK;GSK
D07A CORTICOIDES TOPICOS PUROS;BETNOVATE GSK;GSK
D07B ASSOCIACOES DE CORTICOIDES;BETNOVATE GSK;GSK
J07D VACINAS BACTERIANAS;BEXSERO GSK;GSK
J01C PENICILINAS DE AMPLO ESPECTRO;CLAVULIN GSK;GSK
D10A PREPARACOES ANTIACNE TOPICOS;CLINDOXYL GSK;GSK
G04C PRODUTOS PARA HIPERPLASIA PROSTATICA BENIGNA HPB;COMBODART GSK;GSK
C01A GLICOSIDEOS CARDIACOS E ASSOCIACOES;DIGOXINA GSK;GSK
R01A PREPARACOES NASAIS TOPICAS;FLIXONASE GSK;GSK
R03D CORTICOIDES;FLIXOTIDE GSK;GSK
J07E VACINAS VIRAIS;FLUARIX TETRA GSK;GSK
D07A CORTICOIDES TOPICOS PUROS;FLUTIVATE GSK;GSK
D07B ASSOCIACOES DE CORTICOIDES;FLUTIVATE GSK;GSK
L04X OUTROS IMUNOSSUPRESORES;IMURAN GSK;GSK
J07B COMBINACOES DE VACINAS;INFANRIX PENTA GSK;GSK
L01X OUTROS ANTINEOPLASICOS;JEMPERLI GSK;GSK
C08A ANTAGONISTAS DO CALCIO PUROS;LACIPIL GSK;GSK
N03A ANTICONVULSIVANTES;LAMICTAL GSK;GSK
A06A DROGAS PARA A CONSTIPACAO;LEITE DE MAGNESIA GSK;GSK
J07D VACINAS BACTERIANAS;MENVEO GSK;GSK
R01A PREPARACOES NASAIS TOPICAS;NASOCLEAN GSK;GSK
P03A ECTOPARASITICIDAS INCL ESCAB;NEDAX;GSK
S01R ANTIINFLAMATORIOS OFTALMOLOGICOS NAO ESTEROIDES;NUCALA GSK;GSK
L04X OUTROS IMUNOSSUPRESORES;OJJAARA GSK;GSK
N06A A DEPRESSIVOS E REGUL DE HUMOR;PARNATE GSK;GSK
N06A A DEPRESSIVOS E REGUL DE HUMOR;PAXIL GSK;GSK
D07A CORTICOIDES TOPICOS PUROS;PSOREX GSK;GSK
J07B COMBINACOES DE VACINAS;REFORTRIX GSK;GSK
R03F AGONISTAS BETA 2 E CORTICOIDES COMBINADO;RELVAR ELLIPTA GSK;GSK
A02A ANTIACIDOS ANTIFISETICOS;SAL DE ENO GSK;GSK
R03F AGONISTAS BETA 2 E CORTICOIDES COMBINADO;SALMETE FLUTICA GSK;GSK
R03F AGONISTAS BETA 2 E CORTICOIDES COMBINADO;SERETIDE GSK;GSK
J07E VACINAS VIRAIS;SHINGRIX GSK;GSK
N02B NAO NARCOTICOS ANTIPIRETICOS;SONRISAL GSK;GSK
N05A ANTIPSICOTICOS;STELAZINE GSK;GSK
G04C PRODUTOS PARA HIPERPLASIA PROSTATICA BENIGNA HPB;TANSUDART GSK;GSK
R03L ANTICOLINERGICOS COM AGONISTAS B2;TRELEGY GSK;GSK
J07E VACINAS VIRAIS;TWINRIX GSK;GSK
J05B OUTROS ANTIVIRAIS;VALTREX GSK;GSK
R03K ANTICOLINERGICOS SIMPLES;VANISTO GSK;GSK
D10A PREPARACOES ANTIACNE TOPICOS;VITANOL A GSK;GSK
C06B PRODUTOS PARA HIPERTENSAO ARTERIAL PULMONAR;VOLIBRIS GSK;GSK
N06A A DEPRESSIVOS E REGUL DE HUMOR;WELLBUTRIN GSK;GSK
L01L ANTINEOPLASICOS INIBIDORES DE PARP;ZEJULA GSK;GSK
P01B ANTIHELMINTICOS EXCETO OS ESQUISTOSOMICIDAS;ZENTEL GSK;GSK
D06D PRODUTOS PARA INFECOES VIRAIS;ZOVIRAX GSK;GSK
J05B OUTROS ANTIVIRAIS;ZOVIRAX GSK;GSK
R06A ANTIHISTAMINICOS SISTEMICOS;ZYRTEC GSK;GSK
J07D VACINAS BACTERIANAS;ZZVAC GSK;GSK
J07E VACINAS VIRAIS;ZZVAC GSK;GSK
R05C EXPECTORANTES;GUARACAMP GUA;GUARACAMP
R02A PREPARACOES PARA GARGANTA;NATUSPRAY GZT;GZT COM. IMP. S.A
A07H INIBIDORES DA MOTILIDADE;ENTEROSEC;H B FARMA
G02X OTROS PRODUTOS GINECOLOGICOS;ADVIL HAL;HALEON
M01A ANTI REUMATICOS SEM ESTEROIDES;ADVIL HAL;HALEON
N02B NAO NARCOTICOS ANTIPIRETICOS;ADVIL HAL;HALEON
M02A ANTIREUMATICOS TOPICOS COM ANALGESICOS;ADVIPRO HAL;HALEON
A02A ANTIACIDOS ANTIFISETICOS;ANDREWS HAL;HALEON
A12A CALCIO;CALTRATE HAL;HALEON
A01A ESTOMATOLOGICOS;COREGA HAL;HALEON
A02A ANTIACIDOS ANTIFISETICOS;ENO HAL;HALEON
A07F MICROORGANISMOS ANTIDIARREICOS;ENO HAL;HALEON
A06A DROGAS PARA A CONSTIPACAO;ENOMAGNO HAL;HALEON
A02A ANTIACIDOS ANTIFISETICOS;SAL DE ANDREWS;HALEON
A02A ANTIACIDOS ANTIFISETICOS;SAL DE ANDREWS HAL;HALEON
A02A ANTIACIDOS ANTIFISETICOS;SAL DE FRUTA ENO HAL;HALEON
A02A ANTIACIDOS ANTIFISETICOS;SONRIDOR GSK;HALEON
N02B NAO NARCOTICOS ANTIPIRETICOS;SONRIDOR GSK;HALEON
N02B NAO NARCOTICOS ANTIPIRETICOS;SONRIDOR SRD;HALEON
K01F SOLUCOES PARA TERAPIA OSMOTICA;MANITOL HLX;HALEX ISTAR
J08B ANAEROBICIDAS;METRONIDAZOL HLX;HALEX ISTAR
S01L PREPARADOS PARA USO COM LENTES DE CONTATO;LENTE HBB;HB
R05C EXPECTORANTES;ACETILCISTEINA HEL;HEALTH LABS
R05C EXPECTORANTES;FLUXSIM HEL;HEALTH LABS
A07G REPOSITORES ELECTROLITICOS ORAIS;HEALTH LABS;HEALTH LABS
A11D VITAMINA B1 E ASSOCIACOES;HEALTH LABS;HEALTH LABS
A12C OUTROS SUPLEMENTOS MINERAIS;HEALTH LABS;HEALTH LABS
A12C OUTROS SUPLEMENTOS MINERAIS;HEALTHLABS HEL;HEALTH LABS
G04E PRODUTOS PARA DISFUNCAO ERETIL;HEALTHLABS HEL;HEALTH LABS
A07G REPOSITORES ELECTROLITICOS ORAIS;HIDRAHEALTH HEL;HEALTH LABS
A12C OUTROS SUPLEMENTOS MINERAIS;MAGNESIO INOSITOL;HEALTH LABS
A12C OUTROS SUPLEMENTOS MINERAIS;MAGSETE;HEALTH LABS
H04X OUTRAS HORMONIOS E PREPARACAO COM ACOES SIMILARES;MELATONINA HEL;HEALTH LABS
R05C EXPECTORANTES;NAC HEL;HEALTH LABS
A01A ESTOMATOLOGICOS;DORDENTE HEA;HEARST LABORATORIOS DO BRASIL LTDA
A12C OUTROS SUPLEMENTOS MINERAIS;BLACKSKULL HSN;HEAVY SPORTS NUTRITION
R02A PREPARACOES PARA GARGANTA;BROMELIN HEB;HEBRON
R05C EXPECTORANTES;BROMELIN HEB;HEBRON
N02A ANALGESICOS NARCOTICOS;ENDORUS HEB;HEBRON
A07F MICROORGANISMOS ANTIDIARREICOS;FLORAX HEB;HEBRON
A07G REPOSITORES ELECTROLITICOS ORAIS;FLORAX HEB;HEBRON
G03X OUT HORMONIOS SEXUAIS E PRODS SIMILARES;GAMAX HEB;HEBRON
A02B ANTIULCEROSOS;HEBRON;HEBRON
A02B ANTIULCEROSOS;HEBRON HEB;HEBRON
A07F MICROORGANISMOS ANTIDIARREICOS;HEBRON HEB;HEBRON
G02X OTROS PRODUTOS GINECOLOGICOS;HIZOFITO HEB;HEBRON
L03A AGENTES IMUNOESTIMULANTES EXCL INTERFERON;IMUNOGLUCAN HEB;HEBRON
A02B ANTIULCEROSOS;KIOS HEB;HEBRON
G02X OTROS PRODUTOS GINECOLOGICOS;KRONEL HEB;HEBRON
M02A ANTIREUMATICOS TOPICOS COM ANALGESICOS;ZICLAGUE HEB;HEBRON
M02A ANTIREUMATICOS TOPICOS COM ANALGESICOS;HEDERA HED;HEDERA
M02A ANTIREUMATICOS TOPICOS COM ANALGESICOS;TRAUMEEL HEE;HEEL DO BRASIL
M05X OUTROS PRODUTOS SISTEMA MUSCULO ESQUELETICO;TRAUMEEL HEE;HEEL DO BRASIL
N07C OUTROS MEDICAMENTOS ANTIVERTIGINOSOS;VERTIGOHEEL HEE;HEEL DO BRASIL
M05X OUTROS PRODUTOS SISTEMA MUSCULO ESQUELETICO;ZEEL HEE;HEEL DO BRASIL
L01X OUTROS ANTINEOPLASICOS;HELAVEN HEL;HELAVEN
G03A CONTRACEPTIVOS HORMONAIS SISTEMICOS;HEMAFARMA;HEMAFARMA
R05F OUTROS ANTITUSSIGENOS E ANTIGRIPAIS;HEMAFARMA;HEMAFARMA
A05A PRODUTOS PARA DISTURBIOS DO TRATO BILIAR;PRANFIGALDO HEN;HENFER LTDA
A05B PRODUTOS PARA DOENCAS DO FIGADO HEPATOPROTETORES;HEPANEW;HEPANEW
A07G REPOSITORES ELECTROLITICOS ORAIS;REYDRAT HRP;HERA PHARMACEUTICA
A12C OUTROS SUPLEMENTOS MINERAIS;AMARGOMIX HMD;HERBAMED
M02A ANTIREUMATICOS TOPICOS COM ANALGESICOS;BALSAMO SUPREMO;HERBAMED
R05C EXPECTORANTES;CISTEIN HMD;HERBAMED
A12A CALCIO;DOLOMITA HEM;HERBAMED
A12C OUTROS SUPLEMENTOS MINERAIS;FLEXIGOLD HMD;HERBAMED
M05X OUTROS PRODUTOS SISTEMA MUSCULO ESQUELETICO;FLEXIGOLD HMD;HERBAMED
R05C EXPECTORANTES;FLUIMULIV HMD;HERBAMED
A05A PRODUTOS PARA DISTURBIOS DO TRATO BILIAR;HERBAMED HMD;HERBAMED
N05B HIPNOTICOS SEDATIVOS;SERENIZZ HMD;HERBAMED
A07F MICROORGANISMOS ANTIDIARREICOS;AMORA MIURA;HERBANATUS
A05A PRODUTOS PARA DISTURBIOS DO TRATO BILIAR;ALCACHOFRA HER;HERBARIUM
G04X OUTROS PRODUTOS UROLOGICOS;ANDROSTEN HER;HERBARIUM
M02A ANTIREUMATICOS TOPICOS COM ANALGESICOS;ARNICA HER;HERBARIUM
N03A ANTICONVULSIVANTES;CANABIDIOL HER;HERBARIUM
G02X OTROS PRODUTOS GINECOLOGICOS;CIMICIFUGA HER;HERBARIUM
G02X OTROS PRODUTOS GINECOLOGICOS;CLIFEMIN HER;HERBARIUM
N06D NOOTROPICOS;COGNITUS HER;HERBARIUM
A02A ANTIACIDOS ANTIFISETICOS;COLICALIV HER;HERBARIUM
M05X OUTROS PRODUTOS SISTEMA MUSCULO ESQUELETICO;GARRADODIABO HER;HERBARIUM
C04A VASOTERAPIA CEREBRAL E PERIFERICA;GINKGO HERBARIUM HER;HERBARIUM
A05A PRODUTOS PARA DISTURBIOS DO TRATO BILIAR;HEBARIUM HER;HERBARIUM
R05C EXPECTORANTES;HEDERA HERBARIUM HER;HERBARIUM
A05A PRODUTOS PARA DISTURBIOS DO TRATO BILIAR;HERBARIUM HER;HERBARIUM
N03A ANTICONVULSIVANTES;HERBARIUM HER;HERBARIUM
N05B HIPNOTICOS SEDATIVOS;HERBARIUM HER;HERBARIUM
N06A A DEPRESSIVOS E REGUL DE HUMOR;HERBARIUM HER;HERBARIUM
N06D NOOTROPICOS;HERBARIUM HER;HERBARIUM
R01A PREPARACOES NASAIS TOPICAS;HERBARIUM HER;HERBARIUM
R02A PREPARACOES PARA GARGANTA;HERBARIUM HER;HERBARIUM
R05C EXPECTORANTES;HERBARIUM HER;HERBARIUM
N06A A DEPRESSIVOS E REGUL DE HUMOR;HIPERICO HER;HERBARIUM
R01A PREPARACOES NASAIS TOPICAS;HIPERSINUS HER;HERBARIUM
G02X OTROS PRODUTOS GINECOLOGICOS;HYALUFEM HER;HERBARIUM
R05C EXPECTORANTES;IMUNOFLAN HER;HERBARIUM
R06A ANTIHISTAMINICOS SISTEMICOS;IMUNOFLAN HER;HERBARIUM
G02X OTROS PRODUTOS GINECOLOGICOS;ISOFLAVINE HER;HERBARIUM
R05A ANTIGRIPAIS EXCLUINDO ANTINFECCIOSOS;KALOBA HER;HERBARIUM
N05C TRANQUILIZANTES;KAVA KAVA HERBARIUM HER;HERBARIUM
A09A DIGESTIVOS INCLUIDO ENZIMAS;LACLEV HER;HERBARIUM
N05B HIPNOTICOS SEDATIVOS;MARACUJA HER;HERBARIUM
R05A ANTIGRIPAIS EXCLUINDO ANTINFECCIOSOS;MELWENZEL HER;HERBARIUM
R05C EXPECTORANTES;MELWENZEL HER;HERBARIUM
N02C CONTRA ENXAQUECA;PETAMIG HER;HERBARIUM
G04C PRODUTOS PARA HIPERPLASIA PROSTATICA BENIGNA HPB;PROSTATAL HER;HERBARIUM
R01A PREPARACOES NASAIS TOPICAS;RINOSPRAY HER;HERBARIUM
A06A DROGAS PARA A CONSTIPACAO;SENE HERBARIUM HER;HERBARIUM
M02A ANTIREUMATICOS TOPICOS COM ANALGESICOS;ALIVIGEN;HERBARO
D01A ANTIMICOTICOS DERMATOLOGICOS;ABC KLE;HERTZ FARMACEUTICA
C05B TERAPIA VARICOSA TOPICA;ARNICA KLE;HERTZ FARMACEUTICA
N02B NAO NARCOTICOS ANTIPIRETICOS;BUPROPIONA KLE;HERTZ FARMACEUTICA
A12A CALCIO;CALCIODEX HEZ;HERTZ FARMACEUTICA
A12A CALCIO;CALCIODEX KLE;HERTZ FARMACEUTICA
D11A OUTRAS PREPARACOES DERMATOLOGICAS INCL XAMPUS MED;CALOTRAT KLE;HERTZ FARMACEUTICA
S01R ANTIINFLAMATORIOS OFTALMOLOGICOS NAO ESTEROIDES;CALOTRAT KLE;HERTZ FARMACEUTICA
S01R ANTIINFLAMATORIOS OFTALMOLOGICOS NAO ESTEROIDES;CLARISKIN KLE;HERTZ FARMACEUTICA
A01A ESTOMATOLOGICOS;DESAFTAN KLE;HERTZ FARMACEUTICA
D08A ANTISSEPTICOS E DESINFETANTES EXCL CURATIVOS MEDIC;EFEDERM KLE;HERTZ FARMACEUTICA
A06A DROGAS PARA A CONSTIPACAO;ENEMED HEZ;HERTZ FARMACEUTICA
A02X OUTROS PRODUTOS PARA DESORDENS DO ESTOMAGO;ENTEROFIGON KLE;HERTZ FARMACEUTICA
A05B PRODUTOS PARA DOENCAS DO FIGADO HEPATOPROTETORES;ENTEROFIGON KLE;HERTZ FARMACEUTICA
N02A ANALGESICOS NARCOTICOS;FERVEX KLE;HERTZ FARMACEUTICA
A07F MICROORGANISMOS ANTIDIARREICOS;FLORABAC KLE;HERTZ FARMACEUTICA
J08X OUTROS ANTIINFECCIOSOS;GALENOGAL KLE;HERTZ FARMACEUTICA
N02A ANALGESICOS NARCOTICOS;GALENOGAL KLE;HERTZ FARMACEUTICA
A02A ANTIACIDOS ANTIFISETICOS;GASTROBION KLE;HERTZ FARMACEUTICA
C04A VASOTERAPIA CEREBRAL E PERIFERICA;GINKOCAPS KLE;HERTZ FARMACEUTICA
R05C EXPECTORANTES;GLYTEOL KLE;HERTZ FARMACEUTICA
A07G REPOSITORES ELECTROLITICOS ORAIS;GUARAMIL KLE;HERTZ FARMACEUTICA
R05C EXPECTORANTES;HEDERAFLUX HEZ;HERTZ FARMACEUTICA
R05C EXPECTORANTES;HEDERAFLUX KLE;HERTZ FARMACEUTICA
A05B PRODUTOS PARA DOENCAS DO FIGADO HEPATOPROTETORES;HEPATILON KLE;HERTZ FARMACEUTICA
C05B TERAPIA VARICOSA TOPICA;HERTZ;HERTZ FARMACEUTICA
D08A ANTISSEPTICOS E DESINFETANTES EXCL CURATIVOS MEDIC;HERTZ KLE;HERTZ FARMACEUTICA
R05C EXPECTORANTES;KLEY HERTZ KLE;HERTZ FARMACEUTICA
R05C EXPECTORANTES;KLEYHERTZ KLE;HERTZ FARMACEUTICA
A09A DIGESTIVOS INCLUIDO ENZIMAS;LACTOCARE KLE;HERTZ FARMACEUTICA
A06A DROGAS PARA A CONSTIPACAO;LAXOLAC KLE;HERTZ FARMACEUTICA
S01E MIOTICOS E PRAPARADOS ANTIGLAUCOMA;OPTOCARE KLE;HERTZ FARMACEUTICA
S01X OUTROS OFTALMOLOGICOS;OPTOCARE KLE;HERTZ FARMACEUTICA
A12A CALCIO;OSSO-PRO;HERTZ FARMACEUTICA
C05C TERAPIA VARICOSA SISTEMICA;PROCTOCAPS KLE;HERTZ FARMACEUTICA
C05A ANTIHEMORROIDARIOS TOPICOS;PROCTOSAN KLE;HERTZ FARMACEUTICA
D08A ANTISSEPTICOS E DESINFETANTES EXCL CURATIVOS MEDIC;PROCTOSAN KLE;HERTZ FARMACEUTICA
M05B REGULADORES DO CALCIO OSSEO;PROLIA KLE;HERTZ FARMACEUTICA
A05B PRODUTOS PARA DOENCAS DO FIGADO HEPATOPROTETORES;PROTEFIGAN HEZ;HERTZ FARMACEUTICA
A06A DROGAS PARA A CONSTIPACAO;RAPILAX KLE;HERTZ FARMACEUTICA
M02A ANTIREUMATICOS TOPICOS COM ANALGESICOS;RELAFLEX KLE;HERTZ FARMACEUTICA
R05A ANTIGRIPAIS EXCLUINDO ANTINFECCIOSOS;RESFENOL HEZ;HERTZ FARMACEUTICA
R05A ANTIGRIPAIS EXCLUINDO ANTINFECCIOSOS;RESFENOL KLE;HERTZ FARMACEUTICA
R01A PREPARACOES NASAIS TOPICAS;RINOSOFT;HERTZ FARMACEUTICA
N03A ANTICONVULSIVANTES;RITMONEURAN KLE;HERTZ FARMACEUTICA
N05B HIPNOTICOS SEDATIVOS;RITMONEURAN KLE;HERTZ FARMACEUTICA
P03A ECTOPARASITICIDAS INCL ESCAB;SANASAR;HERTZ FARMACEUTICA
D11A OUTRAS PREPARACOES DERMATOLOGICAS INCL XAMPUS MED;SANASAR HEZ;HERTZ FARMACEUTICA
P03A ECTOPARASITICIDAS INCL ESCAB;SANASAR HEZ;HERTZ FARMACEUTICA
R02A PREPARACOES PARA GARGANTA;SANILIN KLE;HERTZ FARMACEUTICA
A06A DROGAS PARA A CONSTIPACAO;SENEFLORA KLE;HERTZ FARMACEUTICA
A02A ANTIACIDOS ANTIFISETICOS;SIMETICON KLE;HERTZ FARMACEUTICA
N05B HIPNOTICOS SEDATIVOS;SONOTABS KLE;HERTZ FARMACEUTICA
R05A ANTIGRIPAIS EXCLUINDO ANTINFECCIOSOS;STILGRIP KLE;HERTZ FARMACEUTICA
A11G VITAMINA C INCLUSIVE ASSOCIADA A MINERAIS;SUPRAVIT;HERTZ FARMACEUTICA
A06A DROGAS PARA A CONSTIPACAO;TAMARETI KLE;HERTZ FARMACEUTICA
D01A ANTIMICOTICOS DERMATOLOGICOS;UNHASANA KLE;HERTZ FARMACEUTICA
N04A ANTIPARKINSONIANOS;ZALERV KLE;HERTZ FARMACEUTICA
M02A ANTIREUMATICOS TOPICOS COM ANALGESICOS;ARTIX PRO;HERUSZEUS SUPLEMENTOS
R05C EXPECTORANTES;HERVAS BRASIL HRB;HERVAS BRASIL
C09C ANTAGONISTAS DE LA ANGIOTENSINA II PUROS;HIPERPLUS HIP;HIPERPLUS
C01C ESTIMULANTES CARDIACOS EXCL GLICOSIDEOS CARDIACOS;ADREN HIP;HIPOLABOR
R05C EXPECTORANTES;AMBROXOL HIP;HIPOLABOR
N01B ANESTESICOS LOCAIS EXCLUINDO DERMATOLOGICOS;BUPIVACAINA HIP;HIPOLABOR
A03D ASSOCIACOES COM ANALGESICOS;BUT DE ESCOPOLAMINA DIPIRONA MONOIDRATADA HIP;HIPOLABOR
M01A ANTI REUMATICOS SEM ESTEROIDES;CETOPROFENO HIP;HIPOLABOR
N02A ANALGESICOS NARCOTICOS;CLOR DE TRAMADOL HIP;HIPOLABOR
G02F HORMONIOS SEXUAIS TOPICOS;ESTRIONIL HIP;HIPOLABOR
A02B ANTIULCEROSOS;OMEPRAZOL HIP;HIPOLABOR
B01A ANTICOAGULANTES NAO INJETAVEIS;PARINEX HIP;HIPOLABOR
H02A CORTICOSTEROIDES PUROS;PREDNISONA HIP;HIPOLABOR
R06A ANTIHISTAMINICOS SISTEMICOS;PROMETAZOL HIP;HIPOLABOR
N02A ANALGESICOS NARCOTICOS;SUL DE MORFINA HIP;HIPOLABOR
M02A ANTIREUMATICOS TOPICOS COM ANALGESICOS;BYE BYE FEVER;HISAMITSU
M02A ANTIREUMATICOS TOPICOS COM ANALGESICOS;HISAMITSU HIS;HISAMITSU
M02A ANTIREUMATICOS TOPICOS COM ANALGESICOS;SALONPAS HIS;HISAMITSU
M02A ANTIREUMATICOS TOPICOS COM ANALGESICOS;SALONSIP HIS;HISAMITSU
S01L PREPARADOS PARA USO COM LENTES DE CONTATO;HB VISION HBU;HOT BUTTERED
A10E DISPOSITIVOS PARA ADMINISTRACAO DE INSULINA;HUMAPEN HUM;HUMAPEN
B01C INIBIDORES DA AGREGACAO PLAQUETARIA;AAS HYP;HYPERA PHARMA
R05C EXPECTORANTES;ACEBROFILINA NEO;HYPERA PHARMA
D10B PREPARACOES ANTIACNE ORAIS;ACET DE CIPROTERONA ETINILESTRADIOL NEO;HYPERA PHARMA
D06D PRODUTOS PARA INFECOES VIRAIS;ACICLOVIR NEO;HYPERA PHARMA
J05B OUTROS ANTIVIRAIS;ACICLOVIR NEO;HYPERA PHARMA
D06A ANTIBACTERIANOS TOPICOS;ACIDO FUSIDICO NEO;HYPERA PHARMA
A11C VITAMINA A D INCLUINDO ASSOCIACOES DAS DUAS;AD TIL HYP;HYPERA PHARMA
D10A PREPARACOES ANTIACNE TOPICOS;ADACNE MAN;HYPERA PHARMA
A12A CALCIO;ADDERA MAN;HYPERA PHARMA
R01A PREPARACOES NASAIS TOPICAS;ADNAX MAN;HYPERA PHARMA
D11A OUTRAS PREPARACOES DERMATOLOGICAS INCL XAMPUS MED;AGECARE MAN;HYPERA PHARMA
N05A ANTIPSICOTICOS;AIPRI MAN;HYPERA PHARMA
P01B ANTIHELMINTICOS EXCETO OS ESQUISTOSOMICIDAS;ALBENDAZOL NEO;HYPERA PHARMA
P01B ANTIHELMINTICOS EXCETO OS ESQUISTOSOMICIDAS;ALBENZONIL NEO;HYPERA PHARMA
G01D ANTI SEPTICOS GINECOLOGICOS;ALBOCRESIL HYP;HYPERA PHARMA
R06A ANTIHISTAMINICOS SISTEMICOS;ALEKTOS HYP;HYPERA PHARMA
M05B REGULADORES DO CALCIO OSSEO;ALENDRONATO DE SODIO NEO;HYPERA PHARMA
H02B ASSOCIACOES CORTICOSTEROIDES SISTEMICOS;ALERGIDEX NEO;HYPERA PHARMA
N02B NAO NARCOTICOS ANTIPIRETICOS;ALIVIUM MAN;HYPERA PHARMA
N05C TRANQUILIZANTES;ALPRAZOLAM NEO;HYPERA PHARMA
R05C EXPECTORANTES;AMBROFLUX NEO;HYPERA PHARMA
C03A DIURETICOS;AMILORID NEO;HYPERA PHARMA
G03A CONTRACEPTIVOS HORMONAIS SISTEMICOS;AMMY MAN;HYPERA PHARMA
R01A PREPARACOES NASAIS TOPICAS;AMOME MAN;HYPERA PHARMA
J01C PENICILINAS DE AMPLO ESPECTRO;AMOXICILINA NEO;HYPERA PHARMA
G01A TRICOMONICIDAS;AMPLIUM MAN;HYPERA PHARMA
R02A PREPARACOES PARA GARGANTA;ANAPYON HYP;HYPERA PHARMA
D06A ANTIBACTERIANOS TOPICOS;ANASEPTIL MAN;HYPERA PHARMA
C05C TERAPIA VARICOSA SISTEMICA;ANGIOLOT NEO;HYPERA PHARMA
C04A VASOTERAPIA CEREBRAL E PERIFERICA;ANTIGERON MAN;HYPERA PHARMA
B01F INIBIDOR DIRETO DO FATOR XA;APIXABANA NEO;HYPERA PHARMA
R02A PREPARACOES PARA GARGANTA;APRACUR HYP;HYPERA PHARMA
R04A UNGUENTOS PERCUTANEOS E OUTROS INALANTES;APRACUR HYP;HYPERA PHARMA
R05A ANTIGRIPAIS EXCLUINDO ANTINFECCIOSOS;APRACUR HYP;HYPERA PHARMA
N05C TRANQUILIZANTES;APRAZ MAN;HYPERA PHARMA
N05A ANTIPSICOTICOS;ARIPIPRAZOL NEO;HYPERA PHARMA
M01A ANTI REUMATICOS SEM ESTEROIDES;ARTRIL MAN;HYPERA PHARMA
M05X OUTROS PRODUTOS SISTEMA MUSCULO ESQUELETICO;ARTROFLAN MAN;HYPERA PHARMA
M05X OUTROS PRODUTOS SISTEMA MUSCULO ESQUELETICO;ARTROTOP MAN;HYPERA PHARMA
R03B XANTINAS;ASMAPEN NEO;HYPERA PHARMA
C07A AGENTES BETA BLOQUEADORES PUROS;ATENEUM NEO;HYPERA PHARMA
C07A AGENTES BETA BLOQUEADORES PUROS;ATENOLOL NEO;HYPERA PHARMA
C10A PREPARADOS PARA REGULACAO COLESTEROL E TRIGLICERID;ATORVASTATINA NEO;HYPERA PHARMA
N02B NAO NARCOTICOS ANTIPIRETICOS;ATROFEM HYP;HYPERA PHARMA
A03D ASSOCIACOES COM ANALGESICOS;ATROVERAN HYP;HYPERA PHARMA
N02B NAO NARCOTICOS ANTIPIRETICOS;ATROVERAN HYP;HYPERA PHARMA
R01A PREPARACOES NASAIS TOPICAS;ATURGYL HYP;HYPERA PHARMA
N06A A DEPRESSIVOS E REGUL DE HUMOR;AVIV MAN;HYPERA PHARMA
J01D CEFALOSPORINAS;AXETILCEFUROXIMA NEO;HYPERA PHARMA
J01F MACROLIDEOS E SIMILARES;AZITROMICINA NEO;HYPERA PHARMA
D02A EMOLIENTES E PROTETORES;BABYNEO PREVENT NEO;HYPERA PHARMA
D06A ANTIBACTERIANOS TOPICOS;BACTRONEO NEO;HYPERA PHARMA
R03A AGONISTAS BETA 2;BAMBAIR MAN;HYPERA PHARMA
H02A CORTICOSTEROIDES PUROS;BECLONATO NEO;HYPERA PHARMA
R01B DESCONGESTIONANTES NASAIS SISTEMICOS;BENEDESC PLUS HYP;HYPERA PHARMA
A11A POLIVITAMINICOS COM MINERAIS;BENEGRIP HYP;HYPERA PHARMA
A11G VITAMINA C INCLUSIVE ASSOCIADA A MINERAIS;BENEGRIP HYP;HYPERA PHARMA
R05A ANTIGRIPAIS EXCLUINDO ANTINFECCIOSOS;BENEGRIP HYP;HYPERA PHARMA
R05C EXPECTORANTES;BENETOSSE HYP;HYPERA PHARMA
R05C EXPECTORANTES;BENEXPEC HYP;HYPERA PHARMA
P01A AMEBICIDAS;BENZOILMETRONID NEO;HYPERA PHARMA
C08A ANTAGONISTAS DO CALCIO PUROS;BESILATO DE ANLODIPINO NEO;HYPERA PHARMA
C08A ANTAGONISTAS DO CALCIO PUROS;BESILATO DE LEVANLODIPINO NEO;HYPERA PHARMA
D07A CORTICOIDES TOPICOS PUROS;BETSONA NEO;HYPERA PHARMA
A07F MICROORGANISMOS ANTIDIARREICOS;BIFILAC MAN;HYPERA PHARMA
R06A ANTIHISTAMINICOS SISTEMICOS;BILASTINA HYP;HYPERA PHARMA
R06A ANTIHISTAMINICOS SISTEMICOS;BILASTINA NEO;HYPERA PHARMA
D02A EMOLIENTES E PROTETORES;BIOAGE;HYPERA PHARMA
D10A PREPARACOES ANTIACNE TOPICOS;BIOAGE;HYPERA PHARMA
D11A OUTRAS PREPARACOES DERMATOLOGICAS INCL XAMPUS MED;BIOAGE;HYPERA PHARMA
G01D ANTI SEPTICOS GINECOLOGICOS;BIOAGE;HYPERA PHARMA
C07A AGENTES BETA BLOQUEADORES PUROS;BISOPROLOL NEO;HYPERA PHARMA
A02B ANTIULCEROSOS;BISUISAN HYP;HYPERA PHARMA
R03B XANTINAS;BLECONATO NEO;HYPERA PHARMA
R05C EXPECTORANTES;BLUGRIP HYP;HYPERA PHARMA
A11A POLIVITAMINICOS COM MINERAIS;BLUMEL HYP;HYPERA PHARMA
R05C EXPECTORANTES;BLUMEL HYP;HYPERA PHARMA
R05F OUTROS ANTITUSSIGENOS E ANTIGRIPAIS;BLUMEL HYP;HYPERA PHARMA
R01A PREPARACOES NASAIS TOPICAS;BLUSORO HYP;HYPERA PHARMA
N05C TRANQUILIZANTES;BROMAZEPAM NEO;HYPERA PHARMA
R03K ANTICOLINERGICOS SIMPLES;BROMETO DE IPRATROPIO NEO;HYPERA PHARMA
R03A AGONISTAS BETA 2;BROMIFEN NEO;HYPERA PHARMA
A03F GASTROPROCINETICOS;BROMOPRIDA NEO;HYPERA PHARMA
R05C EXPECTORANTES;BRONDYNEO;HYPERA PHARMA
A03D ASSOCIACOES COM ANALGESICOS;BUSCODUO HYP;HYPERA PHARMA
G02X OTROS PRODUTOS GINECOLOGICOS;BUSCOFEM HYP;HYPERA PHARMA
A03A ANTIESPASMODICOS E ANTICOLINERGICOS PUROS;BUSCOPAN HYP;HYPERA PHARMA
A03D ASSOCIACOES COM ANALGESICOS;BUSCOPAN HYP;HYPERA PHARMA
N02B NAO NARCOTICOS ANTIPIRETICOS;CAFILISADOR MAN;HYPERA PHARMA
D04A ANTIPRURIGINOSOS,INCLUSIVE ANTIHISTAMINICOS ANESTE;CALAMYN;HYPERA PHARMA
M02A ANTIREUMATICOS TOPICOS COM ANALGESICOS;CALMINEX HYP;HYPERA PHARMA
N06E NEUROTONICOS E OUTROS;CANABIDIOL;HYPERA PHARMA
N03A ANTICONVULSIVANTES;CANABIDIOL MAN;HYPERA PHARMA
C09A INIBIDORES ACE PUROS;CAPOTEN NEO;HYPERA PHARMA
C09A INIBIDORES ACE PUROS;CAPOTRINEO NEO;HYPERA PHARMA
C09A INIBIDORES ACE PUROS;CAPTOPRIL NEO;HYPERA PHARMA
N03A ANTICONVULSIVANTES;CARBAMAZEPINA NEO;HYPERA PHARMA
R05C EXPECTORANTES;CARBOCISTEINA NEO;HYPERA PHARMA
R05C EXPECTORANTES;CARBOCISTEINA XAROPE NEO;HYPERA PHARMA
C07A AGENTES BETA BLOQUEADORES PUROS;CARVEDILOL NEO;HYPERA PHARMA
J01D CEFALOSPORINAS;CEFABRINA NEO;HYPERA PHARMA
N02B NAO NARCOTICOS ANTIPIRETICOS;CEFABRINA NEO;HYPERA PHARMA
J01D CEFALOSPORINAS;CEFALEXINA NEO;HYPERA PHARMA
J01D CEFALOSPORINAS;CEFTRIAXONA HYP;HYPERA PHARMA
M01A ANTI REUMATICOS SEM ESTEROIDES;CELECOXIBE NEO;HYPERA PHARMA
H02B ASSOCIACOES CORTICOSTEROIDES SISTEMICOS;CELESTAMINE MAN;HYPERA PHARMA
H02A CORTICOSTEROIDES PUROS;CELESTONE MAN;HYPERA PHARMA
R02A PREPARACOES PARA GARGANTA;CEPACOL;HYPERA PHARMA
M01A ANTI REUMATICOS SEM ESTEROIDES;CEPROFEN NEO;HYPERA PHARMA
R05C EXPECTORANTES;CETILPLEX NEO;HYPERA PHARMA
A11B POLIVITAMINICOS PUROS;CETIVA MAN;HYPERA PHARMA
D01A ANTIMICOTICOS DERMATOLOGICOS;CETOCONAZOL NEO;HYPERA PHARMA
J02A AGENTES ANTIMICOTICOS SISTEMICOS EXCLUINDO GRISEOF;CETOCONAZOL NEO;HYPERA PHARMA
D01A ANTIMICOTICOS DERMATOLOGICOS;CETONEO NEO;HYPERA PHARMA
J02A AGENTES ANTIMICOTICOS SISTEMICOS EXCLUINDO GRISEOF;CETONEO NEO;HYPERA PHARMA
M01A ANTI REUMATICOS SEM ESTEROIDES;CETOPROFENO NEO;HYPERA PHARMA
S01R ANTIINFLAMATORIOS OFTALMOLOGICOS NAO ESTEROIDES;CETORO.TROMETAM NEO;HYPERA PHARMA
A02B ANTIULCEROSOS;CIMETIDINA NEO;HYPERA PHARMA
N07C OUTROS MEDICAMENTOS ANTIVERTIGINOSOS;CINARIZINA NEO;HYPERA PHARMA
C10A PREPARADOS PARA REGULACAO COLESTEROL E TRIGLICERID;CIPROFIBRATO NEO;HYPERA PHARMA
G04E PRODUTOS PARA DISFUNCAO ERETIL;CITRATO DE SILDENAFILA NEO;HYPERA PHARMA
A11G VITAMINA C INCLUSIVE ASSOCIADA A MINERAIS;CITROPLEX C NEO;HYPERA PHARMA
M03B RELAXANTES MUSCULARES ACAO CENTRAL;CIZAX MAN;HYPERA PHARMA
S01G PREPARADOS PARA O TRATAMENTO DE CONJUNTIVITES NAO;CLANISTIL NEO;HYPERA PHARMA
J01F MACROLIDEOS E SIMILARES;CLARITROMICINA NEO;HYPERA PHARMA
P03A ECTOPARASITICIDAS INCL ESCAB;CLEAN HAIR;HYPERA PHARMA
D01A ANTIMICOTICOS DERMATOLOGICOS;CLO TERBINAFINA NEO;HYPERA PHARMA
B01C INIBIDORES DA AGREGACAO PLAQUETARIA;CLOPIDOGREL NEO;HYPERA PHARMA
R05C EXPECTORANTES;CLOR DE AMBROXOL NEO;HYPERA PHARMA
N06A A DEPRESSIVOS E REGUL DE HUMOR;CLOR DE AMITRIPTILINA NEO;HYPERA PHARMA
R05C EXPECTORANTES;CLOR DE BROMEXINA NEO;HYPERA PHARMA
M03B RELAXANTES MUSCULARES ACAO CENTRAL;CLOR DE CICLOBENZAPRINA NEO;HYPERA PHARMA
J01G FLUOROQUINOLONAS;CLOR DE CIPROFLOXACINO NEO;HYPERA PHARMA
N07D PRODUTOS ANTI ALZHEIMER;CLOR DE DONEPEZILA CLOR DE MEMANTINA NEO;HYPERA PHARMA
N07D PRODUTOS ANTI ALZHEIMER;CLOR DE DORZOLAMIDA NEO;HYPERA PHARMA
R06A ANTIHISTAMINICOS SISTEMICOS;CLOR DE FEXOFENADINA NEO;HYPERA PHARMA
R06A ANTIHISTAMINICOS SISTEMICOS;CLOR DE HIDROXIZINA NEO;HYPERA PHARMA
C07A AGENTES BETA BLOQUEADORES PUROS;CLOR DE NEBIVOLOL NEO;HYPERA PHARMA
A04A ANTIEMETICOS E ANTINAUSEOSOS;CLOR DE ONDANSETRONA NEO;HYPERA PHARMA
N06A A DEPRESSIVOS E REGUL DE HUMOR;CLOR DE PAROXETINA NEO;HYPERA PHARMA
C07A AGENTES BETA BLOQUEADORES PUROS;CLOR DE PROPRANOLOL NEO;HYPERA PHARMA
C07A AGENTES BETA BLOQUEADORES PUROS;CLOR DE SOTALOL NEO;HYPERA PHARMA
G04C PRODUTOS PARA HIPERPLASIA PROSTATICA BENIGNA HPB;CLOR DE TANSULOSINA NEO;HYPERA PHARMA
N02B NAO NARCOTICOS ANTIPIRETICOS;CLOR DE TRAMADOL NEO;HYPERA PHARMA
N02B NAO NARCOTICOS ANTIPIRETICOS;CLOR DE TRAMADOL PARACETAMOL NEO;HYPERA PHARMA
N06A A DEPRESSIVOS E REGUL DE HUMOR;CLOR DE TRAZODONA NEO;HYPERA PHARMA
N06A A DEPRESSIVOS E REGUL DE HUMOR;CLOR DE VENLAFAXINA NEO;HYPERA PHARMA
J01F MACROLIDEOS E SIMILARES;CLOR LINCOMICINA NEO;HYPERA PHARMA
C07A AGENTES BETA BLOQUEADORES PUROS;CLOR SOTALOL NEO;HYPERA PHARMA
R05C EXPECTORANTES;CLOR. BROMEXINA NEO;HYPERA PHARMA
N06A A DEPRESSIVOS E REGUL DE HUMOR;CLOR.FLUOXETINA NEO;HYPERA PHARMA
A10J BIGUANIDA A DIABETICOS;CLOR.METFORMINA NEO;HYPERA PHARMA
N06A A DEPRESSIVOS E REGUL DE HUMOR;CLOR.SERTRALINA NEO;HYPERA PHARMA
S01A ANTINFECCIOSOS;CLORANFENICOL NEO;HYPERA PHARMA
R05C EXPECTORANTES;CLORIDRATO DE AMBROXOL NEO;HYPERA PHARMA
D01A ANTIMICOTICOS DERMATOLOGICOS;CLOTRIMAZOL NEO;HYPERA PHARMA
G01B ANTIMICOTICOS GINECOLOGICOS;CLOTRIMAZOL NEO;HYPERA PHARMA
D01A ANTIMICOTICOS DERMATOLOGICOS;CLOTRIMAZYL NEO;HYPERA PHARMA
C10A PREPARADOS PARA REGULACAO COLESTEROL E TRIGLICERID;COLEDUE MAN;HYPERA PHARMA
C10C REGUL DE LIPIDEOS EM COMB C OUT LIPIDOS REGUL;COLEDUE R MAN;HYPERA PHARMA
C10A PREPARADOS PARA REGULACAO COLESTEROL E TRIGLICERID;COLEMONO MAN;HYPERA PHARMA
A12C OUTROS SUPLEMENTOS MINERAIS;COLFLEX MAN;HYPERA PHARMA
S01G PREPARADOS PARA O TRATAMENTO DE CONJUNTIVITES NAO;COLIRIO BLUMEN NEO;HYPERA PHARMA
S01G PREPARADOS PARA O TRATAMENTO DE CONJUNTIVITES NAO;COLIRIO NEO BRASIL NEO;HYPERA PHARMA
G03A CONTRACEPTIVOS HORMONAIS SISTEMICOS;CONCEPNOR NEO;HYPERA PHARMA
N02B NAO NARCOTICOS ANTIPIRETICOS;CONMEL HYP;HYPERA PHARMA
A11G VITAMINA C INCLUSIVE ASSOCIADA A MINERAIS;CORISTINA D HYP;HYPERA PHARMA
R01B DESCONGESTIONANTES NASAIS SISTEMICOS;CORISTINA D HYP;HYPERA PHARMA
R05A ANTIGRIPAIS EXCLUINDO ANTINFECCIOSOS;CORISTINA D HYP;HYPERA PHARMA
R05A ANTIGRIPAIS EXCLUINDO ANTINFECCIOSOS;CORISTINA HYP;HYPERA PHARMA
H02A CORTICOSTEROIDES PUROS;CORTICORTEN NEO;HYPERA PHARMA
R01A PREPARACOES NASAIS TOPICAS;CROMO.DISSODICO NEO;HYPERA PHARMA
S01G PREPARADOS PARA O TRATAMENTO DE CONJUNTIVITES NAO;CROMO.DISSODICO NEO;HYPERA PHARMA
M02A ANTIREUMATICOS TOPICOS COM ANALGESICOS;CURC MAN;HYPERA PHARMA
D01A ANTIMICOTICOS DERMATOLOGICOS;DAKTAZOL NEO;HYPERA PHARMA
N06A A DEPRESSIVOS E REGUL DE HUMOR;DECIPRAX MAN;HYPERA PHARMA
D11A OUTRAS PREPARACOES DERMATOLOGICAS INCL XAMPUS MED;DEMELAN MAN;HYPERA PHARMA
D10A PREPARACOES ANTIACNE TOPICOS;DERIVA MAN;HYPERA PHARMA
D07B ASSOCIACOES DE CORTICOIDES;DERMOTIL MAN;HYPERA PHARMA
D02A EMOLIENTES E PROTETORES;DERSAB MAN;HYPERA PHARMA
R01B DESCONGESTIONANTES NASAIS SISTEMICOS;DESCON MAN;HYPERA PHARMA
R05A ANTIGRIPAIS EXCLUINDO ANTINFECCIOSOS;DESCON MAN;HYPERA PHARMA
G03A CONTRACEPTIVOS HORMONAIS SISTEMICOS;DESOGESTREL NEO;HYPERA PHARMA
R06A ANTIHISTAMINICOS SISTEMICOS;DESRINITE NEO;HYPERA PHARMA
H02A CORTICOSTEROIDES PUROS;DEXAMETASONA NEO;HYPERA PHARMA
R06A ANTIHISTAMINICOS SISTEMICOS;DEXCLORFENIRAMINA NEO;HYPERA PHARMA
N05C TRANQUILIZANTES;DIAZEPAM NEO;HYPERA PHARMA
M02A ANTIREUMATICOS TOPICOS COM ANALGESICOS;DICLOFEN.DIETIL NEO;HYPERA PHARMA
S01R ANTIINFLAMATORIOS OFTALMOLOGICOS NAO ESTEROIDES;DICLOFENACO COLIRIO NEO;HYPERA PHARMA
M01A ANTI REUMATICOS SEM ESTEROIDES;DICLOFENACO DIETILAMONIO NEO;HYPERA PHARMA
M01A ANTI REUMATICOS SEM ESTEROIDES;DICLOFENACO NEO;HYPERA PHARMA
M02A ANTIREUMATICOS TOPICOS COM ANALGESICOS;DICLOFENACO NEO;HYPERA PHARMA
M01A ANTI REUMATICOS SEM ESTEROIDES;DICLONACO NEO;HYPERA PHARMA
R06A ANTIHISTAMINICOS SISTEMICOS;DICLOR DE LEVOCETIRIZINA NEO;HYPERA PHARMA
C01D TERAPIA CORONARIA EXCLUINDO ANTAGONISTAS DO CALCIO;DICLORIDRATO DE TRIMETAZIDIN NEO;HYPERA PHARMA
A03F GASTROPROCINETICOS;DIGEDRAT MAN;HYPERA PHARMA
A03F GASTROPROCINETICOS;DIGESPRID NEO;HYPERA PHARMA
C01A GLICOSIDEOS CARDIACOS E ASSOCIACOES;DIGOXINA NEO;HYPERA PHARMA
A02A ANTIACIDOS ANTIFISETICOS;DIMETICON NEO;HYPERA PHARMA
N02B NAO NARCOTICOS ANTIPIRETICOS;DIPIRONA CAFEINA NEO;HYPERA PHARMA
N02B NAO NARCOTICOS ANTIPIRETICOS;DIPIRONA NEO;HYPERA PHARMA
H02A CORTICOSTEROIDES PUROS;DIPR BETAMETASONA NEO;HYPERA PHARMA
D07A CORTICOIDES TOPICOS PUROS;DIPR DE BETAMETASONA FOSF BETAMETASONA EUR;HYPERA PHARMA
D07B ASSOCIACOES DE CORTICOIDES;DIPROGENTA MAN;HYPERA PHARMA
D07B ASSOCIACOES DE CORTICOIDES;DIPROSALIC MAN;HYPERA PHARMA
D07A CORTICOIDES TOPICOS PUROS;DIPROSONE MAN;HYPERA PHARMA
H02A CORTICOSTEROIDES PUROS;DIPROSPAN MAN;HYPERA PHARMA
A03F GASTROPROCINETICOS;DOMPERIDONA NEO;HYPERA PHARMA
N07D PRODUTOS ANTI ALZHEIMER;DONEPEZILA NEO;HYPERA PHARMA
N02B NAO NARCOTICOS ANTIPIRETICOS;DORALGINA NEO;HYPERA PHARMA
N02B NAO NARCOTICOS ANTIPIRETICOS;DORFEBRIL NEO;HYPERA PHARMA
M01A ANTI REUMATICOS SEM ESTEROIDES;DORIFLAN NEO;HYPERA PHARMA
N02B NAO NARCOTICOS ANTIPIRETICOS;DORIL HYP;HYPERA PHARMA
M01A ANTI REUMATICOS SEM ESTEROIDES;DORIL PRO HYP;HYPERA PHARMA
N02B NAO NARCOTICOS ANTIPIRETICOS;DORONA CAFI NEO;HYPERA PHARMA
C02A ANTIHIPERTENSIVOS NAO HERBACEOS PUROS;DOXAZOSINA NEO;HYPERA PHARMA
J01A TETRACICLINAS E ASSOCIACOES;DOXICILIN NEO;HYPERA PHARMA
A04A ANTIEMETICOS E ANTINAUSEOSOS;DRAMAVIT NEO;HYPERA PHARMA
A04A ANTIEMETICOS E ANTINAUSEOSOS;DRAMIN HYP;HYPERA PHARMA
R05D ANTITUSSIGENOS;DROPROPIZINA NEO;HYPERA PHARMA
N06A A DEPRESSIVOS E REGUL DE HUMOR;DUXXEN MAN;HYPERA PHARMA
M01A ANTI REUMATICOS SEM ESTEROIDES;ECOXE MAN;HYPERA PHARMA
C07A AGENTES BETA BLOQUEADORES PUROS;EMPROL XR MAN;HYPERA PHARMA
C09A INIBIDORES ACE PUROS;ENALAPRIL NEO;HYPERA PHARMA
A07G REPOSITORES ELECTROLITICOS ORAIS;ENGOV AFTER HYP;HYPERA PHARMA
N02B NAO NARCOTICOS ANTIPIRETICOS;ENGOV HYP;HYPERA PHARMA
A05A PRODUTOS PARA DISTURBIOS DO TRATO BILIAR;EPAREMA HYP;HYPERA PHARMA
D06A ANTIBACTERIANOS TOPICOS;EPICITRIN NEO;HYPERA PHARMA
D10A PREPARACOES ANTIACNE TOPICOS;EPIDAC;HYPERA PHARMA
D02A EMOLIENTES E PROTETORES;EPIDRAT;HYPERA PHARMA
D02A EMOLIENTES E PROTETORES;EPISOL;HYPERA PHARMA
M02A ANTIREUMATICOS TOPICOS COM ANALGESICOS;EPISOL;HYPERA PHARMA
A05B PRODUTOS PARA DOENCAS DO FIGADO HEPATOPROTETORES;EPOCLER HYP;HYPERA PHARMA
N05B HIPNOTICOS SEDATIVOS;EQUILIBRISSE NEO;HYPERA PHARMA
P03A ECTOPARASITICIDAS INCL ESCAB;ESCABIN HYP;HYPERA PHARMA
A02B ANTIULCEROSOS;ESOL MAN;HYPERA PHARMA
A02B ANTIULCEROSOS;ESOMEPRAZOL MAG NEO;HYPERA PHARMA
A09A DIGESTIVOS INCLUIDO ENZIMAS;ESSEN MAN;HYPERA PHARMA
A02A ANTIACIDOS ANTIFISETICOS;ESTOMAZIL HYP;HYPERA PHARMA
G02F HORMONIOS SEXUAIS TOPICOS;ESTRIOL NEO;HYPERA PHARMA
G02F HORMONIOS SEXUAIS TOPICOS;ESTRIOPAX NEO;HYPERA PHARMA
M01A ANTI REUMATICOS SEM ESTEROIDES;ETORICOXIBE NEO;HYPERA PHARMA
A03F GASTROPROCINETICOS;EUCIL MAN;HYPERA PHARMA
N06A A DEPRESSIVOS E REGUL DE HUMOR;EVORTIA MAN;HYPERA PHARMA
N03A ANTICONVULSIVANTES;EX CANNABIS SATIVA MAN;HYPERA PHARMA
C04A VASOTERAPIA CEREBRAL E PERIFERICA;EXIT MAN;HYPERA PHARMA
C10A PREPARADOS PARA REGULACAO COLESTEROL E TRIGLICERID;EZETIMIBA NEO;HYPERA PHARMA
C10C REGUL DE LIPIDEOS EM COMB C OUT LIPIDOS REGUL;EZETIMIBA SINVASTATINA NEO;HYPERA PHARMA
A02B ANTIULCEROSOS;FAMODINE HYP;HYPERA PHARMA
A02B ANTIULCEROSOS;FAMOTID NEO;HYPERA PHARMA
A06A DROGAS PARA A CONSTIPACAO;FARLAC MAN;HYPERA PHARMA
S01A ANTINFECCIOSOS;FENICOL NEO;HYPERA PHARMA
C10A PREPARADOS PARA REGULACAO COLESTEROL E TRIGLICERID;FENOFIBRATO NEO;HYPERA PHARMA
G04C PRODUTOS PARA HIPERPLASIA PROSTATICA BENIGNA HPB;FINASTEC NEO;HYPERA PHARMA
G04C PRODUTOS PARA HIPERPLASIA PROSTATICA BENIGNA HPB;FINASTERIDA NEO;HYPERA PHARMA
C05B TERAPIA VARICOSA TOPICA;FLAVONID NEO;HYPERA PHARMA
C05C TERAPIA VARICOSA SISTEMICA;FLAVONID NEO;HYPERA PHARMA
A07F MICROORGANISMOS ANTIDIARREICOS;FLOMICIN NEO;HYPERA PHARMA
M01A ANTI REUMATICOS SEM ESTEROIDES;FLOXICAM NEO;HYPERA PHARMA
A03F GASTROPROCINETICOS;FLUCCIL NEO;HYPERA PHARMA
J02A AGENTES ANTIMICOTICOS SISTEMICOS EXCLUINDO GRISEOF;FLUCONAZOL NEO;HYPERA PHARMA
J02A AGENTES ANTIMICOTICOS SISTEMICOS EXCLUINDO GRISEOF;FLUCONEO NEO;HYPERA PHARMA
R03A AGONISTAS BETA 2;FLUIR MAN;HYPERA PHARMA
R05A ANTIGRIPAIS EXCLUINDO ANTINFECCIOSOS;FLUVIRAL HYP;HYPERA PHARMA
C04A VASOTERAPIA CEREBRAL E PERIFERICA;FLUXON NEO;HYPERA PHARMA
R02A PREPARACOES PARA GARGANTA;FONERGIN HYP;HYPERA PHARMA
N06B PSICOESTIMULANTES;FOQ XR MAN;HYPERA PHARMA
A10N INIBIDOR DPP IV;FOSFATO DE SITAGLIPTINA NEO;HYPERA PHARMA
R03C ANTIINFLAMATORIOS RESPIRATORIOS NAO ESTEROIDES;FUMARATO CETOTI NEO;HYPERA PHARMA
D08A ANTISSEPTICOS E DESINFETANTES EXCL CURATIVOS MEDIC;FURACIN MAN;HYPERA PHARMA
D07A CORTICOIDES TOPICOS PUROS;FUROATMOMETASO NEO;HYPERA PHARMA
R01A PREPARACOES NASAIS TOPICAS;FUROATMOMETASO NEO;HYPERA PHARMA
C03A DIURETICOS;FUROSEMIDA NEO;HYPERA PHARMA
S01C COMBINACOES DE ANTI INFLAMATORIOS OFTALMICOS E ANT;GARASONE MAN;HYPERA PHARMA
A02A ANTIACIDOS ANTIFISETICOS;GASTROL HYP;HYPERA PHARMA
A07F MICROORGANISMOS ANTIDIARREICOS;GASTROL HYP;HYPERA PHARMA
A09A DIGESTIVOS INCLUIDO ENZIMAS;GASTROL HYP;HYPERA PHARMA
M02A ANTIREUMATICOS TOPICOS COM ANALGESICOS;GELOL HYP;HYPERA PHARMA
J01K AMINOGLICOSIDEOS;GENTAMICINA NEO;HYPERA PHARMA
A11A POLIVITAMINICOS COM MINERAIS;GESTAMAX MAN;HYPERA PHARMA
G03A CONTRACEPTIVOS HORMONAIS SISTEMICOS;GESTRADIOL NEO;HYPERA PHARMA
A01A ESTOMATOLOGICOS;GINGILONE MAN;HYPERA PHARMA
C04A VASOTERAPIA CEREBRAL E PERIFERICA;GINKOTAB NEO;HYPERA PHARMA
A10H SULFONILOUREIA A DIABETICOS;GLIBENCLAMIDA NEO;HYPERA PHARMA
A10H SULFONILOUREIA A DIABETICOS;GLICLAZIDA NEO;HYPERA PHARMA
A10H SULFONILOUREIA A DIABETICOS;GLIMEPIRIDA NEO;HYPERA PHARMA
A10H SULFONILOUREIA A DIABETICOS;GLIONIL NEO;HYPERA PHARMA
D11A OUTRAS PREPARACOES DERMATOLOGICAS INCL XAMPUS MED;GLYCARE;HYPERA PHARMA
R05C EXPECTORANTES;GUAIFENESINA XAROPE NEO;HYPERA PHARMA
D07A CORTICOIDES TOPICOS PUROS;HALOBEX MAN;HYPERA PHARMA
D06D PRODUTOS PARA INFECOES VIRAIS;HECLIVIR NEO;HYPERA PHARMA
J05B OUTROS ANTIVIRAIS;HECLIVIR NEO;HYPERA PHARMA
N05B HIPNOTICOS SEDATIVOS;HEM ZOLPIDEM NEO;HYPERA PHARMA
N05A ANTIPSICOTICOS;HEMIFUMARATO DE QUETIAPINA NEO;HYPERA PHARMA
N05B HIPNOTICOS SEDATIVOS;HEMITARTARATO DE ZOLPIDEM NEO;HYPERA PHARMA
C05A ANTIHEMORROIDARIOS TOPICOS;HEMOVIRTUS HYP;HYPERA PHARMA
R02A PREPARACOES PARA GARGANTA;HEXOMEDINE HYP;HYPERA PHARMA
N03A ANTICONVULSIVANTES;HIDANTAL HYP;HYPERA PHARMA
D02A EMOLIENTES E PROTETORES;HIDRAMAMY MAN;HYPERA PHARMA
A07G REPOSITORES ELECTROLITICOS ORAIS;HIDRAPLUS NEO;HYPERA PHARMA
C03A DIURETICOS;HIDROCLOR NEO;HYPERA PHARMA
C03A DIURETICOS;HIDROCLOROTIAZIDA NEO;HYPERA PHARMA
C07A AGENTES BETA BLOQUEADORES PUROS;HIPERNOLOL NEO;HYPERA PHARMA
R01B DESCONGESTIONANTES NASAIS SISTEMICOS;HISCONGEX NEO;HYPERA PHARMA
D04A ANTIPRURIGINOSOS,INCLUSIVE ANTIHISTAMINICOS ANESTE;HISTAMIN NEO;HYPERA PHARMA
R05C EXPECTORANTES;HISTAMIN NEO;HYPERA PHARMA
R06A ANTIHISTAMINICOS SISTEMICOS;HISTAMIN NEO;HYPERA PHARMA
B01B ANTICOAGULANTES INJETAVEIS;HYBLUT HYP;HYPERA PHARMA
D02A EMOLIENTES E PROTETORES;HYDRAPORIN;HYPERA PHARMA
N01A ANESTESICOS GERAIS;HYFOL HYP;HYPERA PHARMA
M01A ANTI REUMATICOS SEM ESTEROIDES;IBUFRAN NEO;HYPERA PHARMA
N02B NAO NARCOTICOS ANTIPIRETICOS;IBUFRAN NEO;HYPERA PHARMA
N02B NAO NARCOTICOS ANTIPIRETICOS;IBUPROFENO NEO;HYPERA PHARMA
D10B PREPARACOES ANTIACNE ORAIS;ISOAC MAN;HYPERA PHARMA
J02A AGENTES ANTIMICOTICOS SISTEMICOS EXCLUINDO GRISEOF;ITRACONAZOL NEO;HYPERA PHARMA
J02A AGENTES ANTIMICOTICOS SISTEMICOS EXCLUINDO GRISEOF;ITRAX NEO;HYPERA PHARMA
P01B ANTIHELMINTICOS EXCETO OS ESQUISTOSOMICIDAS;IVERMECTINA NEO;HYPERA PHARMA
P01B ANTIHELMINTICOS EXCETO OS ESQUISTOSOMICIDAS;IVERNEO NEO;HYPERA PHARMA
L02B ANTAGONISTAS DE HORMONIOS CITOSTATICOS;IVEVI MAN;HYPERA PHARMA
N02B NAO NARCOTICOS ANTIPIRETICOS;KELAC MAN;HYPERA PHARMA
S01K PRODUTOS PARA OLHO SECO;LACRILAX MAN;HYPERA PHARMA
A06A DROGAS PARA A CONSTIPACAO;LACTO PURGA HYP;HYPERA PHARMA
A06A DROGAS PARA A CONSTIPACAO;LACTOLEVE HYP;HYPERA PHARMA
A09A DIGESTIVOS INCLUIDO ENZIMAS;LATOLISE MAN;HYPERA PHARMA
S01G PREPARADOS PARA O TRATAMENTO DE CONJUNTIVITES NAO;LAVOLHO HYP;HYPERA PHARMA
N03A ANTICONVULSIVANTES;LEVETIRACETAM NEO;HYPERA PHARMA
J01G FLUOROQUINOLONAS;LEVOFLOXACINO NEO;HYPERA PHARMA
G03A CONTRACEPTIVOS HORMONAIS SISTEMICOS;LEVONORGESTREL NEO;HYPERA PHARMA
P01B ANTIHELMINTICOS EXCETO OS ESQUISTOSOMICIDAS;LICOR HYP;HYPERA PHARMA
N01B ANESTESICOS LOCAIS EXCLUINDO DERMATOLOGICOS;LIDOCAINA NEO;HYPERA PHARMA
N01B ANESTESICOS LOCAIS EXCLUINDO DERMATOLOGICOS;LIDOGEL NEO;HYPERA PHARMA
A10N INIBIDOR DPP IV;LINAGLIPTINA HYP;HYPERA PHARMA
A10N INIBIDOR DPP IV;LINAGLIPTINA NEO;HYPERA PHARMA
J01F MACROLIDEOS E SIMILARES;LINCO NEO;HYPERA PHARMA
J01F MACROLIDEOS E SIMILARES;LINCOMIRAL NEO;HYPERA PHARMA
C10A PREPARADOS PARA REGULACAO COLESTEROL E TRIGLICERID;LIPANON MAN;HYPERA PHARMA
C10A PREPARADOS PARA REGULACAO COLESTEROL E TRIGLICERID;LIPNEO NEO;HYPERA PHARMA
A08A - PREPARADOS ANOREXICOS EXETO OS DIETETICOS;LIPOXEN NEO;HYPERA PHARMA
A03D ASSOCIACOES COM ANALGESICOS;LISADOR MAN;HYPERA PHARMA
M03B RELAXANTES MUSCULARES ACAO CENTRAL;LISADOR MAN;HYPERA PHARMA
N02B NAO NARCOTICOS ANTIPIRETICOS;LISADOR MAN;HYPERA PHARMA
R01B DESCONGESTIONANTES NASAIS SISTEMICOS;LORATADINA NEO;HYPERA PHARMA
R06A ANTIHISTAMINICOS SISTEMICOS;LORATADINA NEO;HYPERA PHARMA
C09C ANTAGONISTAS DE LA ANGIOTENSINA II PUROS;LOSARTANA BRF;HYPERA PHARMA
C09C ANTAGONISTAS DE LA ANGIOTENSINA II PUROS;LOSARTANA NEO;HYPERA PHARMA
M01A ANTI REUMATICOS SEM ESTEROIDES;LOXAM NEO;HYPERA PHARMA
G02X OTROS PRODUTOS GINECOLOGICOS;LUBRINAT;HYPERA PHARMA
N05B HIPNOTICOS SEDATIVOS;LUNE MAN;HYPERA PHARMA
D10B PREPARACOES ANTIACNE ORAIS;LYDIAN MAN;HYPERA PHARMA
R05C EXPECTORANTES;M HYP;HYPERA PHARMA
R05F OUTROS ANTITUSSIGENOS E ANTIGRIPAIS;M HYP;HYPERA PHARMA
D07A CORTICOIDES TOPICOS PUROS;M LIX MAN;HYPERA PHARMA
G04A ANTISSEPTICOS E ANTINFECCIOSOS URINARIOS;MACRODANTINA MAN;HYPERA PHARMA
N02B NAO NARCOTICOS ANTIPIRETICOS;MAGNOPYROL MAN;HYPERA PHARMA
A07H INIBIDORES DA MOTILIDADE;MAGNOSTASE NEO;HYPERA PHARMA
R05C EXPECTORANTES;MAL DEXCLORF SUL PSEUDOE GUAIF NEO;HYPERA PHARMA
C09A INIBIDORES ACE PUROS;MALEA.ENALAPRIL NEO;HYPERA PHARMA
R01B DESCONGESTIONANTES NASAIS SISTEMICOS;MALEATO DE BRONFENIRAMINA NEO;HYPERA PHARMA
R06A ANTIHISTAMINICOS SISTEMICOS;MALEATO DE DEXCLORFENIRAMINA NEO;HYPERA PHARMA
N05B HIPNOTICOS SEDATIVOS;MARACUGINA HYP;HYPERA PHARMA
M02A ANTIREUMATICOS TOPICOS COM ANALGESICOS;MASSAGEOL NEO;HYPERA PHARMA
M01A ANTI REUMATICOS SEM ESTEROIDES;MAXSULID MAN;HYPERA PHARMA
P01B ANTIHELMINTICOS EXCETO OS ESQUISTOSOMICIDAS;MEBEND NEO;HYPERA PHARMA
P01B ANTIHELMINTICOS EXCETO OS ESQUISTOSOMICIDAS;MEBENDAZOL NEO;HYPERA PHARMA
B01C INIBIDORES DA AGREGACAO PLAQUETARIA;MELHORAL HYP;HYPERA PHARMA
N02B NAO NARCOTICOS ANTIPIRETICOS;MELHORAL HYP;HYPERA PHARMA
M01A ANTI REUMATICOS SEM ESTEROIDES;MELOXICAM NEO;HYPERA PHARMA
A07E PRODUTOS PARA DOENCA INFLAMATORIA INTESTINAL;MESALAZINA NEO;HYPERA PHARMA
C02A ANTIHIPERTENSIVOS NAO HERBACEOS PUROS;MESILATO DE DOXAZOSINA NEO;HYPERA PHARMA
A10J BIGUANIDA A DIABETICOS;METFORMIN NEO;HYPERA PHARMA
C02A ANTIHIPERTENSIVOS NAO HERBACEOS PUROS;METILDOPA NEO;HYPERA PHARMA
A05B PRODUTOS PARA DOENCAS DO FIGADO HEPATOPROTETORES;METIOCOLIN B12 NEO;HYPERA PHARMA
A03F GASTROPROCINETICOS;METOCLOPRAMIDA NEO;HYPERA PHARMA
G01A TRICOMONICIDAS;METRONIDAZOL NEO;HYPERA PHARMA
N02B NAO NARCOTICOS ANTIPIRETICOS;MIGRAINEX MAN;HYPERA PHARMA
A11D VITAMINA B1 E ASSOCIACOES;MILGAMMA MAN;HYPERA PHARMA
D11A OUTRAS PREPARACOES DERMATOLOGICAS INCL XAMPUS MED;MINOXIDIL NEO;HYPERA PHARMA
M03B RELAXANTES MUSCULARES ACAO CENTRAL;MIOFLEX MAN;HYPERA PHARMA
M03B RELAXANTES MUSCULARES ACAO CENTRAL;MIORRELAX NEO;HYPERA PHARMA
A03D ASSOCIACOES COM ANALGESICOS;MIRADOR NEO;HYPERA PHARMA
N02B NAO NARCOTICOS ANTIPIRETICOS;MIRADOR NEO;HYPERA PHARMA
N06A A DEPRESSIVOS E REGUL DE HUMOR;MIRTAZAPINA NEO;HYPERA PHARMA
R03J ANTI ASMATICOS ANTAGONISTAS DE LEUCOTRIENE;MONTELUCASTE NEO;HYPERA PHARMA
J01C PENICILINAS DE AMPLO ESPECTRO;MOXILIN NEO;HYPERA PHARMA
J07X OUTROS PRODUTOS TAIS COMO VACINAS;MUNOLAN HYP;HYPERA PHARMA
M01A ANTI REUMATICOS SEM ESTEROIDES;NAPRONAX NEO;HYPERA PHARMA
M01A ANTI REUMATICOS SEM ESTEROIDES;NAPROXENO NEO;HYPERA PHARMA
R01A PREPARACOES NASAIS TOPICAS;NASALEZE MAN;HYPERA PHARMA
R01A PREPARACOES NASAIS TOPICAS;NASONEX HYP;HYPERA PHARMA
A06A DROGAS PARA A CONSTIPACAO;NATURETTI HYP;HYPERA PHARMA
A01A ESTOMATOLOGICOS;NENE DENT N HYP;HYPERA PHARMA
J01D CEFALOSPORINAS;NEO CAFADRIL NEO;HYPERA PHARMA
C01A GLICOSIDEOS CARDIACOS E ASSOCIACOES;NEO DIGOXIN NEO;HYPERA PHARMA
C08A ANTAGONISTAS DO CALCIO PUROS;NEO FEDIPINA NEO;HYPERA PHARMA
S01K PRODUTOS PARA OLHO SECO;NEO FRESH NEO;HYPERA PHARMA
J01K AMINOGLICOSIDEOS;NEO GENTAMICIN NEO;HYPERA PHARMA
R06A ANTIHISTAMINICOS SISTEMICOS;NEO LORATADIN NEO;HYPERA PHARMA
M02A ANTIREUMATICOS TOPICOS COM ANALGESICOS;NEOCOFLAN NEO;HYPERA PHARMA
G01A TRICOMONICIDAS;NEODAZOL NEO;HYPERA PHARMA
D07A CORTICOIDES TOPICOS PUROS;NEODEX NEO;HYPERA PHARMA
H02A CORTICOSTEROIDES PUROS;NEODEX NEO;HYPERA PHARMA
G03A CONTRACEPTIVOS HORMONAIS SISTEMICOS;NEODIA NEO;HYPERA PHARMA
A07F MICROORGANISMOS ANTIDIARREICOS;NEOGERMINA NEO;HYPERA PHARMA
R05A ANTIGRIPAIS EXCLUINDO ANTINFECCIOSOS;NEOLEFRIN NEO;HYPERA PHARMA
C03A DIURETICOS;NEOLIDONA NEO;HYPERA PHARMA
D07B ASSOCIACOES DE CORTICOIDES;NEOLON D NEO;HYPERA PHARMA
A07G REPOSITORES ELECTROLITICOS ORAIS;NEOLYTE NEO;HYPERA PHARMA
G01A TRICOMONICIDAS;NEOMETRODAZOL NEO;HYPERA PHARMA
G01B ANTIMICOTICOS GINECOLOGICOS;NEOMISTATIN NEO;HYPERA PHARMA
R02A PREPARACOES PARA GARGANTA;NEOPIRIDIN NEO;HYPERA PHARMA
A02B ANTIULCEROSOS;NEOPRAZOL NEO;HYPERA PHARMA
A02B ANTIULCEROSOS;NEOSAC NEO;HYPERA PHARMA
M03B RELAXANTES MUSCULARES ACAO CENTRAL;NEOSALDINA HYP;HYPERA PHARMA
N02B NAO NARCOTICOS ANTIPIRETICOS;NEOSALDINA HYP;HYPERA PHARMA
C09C ANTAGONISTAS DE LA ANGIOTENSINA II PUROS;NEOSARTAN NEO;HYPERA PHARMA
C03A DIURETICOS;NEOSEMID NEO;HYPERA PHARMA
R01A PREPARACOES NASAIS TOPICAS;NEOSORO NEO;HYPERA PHARMA
R05C EXPECTORANTES;NEOSSOLVAN NEO;HYPERA PHARMA
M01A ANTI REUMATICOS SEM ESTEROIDES;NEOSULIDA NEO;HYPERA PHARMA
M01A ANTI REUMATICOS SEM ESTEROIDES;NEOTAFLAN NEO;HYPERA PHARMA
M01A ANTI REUMATICOS SEM ESTEROIDES;NEOTAREN NEO;HYPERA PHARMA
R05D ANTITUSSIGENOS;NEOTOSS NEO;HYPERA PHARMA
A02B ANTIULCEROSOS;NEOZOL NEO;HYPERA PHARMA
A10N INIBIDOR DPP IV;NESINA HYP;HYPERA PHARMA
M01A ANTI REUMATICOS SEM ESTEROIDES;NIMESULIDA NEO;HYPERA PHARMA
M02A ANTIREUMATICOS TOPICOS COM ANALGESICOS;NIMESULIDA NEO;HYPERA PHARMA
A01B ANTIFUNGICOS ORAIS TOPICOS;NISTATINA NEO;HYPERA PHARMA
D07B ASSOCIACOES DE CORTICOIDES;NISTATINA NEO;HYPERA PHARMA
G01B ANTIMICOTICOS GINECOLOGICOS;NISTATINA NEO;HYPERA PHARMA
P01B ANTIHELMINTICOS EXCETO OS ESQUISTOSOMICIDAS;NITAZOXANIDA NEO;HYPERA PHARMA
G01A TRICOMONICIDAS;NITRA MICONAZOL NEO;HYPERA PHARMA
G01B ANTIMICOTICOS GINECOLOGICOS;NITRATO DE BUTOCONAZOL NEO;HYPERA PHARMA
D01A ANTIMICOTICOS DERMATOLOGICOS;NITRATO DE MICONAZOL NEO;HYPERA PHARMA
J01G FLUOROQUINOLONAS;NORFLOXACINO NEO;HYPERA PHARMA
D02A EMOLIENTES E PROTETORES;NOSKOTE MAN;HYPERA PHARMA
N02B NAO NARCOTICOS ANTIPIRETICOS;NOVOTRAM MAN;HYPERA PHARMA
A06A DROGAS PARA A CONSTIPACAO;NUJOL HYP;HYPERA PHARMA
N05A ANTIPSICOTICOS;OLANZAPINA NEO;HYPERA PHARMA
C09D ANTAGONISTAS DE LA ANGIOTENSINA II COMBINADOS;OLMESARTANA NEO;HYPERA PHARMA
C09D ANTAGONISTAS DE LA ANGIOTENSINA II COMBINADOS;OLZICAR MAN;HYPERA PHARMA
A02B ANTIULCEROSOS;OMEPRAZOL NEO;HYPERA PHARMA
A04A ANTIEMETICOS E ANTINAUSEOSOS;ONDAVON NEO;HYPERA PHARMA
A04A ANTIEMETICOS E ANTINAUSEOSOS;ONDIF MAN;HYPERA PHARMA
S02A ANTINFECCIOSOS OTOLOGICOS;OUVIDONAL NEO;HYPERA PHARMA
N06A A DEPRESSIVOS E REGUL DE HUMOR;OXALATO DE ESCITALOPRAM NEO;HYPERA PHARMA
R03D CORTICOIDES;OXIMAX MAN;HYPERA PHARMA
R01A PREPARACOES NASAIS TOPICAS;OXIMETAZOLINA NEO;HYPERA PHARMA
A03F GASTROPROCINETICOS;PANGEST HYP;HYPERA PHARMA
A02B ANTIULCEROSOS;PANTOPRAZOL NEO;HYPERA PHARMA
N02B NAO NARCOTICOS ANTIPIRETICOS;PARACETAMOL FOSF DE CODEINA NEO;HYPERA PHARMA
N02B NAO NARCOTICOS ANTIPIRETICOS;PARACETAMOL NEO;HYPERA PHARMA
N04A ANTIPARKINSONIANOS;PARKLEN NEO;HYPERA PHARMA
A02A ANTIACIDOS ANTIFISETICOS;PEPSAMAR HYP;HYPERA PHARMA
A02B ANTIULCEROSOS;PEPTULAN MAN;HYPERA PHARMA
B03A HEMATINICOS FERRO E TODAS AS ASSOCIACOES;PERFER NEO;HYPERA PHARMA
A03F GASTROPROCINETICOS;PERIDAL MAN;HYPERA PHARMA
C08A ANTAGONISTAS DO CALCIO PUROS;PERSUR MAN;HYPERA PHARMA
B01F INIBIDOR DIRETO DO FATOR XA;PICBAM MAN;HYPERA PHARMA
D01A ANTIMICOTICOS DERMATOLOGICOS;PIELUS;HYPERA PHARMA
D11A OUTRAS PREPARACOES DERMATOLOGICAS INCL XAMPUS MED;PIELUS;HYPERA PHARMA
M01A ANTI REUMATICOS SEM ESTEROIDES;PIROXICAM NEO;HYPERA PHARMA
A06A DROGAS PARA A CONSTIPACAO;PLANTACIL NEO;HYPERA PHARMA
A06A DROGAS PARA A CONSTIPACAO;PLESONAX NEO;HYPERA PHARMA
R05C EXPECTORANTES;POLARAMINE HYP;HYPERA PHARMA
R06A ANTIHISTAMINICOS SISTEMICOS;POLARAMINE HYP;HYPERA PHARMA
R06A ANTIHISTAMINICOS SISTEMICOS;POLARMINPRO HYP;HYPERA PHARMA
N02B NAO NARCOTICOS ANTIPIRETICOS;PRATIUM MAN;HYPERA PHARMA
C10A PREPARADOS PARA REGULACAO COLESTEROL E TRIGLICERID;PRAVASTAT SODIC NEO;HYPERA PHARMA
H02A CORTICOSTEROIDES PUROS;PREDNISOLONA NEO;HYPERA PHARMA
H02A CORTICOSTEROIDES PUROS;PREDNISONA NEO;HYPERA PHARMA
H02A CORTICOSTEROIDES PUROS;PREDSIM MAN;HYPERA PHARMA
N02D PROD GABAPENTINOIDES;PREGABALINA NEO;HYPERA PHARMA
S01E MIOTICOS E PRAPARADOS ANTIGLAUCOMA;PRESSALIV MAN;HYPERA PHARMA
D07A CORTICOIDES TOPICOS PUROS;PROPIONATO DE CLOBETASOL NEO;HYPERA PHARMA
D07A CORTICOIDES TOPICOS PUROS;PROPIOSOL NEO;HYPERA PHARMA
J01G FLUOROQUINOLONAS;PROXACIN NEO;HYPERA PHARMA
R03A AGONISTAS BETA 2;PULMOFLUX NEO;HYPERA PHARMA
D07B ASSOCIACOES DE CORTICOIDES;QUADRIDERM MAN;HYPERA PHARMA
D07B ASSOCIACOES DE CORTICOIDES;QUADRILON NEO;HYPERA PHARMA
N05A ANTIPSICOTICOS;QUETIAPINA NEO;HYPERA PHARMA
L04X OUTROS IMUNOSSUPRESORES;REMICADE HYP;HYPERA PHARMA
C09A INIBIDORES ACE PUROS;RENALAPRIL NEO;HYPERA PHARMA
R05A ANTIGRIPAIS EXCLUINDO ANTINFECCIOSOS;RESFRYNEO NEO;HYPERA PHARMA
D06A ANTIBACTERIANOS TOPICOS;RIFAMICINA NEO;HYPERA PHARMA
D06A ANTIBACTERIANOS TOPICOS;RIFAN NEO;HYPERA PHARMA
R01A PREPARACOES NASAIS TOPICAS;RINOLON HYP;HYPERA PHARMA
R01A PREPARACOES NASAIS TOPICAS;RINOSORO MAN;HYPERA PHARMA
B01F INIBIDOR DIRETO DO FATOR XA;RIVAROXABANA NEO;HYPERA PHARMA
B01F INIBIDOR DIRETO DO FATOR XA;RIVNEO NEO;HYPERA PHARMA
R06A ANTIHISTAMINICOS SISTEMICOS;RIZI M MAN;HYPERA PHARMA
R06A ANTIHISTAMINICOS SISTEMICOS;RIZI MAN;HYPERA PHARMA
C10A PREPARADOS PARA REGULACAO COLESTEROL E TRIGLICERID;ROSUVASTATINA NEO;HYPERA PHARMA
J01F MACROLIDEOS E SIMILARES;ROXITRAN NEO;HYPERA PHARMA
R03A AGONISTAS BETA 2;SALBUTAMOL NEO;HYPERA PHARMA
B01C INIBIDORES DA AGREGACAO PLAQUETARIA;SALICIL NEO;HYPERA PHARMA
M01A ANTI REUMATICOS SEM ESTEROIDES;SCAFLAM MAN;HYPERA PHARMA
M02A ANTIREUMATICOS TOPICOS COM ANALGESICOS;SCAFLAM MAN;HYPERA PHARMA
G01A TRICOMONICIDAS;SECNIDAZOL NEO;HYPERA PHARMA
D01A ANTIMICOTICOS DERMATOLOGICOS;SELSUN MAN;HYPERA PHARMA
A06A DROGAS PARA A CONSTIPACAO;SENARETI NEO;HYPERA PHARMA
N06A A DEPRESSIVOS E REGUL DE HUMOR;SERTRALIN NEO;HYPERA PHARMA
A05B PRODUTOS PARA DOENCAS DO FIGADO HEPATOPROTETORES;SILIBOM NEO;HYPERA PHARMA
A05B PRODUTOS PARA DOENCAS DO FIGADO HEPATOPROTETORES;SILIVER MAN;HYPERA PHARMA
A02A ANTIACIDOS ANTIFISETICOS;SIMETICONA NEO;HYPERA PHARMA
C10A PREPARADOS PARA REGULACAO COLESTEROL E TRIGLICERID;SINVASTATINA NEO;HYPERA PHARMA
A10N INIBIDOR DPP IV;SITAGLIPTINA NEO;HYPERA PHARMA
A11F VITAMINAS B12 PURA;SOBE12;HYPERA PHARMA
S01R ANTIINFLAMATORIOS OFTALMOLOGICOS NAO ESTEROIDES;SOFTALM MAN;HYPERA PHARMA
D04A ANTIPRURIGINOSOS,INCLUSIVE ANTIHISTAMINICOS ANESTE;SOLARCAINE MAN;HYPERA PHARMA
R05C EXPECTORANTES;SPBREPIN MAN;HYPERA PHARMA
N06A A DEPRESSIVOS E REGUL DE HUMOR;SUCCINATO DE DESVENLAFAXINA NEO;HYPERA PHARMA
C07A AGENTES BETA BLOQUEADORES PUROS;SUCCINATO DE METOPROLOL NEO;HYPERA PHARMA
G04D PRODUTOS PARA INCONTINENCIA URINARIA;SUCCINATO DE SOLIFENACINA NEO;HYPERA PHARMA
P01D ANTIMALARICOS;SUL DE HIDROXICLOROQUINA NEO;HYPERA PHARMA
J01K AMINOGLICOSIDEOS;SULF GENTAMICIN NEO;HYPERA PHARMA
J01E ASSOCIACOES DE TRIMETOPRIM E SIMILARES;SULFAMET+TRIMET NEO;HYPERA PHARMA
J01E ASSOCIACOES DE TRIMETOPRIM E SIMILARES;SULFAMETOXAZOL NEO;HYPERA PHARMA
D06A ANTIBACTERIANOS TOPICOS;SULFATO DE NEOMICINA NEO;HYPERA PHARMA
N05A ANTIPSICOTICOS;SULPAN HYP;HYPERA PHARMA
D05X OUTROS PRODUTOS N/CORTICOIDES P DISTURB INFLAM;TACROZ MAN;HYPERA PHARMA
G04E PRODUTOS PARA DISFUNCAO ERETIL;TADALAFILA NEO;HYPERA PHARMA
A06A DROGAS PARA A CONSTIPACAO;TAMARINE HYP;HYPERA PHARMA
A07F MICROORGANISMOS ANTIDIARREICOS;TAMARINE HYP;HYPERA PHARMA
S01E MIOTICOS E PRAPARADOS ANTIGLAUCOMA;TARTARATO DE BRIMONIDINA NEO;HYPERA PHARMA
D01A ANTIMICOTICOS DERMATOLOGICOS;TEFIN MAN;HYPERA PHARMA
C09D ANTAGONISTAS DE LA ANGIOTENSINA II COMBINADOS;TELMISARTANA NEO;HYPERA PHARMA
M01A ANTI REUMATICOS SEM ESTEROIDES;TENOXICAM NEO;HYPERA PHARMA
C08A ANTAGONISTAS DO CALCIO PUROS;TENSALIV NEO;HYPERA PHARMA
N02B NAO NARCOTICOS ANTIPIRETICOS;TERMOPIRONA NEO;HYPERA PHARMA
J01A TETRACICLINAS E ASSOCIACOES;TETRALUP NEO;HYPERA PHARMA
G03X OUT HORMONIOS SEXUAIS E PRODS SIMILARES;TIBIAL NEO;HYPERA PHARMA
G03X OUT HORMONIOS SEXUAIS E PRODS SIMILARES;TIBOLONA NEO;HYPERA PHARMA
M01A ANTI REUMATICOS SEM ESTEROIDES;TILOXINEO NEO;HYPERA PHARMA
R05D ANTITUSSIGENOS;TILUGEN NEO;HYPERA PHARMA
S01E MIOTICOS E PRAPARADOS ANTIGLAUCOMA;TIMOLOL NEO;HYPERA PHARMA
S01E MIOTICOS E PRAPARADOS ANTIGLAUCOMA;TIMONEO NEO;HYPERA PHARMA
S01E MIOTICOS E PRAPARADOS ANTIGLAUCOMA;TIMOSOPT NEO;HYPERA PHARMA
G01A TRICOMONICIDAS;TINIDAZOL NITRATO DE MICONAZOL NEO;HYPERA PHARMA
G01A TRICOMONICIDAS;TIOCO TINIDAZOL NEO;HYPERA PHARMA
S01A ANTINFECCIOSOS;TOBRAMICINA COLIRIO NEO;HYPERA PHARMA
M03B RELAXANTES MUSCULARES ACAO CENTRAL;TORSILAX NEO;HYPERA PHARMA
R05C EXPECTORANTES;TOSSEXPEC NEO;HYPERA PHARMA
N02B NAO NARCOTICOS ANTIPIRETICOS;TRAMADEN NEO;HYPERA PHARMA
C01D TERAPIA CORONARIA EXCLUINDO ANTAGONISTAS DO CALCIO;TRIMETAZIDINA NEO;HYPERA PHARMA
P01A AMEBICIDAS;TRINIDA MAN;HYPERA PHARMA
N02B NAO NARCOTICOS ANTIPIRETICOS;TROMETAMOL CETOROLACO NEO;HYPERA PHARMA
G03B ANDROGENOS E ASSOCIACOES EXCETO G3E G3F;UNDECILATO DE TESTOSTERONA NEO;HYPERA PHARMA
G01B ANTIMICOTICOS GINECOLOGICOS;UNYCA MAN;HYPERA PHARMA
A06A DROGAS PARA A CONSTIPACAO;URBY;HYPERA PHARMA
B01F INIBIDOR DIRETO DO FATOR XA;VABAM MAN;HYPERA PHARMA
D07A CORTICOIDES TOPICOS PUROS;VAL DE BETAMETASONA NEO;HYPERA PHARMA
D07B ASSOCIACOES DE CORTICOIDES;VALERATO DE BETAMETASONA NEO;HYPERA PHARMA
C09C ANTAGONISTAS DE LA ANGIOTENSINA II PUROS;VALSARTANA NEO;HYPERA PHARMA
C04A VASOTERAPIA CEREBRAL E PERIFERICA;VASODIPINA NEO;HYPERA PHARMA
C05C TERAPIA VARICOSA SISTEMICA;VELUNID MAN;HYPERA PHARMA
C05B TERAPIA VARICOSA TOPICA;VENALOT HYP;HYPERA PHARMA
C05C TERAPIA VARICOSA SISTEMICA;VENALOT HYP;HYPERA PHARMA
N07C OUTROS MEDICAMENTOS ANTIVERTIGINOSOS;VERTIGIUM NEO;HYPERA PHARMA
A02B ANTIULCEROSOS;VICTRIX HYP;HYPERA PHARMA
A10N INIBIDOR DPP IV;VILDAGLIPTINA NEO;HYPERA PHARMA
A12C OUTROS SUPLEMENTOS MINERAIS;VIRILON GINSENG;HYPERA PHARMA
G04E PRODUTOS PARA DISFUNCAO ERETIL;VIRINEO NEO;HYPERA PHARMA
S01G PREPARADOS PARA O TRATAMENTO DE CONJUNTIVITES NAO;VISAZUL NEO;HYPERA PHARMA
S01G PREPARADOS PARA O TRATAMENTO DE CONJUNTIVITES NAO;VISODIN HYP;HYPERA PHARMA
N06A A DEPRESSIVOS E REGUL DE HUMOR;VORTIOXETINA NEO;HYPERA PHARMA
R05C EXPECTORANTES;XAROPENEO NEO;HYPERA PHARMA
D10A PREPARACOES ANTIACNE TOPICOS;ZELLA MAN;HYPERA PHARMA
C01D TERAPIA CORONARIA EXCLUINDO ANTAGONISTAS DO CALCIO;ZISQUE MAN;HYPERA PHARMA
J01F MACROLIDEOS E SIMILARES;ZITRONEO NEO;HYPERA PHARMA
M01A ANTI REUMATICOS SEM ESTEROIDES;ZOTAC NEO;HYPERA PHARMA
A02B ANTIULCEROSOS;ZYLIUM MAN;HYPERA PHARMA
N01B ANESTESICOS LOCAIS EXCLUINDO DERMATOLOGICOS;HYPOCAINA HPF;HYPOFARMA
M02A ANTIREUMATICOS TOPICOS COM ANALGESICOS;IBL RODOS IBL;IBL INDUSTRIA LTDA
M02A ANTIREUMATICOS TOPICOS COM ANALGESICOS;ARNICA IDE;IDEAL COSMETICOS
H04X OUTRAS HORMONIOS E PREPARACAO COM ACOES SIMILARES;PLURAL VIT;IDNLABS
A12A CALCIO;ULTRA KALCIUM;IDNLABS
A02A ANTIACIDOS ANTIFISETICOS;IFAL IFA;IFAL
A07G REPOSITORES ELECTROLITICOS ORAIS;IFAL IFA;IFAL
N05B HIPNOTICOS SEDATIVOS;IFAL IFA;IFAL
P03A ECTOPARASITICIDAS INCL ESCAB;PIOLIXINA IFA;IFAL
D08A ANTISSEPTICOS E DESINFETANTES EXCL CURATIVOS MEDIC;THIERSCH IFA;IFAL
R05C EXPECTORANTES;HERBAFLUI;IFBRASIL
A07G REPOSITORES ELECTROLITICOS ORAIS;IFHIDRAT;IFBRASIL
A12A CALCIO;MDK BRASIL;IFBRASIL
A02A ANTIACIDOS ANTIFISETICOS;ALUMIMEC IME;IMEC FARMACEUTICA
A12C OUTROS SUPLEMENTOS MINERAIS;CLORETO DE MAGNESIO NUT;IMEC FARMACEUTICA
A11D VITAMINA B1 E ASSOCIACOES;COMPLEXO B IME;IMEC FARMACEUTICA
N02A ANALGESICOS NARCOTICOS;DORMEC IME;IMEC FARMACEUTICA
N02B NAO NARCOTICOS ANTIPIRETICOS;DORMEC IME;IMEC FARMACEUTICA
A02A ANTIACIDOS ANTIFISETICOS;GASIMEC IME;IMEC FARMACEUTICA
A02A ANTIACIDOS ANTIFISETICOS;GASTRIMEC IME;IMEC FARMACEUTICA
A12A CALCIO;IMECALCIO IME;IMEC FARMACEUTICA
A06A DROGAS PARA A CONSTIPACAO;OLEO MINERAL IME;IMEC FARMACEUTICA
M03B RELAXANTES MUSCULARES ACAO CENTRAL;GIVANKLIFF;IND E COM GIVANKLIFF
A12C OUTROS SUPLEMENTOS MINERAIS;INDUSMED;INDUSMED MEDICAMENTOS E SUPLEMENTOS
A12C OUTROS SUPLEMENTOS MINERAIS;COLLAGENDERM INT;INTEGRALMEDICA
A12C OUTROS SUPLEMENTOS MINERAIS;INTEGRALMEDICA;INTEGRALMEDICA
A12C OUTROS SUPLEMENTOS MINERAIS;NUTRIFY INT;INTEGRALMEDICA
A02A ANTIACIDOS ANTIFISETICOS;FLATULON INR;INTERCRON
A07G REPOSITORES ELECTROLITICOS ORAIS;HIDRACT NEXTER INR;INTERCRON
A07G REPOSITORES ELECTROLITICOS ORAIS;NEXTER INR;INTERCRON
A06A DROGAS PARA A CONSTIPACAO;REGULACTO;INTERCRON
L01H ANTINEOPLASICOS INIBIDORES DA PROTEINA QUINASE;CABOMETYX IPS;IPSEN
M03A RELAXANTES MUSCULARES DE ACAO PERIFERICA;IPSEN IPS;IPSEN
H01C HORMONIOS HIPOTALAMICAS;SOMATULINE;IPSEN SA
M01A ANTI REUMATICOS SEM ESTEROIDES;IREMAR IRE;IREMAR ALIMENTOS
R05A ANTIGRIPAIS EXCLUINDO ANTINFECCIOSOS;ITA BRASIL ITA;ITA BRASIL
M01A ANTI REUMATICOS SEM ESTEROIDES;FLUMAX JSA;JA SAUDE ANIMAL
A10S AGONISTAS GLP 1;JACQUES JANINE JAJ;JACQUES JANINE
A06A DROGAS PARA A CONSTIPACAO;JALAPA JAL;JALAPA
C06B PRODUTOS PARA HIPERTENSAO ARTERIAL PULMONAR;BOSENTANA JNS;JANSSEN
N02A ANALGESICOS NARCOTICOS;DUROGESIC JNS;JANSSEN
B03X OUTROS ANTIANEMICOS INCLUINDO ACIDO FOLICO E FOLIN;EPREX JNS;JANSSEN
L01X OUTROS ANTINEOPLASICOS;ERFANDEL JNS;JANSSEN
L01H ANTINEOPLASICOS INIBIDORES DA PROTEINA QUINASE;IMBRUVICA JNS;JANSSEN
N05A ANTIPSICOTICOS;INVEGA JNS;JANSSEN
N05A ANTIPSICOTICOS;INVEGA TRINZA JNS;JANSSEN
A03F GASTROPROCINETICOS;JANSSEN JNS;JANSSEN
A16A OUTROS PRODUTOS PARA O APARELHO DIGESTIVO E METAB;JANSSEN JNS;JANSSEN
N05A ANTIPSICOTICOS;JANSSEN JNS;JANSSEN
J01G FLUOROQUINOLONAS;LEVAQUIN JNS;JANSSEN
A10S AGONISTAS GLP 1;STELARA JNS;JANSSEN
L04C INIBIDORES DE INTERLEUCINA;STELARA JNS;JANSSEN
N02A ANALGESICOS NARCOTICOS;ULTRACET JNS;JANSSEN
L02B ANTAGONISTAS DE HORMONIOS CITOSTATICOS;ZYTIGA JNS;JANSSEN
M02A ANTIREUMATICOS TOPICOS COM ANALGESICOS;JAY LUC;JAY LUC COSMETICOS
K01B SOLUCOES PADRAO;GLICOSE JPF;JP FARMA
K01F SOLUCOES PARA TERAPIA OSMOTICA;MANITOL JPF;JP FARMA
K01A SOLUCOES ELETROLITICAS IGUAL MAIOR 100 ML;SOLUCAO RINGER COM LACTATO 1000 ML JPF;JP FARMA
C09A INIBIDORES ACE PUROS;CAPTOPRIL JUN;JUNCO
D11A OUTRAS PREPARACOES DERMATOLOGICAS INCL XAMPUS MED;TRUSSARDI;KARSTEN TEXTIL
A12C OUTROS SUPLEMENTOS MINERAIS;KARTTI;KARTTI
A06A DROGAS PARA A CONSTIPACAO;FLORATOX KAT;KATIGUA
M02A ANTIREUMATICOS TOPICOS COM ANALGESICOS;GELOICE KEL;KELLDRIN IND. COM. PROD. QUIM.
R05B ANTIGRIPAIS C ANTIINFECCIOSOS;BENALET;KENVUE
R02A PREPARACOES PARA GARGANTA;BENALET KEN;KENVUE
A01B ANTIFUNGICOS ORAIS TOPICOS;DAKTARIN KEN;KENVUE
D11A OUTRAS PREPARACOES DERMATOLOGICAS INCL XAMPUS MED;DAKTARIN KEN;KENVUE
L01G ANTICORPOS MONOCLONAIS ANTINEOPLASICOS;DALINVI SC KEN;KENVUE
B03C ERITROPOIETINAS;EPREX KEN;KENVUE
L02B ANTAGONISTAS DE HORMONIOS CITOSTATICOS;ERLEADA KEN;KENVUE
G03A CONTRACEPTIVOS HORMONAIS SISTEMICOS;EVRA KEN;KENVUE
N05A ANTIPSICOTICOS;HALDOL;KENVUE
N05A ANTIPSICOTICOS;HALDOL KEN;KENVUE
N05A ANTIPSICOTICOS;INVEGA KEN;KENVUE
A10P INIBIDORES DE ANTIDIABETICOS DE SGLT2;INVOKANA KEN;KENVUE
A03A ANTIESPASMODICOS E ANTICOLINERGICOS PUROS;JANSSEN KEN;KENVUE
A03F GASTROPROCINETICOS;JANSSEN KEN;KENVUE
A07H INIBIDORES DA MOTILIDADE;JANSSEN KEN;KENVUE
G03A CONTRACEPTIVOS HORMONAIS SISTEMICOS;JANSSEN KEN;KENVUE
L04B MEDICAMENTOS ANTI TNF;JANSSEN KEN;KENVUE
N05A ANTIPSICOTICOS;JANSSEN KEN;KENVUE
P01B ANTIHELMINTICOS EXCETO OS ESQUISTOSOMICIDAS;JANSSEN KEN;KENVUE
G03A CONTRACEPTIVOS HORMONAIS SISTEMICOS;MICRONOR KEN;KENVUE
A02A ANTIACIDOS ANTIFISETICOS;MYCOLIN KEN;KENVUE
A02A ANTIACIDOS ANTIFISETICOS;MYLANTA KEN;KENVUE
D01A ANTIMICOTICOS DERMATOLOGICOS;NIZORAL KEN;KENVUE
P01B ANTIHELMINTICOS EXCETO OS ESQUISTOSOMICIDAS;PANTELMIN KEN;KENVUE
R06A ANTIHISTAMINICOS SISTEMICOS;REACTINE KEN;KENVUE
A06A DROGAS PARA A CONSTIPACAO;RESOLOR BAG;KENVUE
A06A DROGAS PARA A CONSTIPACAO;RESOLOR JNS;KENVUE
A03A ANTIESPASMODICOS E ANTICOLINERGICOS PUROS;RESOLOR KEN;KENVUE
A06A DROGAS PARA A CONSTIPACAO;RESOLOR KEN;KENVUE
N02A ANALGESICOS NARCOTICOS;RESPRIN KEN;KENVUE
R05A ANTIGRIPAIS EXCLUINDO ANTINFECCIOSOS;RESPRIN KEN;KENVUE
N05A ANTIPSICOTICOS;RISPERDAL JNS;KENVUE
N05A ANTIPSICOTICOS;RISPERDAL KEN;KENVUE
B01A ANTICOAGULANTES NAO INJETAVEIS;SIMPONI KEN;KENVUE
L04B MEDICAMENTOS ANTI TNF;SIMPONI KEN;KENVUE
J02A AGENTES ANTIMICOTICOS SISTEMICOS EXCLUINDO GRISEOF;SPORANOX KEN;KENVUE
N06A A DEPRESSIVOS E REGUL DE HUMOR;SPRAVATO KEN;KENVUE
C04A VASOTERAPIA CEREBRAL E PERIFERICA;STUGERON KEN;KENVUE
G03C ESTROGENOS E ASSOCIACOES EXCETO G03A G03E G03F;SYSTEN KEN;KENVUE
G03F ASSOCIACOES DE ESTROGENOS E PROGESTOGENOS EXCETO G;SYSTEN KEN;KENVUE
N03A ANTICONVULSIVANTES;TOPAMAX KEN;KENVUE
D05B PRODUTOS ANTIPSORIASE SISTEMICOS;TREMFYA KEN;KENVUE
M01A ANTI REUMATICOS SEM ESTEROIDES;TYLENOL KEN;KENVUE
N02B NAO NARCOTICOS ANTIPIRETICOS;TYLENOL KEN;KENVUE
R05A ANTIGRIPAIS EXCLUINDO ANTINFECCIOSOS;TYLENOL KEN;KENVUE
M02A ANTIREUMATICOS TOPICOS COM ANALGESICOS;ARNICA KER;KERABRASIL
R05C EXPECTORANTES;ACETILCISTEINA KES;KESTER PHARMA
A12C OUTROS SUPLEMENTOS MINERAIS;AFLEXA;KESTER PHARMA
M02A ANTIREUMATICOS TOPICOS COM ANALGESICOS;DORNAL KES;KESTER PHARMA
A11A POLIVITAMINICOS COM MINERAIS;EMULVIT KES;KESTER PHARMA
A12A CALCIO;PLUSCAL;KESTER PHARMA
H04X OUTRAS HORMONIOS E PREPARACAO COM ACOES SIMILARES;SONITUS KES;KESTER PHARMA
A11G VITAMINA C INCLUSIVE ASSOCIADA A MINERAIS;VITACEKLIN;KESTER PHARMA
M03B RELAXANTES MUSCULARES ACAO CENTRAL;BY SAMIA;KOKE PARTNERS
R05C EXPECTORANTES;KORIN;KORIN CIA
A11C VITAMINA A D INCLUINDO ASSOCIACOES DAS DUAS;ADVITIL KRE;KRESS FARMACEUTICA
A01A ESTOMATOLOGICOS;AFTIKE KRE;KRESS FARMACEUTICA
A02A ANTIACIDOS ANTIFISETICOS;ANTIAZIL KRE;KRESS FARMACEUTICA
A12A CALCIO;CENTROCAL 600+ M;KRESS FARMACEUTICA
A12A CALCIO;CENTROCAL 600+D3;KRESS FARMACEUTICA
A12A CALCIO;CENTROCAL B12;KRESS FARMACEUTICA
A11B POLIVITAMINICOS PUROS;DEFIXA;KRESS FARMACEUTICA
A06A DROGAS PARA A CONSTIPACAO;FIBERDAY KRE;KRESS FARMACEUTICA
R05C EXPECTORANTES;GUACOLIN KRE;KRESS FARMACEUTICA
A02A ANTIACIDOS ANTIFISETICOS;HIDROXILIV KRE;KRESS FARMACEUTICA
A05A PRODUTOS PARA DISTURBIOS DO TRATO BILIAR;KRESS KRE;KRESS FARMACEUTICA
A07F MICROORGANISMOS ANTIDIARREICOS;KRESS KRE;KRESS FARMACEUTICA
A12C OUTROS SUPLEMENTOS MINERAIS;KRESS KRE;KRESS FARMACEUTICA
C09C ANTAGONISTAS DE LA ANGIOTENSINA II PUROS;KRESS KRE;KRESS FARMACEUTICA
R05B ANTIGRIPAIS C ANTIINFECCIOSOS;KRESS KRE;KRESS FARMACEUTICA
A06A DROGAS PARA A CONSTIPACAO;LACTUDOSE KRE;KRESS FARMACEUTICA
A06A DROGAS PARA A CONSTIPACAO;NATURELEV KRE;KRESS FARMACEUTICA
B03A HEMATINICOS FERRO E TODAS AS ASSOCIACOES;NORIFERUM KRE;KRESS FARMACEUTICA
R05C EXPECTORANTES;PULMOVIC KRE;KRESS FARMACEUTICA
A07G REPOSITORES ELECTROLITICOS ORAIS;REDRALITE KRE;KRESS FARMACEUTICA
R05A ANTIGRIPAIS EXCLUINDO ANTINFECCIOSOS;LIVVA;KTG NUTRICIONAL
R05C EXPECTORANTES;ACETILCISTEINA LSD;LA SAN DAY
R05C EXPECTORANTES;CETIMEL LAS;LA SAN DAY
M02A ANTIREUMATICOS TOPICOS COM ANALGESICOS;GELOFORT;LA SAN DAY
R05C EXPECTORANTES;LASANDAY LA LSD;LA SAN DAY
A11F VITAMINAS B12 PURA;NATUSDAY;LA SAN DAY
R02A PREPARACOES PARA GARGANTA;NATUSDAY LAS;LA SAN DAY
R02A PREPARACOES PARA GARGANTA;PROPOLIS LSD;LA SAN DAY
A12A CALCIO;NATUSDAY CALCIO MDK;LA SAN DAY PHARMA
R05D ANTITUSSIGENOS;BINELLI DAU;LAB DAUDT OLIVEIRA
D03A AGENTES CURATIVOS FERIDAS;DERSANI DDT;LAB DAUDT OLIVEIRA
R05A ANTIGRIPAIS EXCLUINDO ANTINFECCIOSOS;GOTAS BINELLI DDT;LAB DAUDT OLIVEIRA
A06A DROGAS PARA A CONSTIPACAO;LAXOL DDT;LAB DAUDT OLIVEIRA
R02A PREPARACOES PARA GARGANTA;MALVATRICIN DDT;LAB DAUDT OLIVEIRA
A01A ESTOMATOLOGICOS;MALVATRIKIDS DDT;LAB DAUDT OLIVEIRA
M01A ANTI REUMATICOS SEM ESTEROIDES;MALVONA DDT;LAB DAUDT OLIVEIRA
R02A PREPARACOES PARA GARGANTA;MALVONA DDT;LAB DAUDT OLIVEIRA
S02D OUTROS PREPARADOS OTOLOGICOS;OTICERIM DDT;LAB DAUDT OLIVEIRA
L04X OUTROS IMUNOSSUPRESORES;LEFLUNOMIDA LFM;LAB FARMACEUTICO DA MARINHA
A12A CALCIO;EPOXNON;LABOGAN
A11A POLIVITAMINICOS COM MINERAIS;IODEGAN M;LABOGAN
R02A PREPARACOES PARA GARGANTA;IXPEGAN M LAB;LABOGAN
R05C EXPECTORANTES;IXPEGAN M LAB;LABOGAN
A06A DROGAS PARA A CONSTIPACAO;LACTUGAN LAB;LABOGAN
R03H INIBIDORES DA PDE4 PARA ASMA E DPOC;LABORATIL;LABORATIL
R02A PREPARACOES PARA GARGANTA;CAICARA;LABORATORIO CAICARA
R05C EXPECTORANTES;ACEBROFILINA GLO;LABORATORIO GLOBO
A02A ANTIACIDOS ANTIFISETICOS;ACIDOGEL GLO;LABORATORIO GLOBO
N05A ANTIPSICOTICOS;ARIPIPRAZOL GLO;LABORATORIO GLOBO
J01F MACROLIDEOS E SIMILARES;AZITROMICINA GLO;LABORATORIO GLOBO
P03A ECTOPARASITICIDAS INCL ESCAB;BENZIN GLO;LABORATORIO GLOBO
A12A CALCIO;CALCIDRIN;LABORATORIO GLOBO
A12A CALCIO;CALCIDRIN GLO;LABORATORIO GLOBO
C09A INIBIDORES ACE PUROS;CAPTOCORD GLO;LABORATORIO GLOBO
C09A INIBIDORES ACE PUROS;CAPTOPRIL GLO;LABORATORIO GLOBO
C05C TERAPIA VARICOSA SISTEMICA;CASTANHA DA INDIA GLOBO GLO;LABORATORIO GLOBO
C05C TERAPIA VARICOSA SISTEMICA;CASTANHADAINDIA GLO;LABORATORIO GLOBO
D01A ANTIMICOTICOS DERMATOLOGICOS;CETOCONAZOL GLO;LABORATORIO GLOBO
J02A AGENTES ANTIMICOTICOS SISTEMICOS EXCLUINDO GRISEOF;CETOCONAZOL GLO;LABORATORIO GLOBO
D01A ANTIMICOTICOS DERMATOLOGICOS;CICLOPIROX OLAMINA GLO;LABORATORIO GLOBO
C10A PREPARADOS PARA REGULACAO COLESTEROL E TRIGLICERID;CIPROFIBRATO GLO;LABORATORIO GLOBO
R05C EXPECTORANTES;CLOR DE AMBROXOL GLO;LABORATORIO GLOBO
R05C EXPECTORANTES;CLOR DE AMBROXOL XAROPE GLO;LABORATORIO GLOBO
R05C EXPECTORANTES;CLOR DE BROMEXINA XAROPE GLO;LABORATORIO GLOBO
M03B RELAXANTES MUSCULARES ACAO CENTRAL;CLOR DE CICLOBENZAPRINA GLO;LABORATORIO GLOBO
J01G FLUOROQUINOLONAS;CLOR DE CIPROFLOXACINO GLO;LABORATORIO GLOBO
N06A A DEPRESSIVOS E REGUL DE HUMOR;CLOR DE FLUOXETINA GLO;LABORATORIO GLOBO
A07H INIBIDORES DA MOTILIDADE;CLOR DE LOPERAMIDA GLO;LABORATORIO GLOBO
C07A AGENTES BETA BLOQUEADORES PUROS;CLOR DE PROPRANOLOL GLO;LABORATORIO GLOBO
N06A A DEPRESSIVOS E REGUL DE HUMOR;CLOR DE SERTRALINA GLO;LABORATORIO GLOBO
N06A A DEPRESSIVOS E REGUL DE HUMOR;CLOR DE TRAZODONA GLO;LABORATORIO GLOBO
D01A ANTIMICOTICOS DERMATOLOGICOS;CLOTRIMAZOL GLO;LABORATORIO GLOBO
R06A ANTIHISTAMINICOS SISTEMICOS;DESLORATADINA GLO;LABORATORIO GLOBO
D07A CORTICOIDES TOPICOS PUROS;DESONIDA GLO;LABORATORIO GLOBO
D07A CORTICOIDES TOPICOS PUROS;DEXAMETASONA GLO;LABORATORIO GLOBO
A10N INIBIDOR DPP IV;DIGLUSS GLO;LABORATORIO GLOBO
C05C TERAPIA VARICOSA SISTEMICA;DIOHESP GLO;LABORATORIO GLOBO
R02A PREPARACOES PARA GARGANTA;EXTRATO PROPOLIS GLO;LABORATORIO GLOBO
H02A CORTICOSTEROIDES PUROS;FLAMAPE GLO;LABORATORIO GLOBO
J02A AGENTES ANTIMICOTICOS SISTEMICOS EXCLUINDO GRISEOF;FLUCOCID GLO;LABORATORIO GLOBO
J02A AGENTES ANTIMICOTICOS SISTEMICOS EXCLUINDO GRISEOF;FLUCOLCID GLO;LABORATORIO GLOBO
J02A AGENTES ANTIMICOTICOS SISTEMICOS EXCLUINDO GRISEOF;FLUCONAZOL GLO;LABORATORIO GLOBO
R02A PREPARACOES PARA GARGANTA;GARGOGEX GLO;LABORATORIO GLOBO
A06A DROGAS PARA A CONSTIPACAO;GLICENIX GLO;LABORATORIO GLOBO
A02B ANTIULCEROSOS;GLOBO GLO;LABORATORIO GLOBO
C10A PREPARADOS PARA REGULACAO COLESTEROL E TRIGLICERID;GLOBO GLO;LABORATORIO GLOBO
J01G FLUOROQUINOLONAS;GLOBO GLO;LABORATORIO GLOBO
M01A ANTI REUMATICOS SEM ESTEROIDES;GLOBO GLO;LABORATORIO GLOBO
N02B NAO NARCOTICOS ANTIPIRETICOS;GLOBO GLO;LABORATORIO GLOBO
R05C EXPECTORANTES;GLOBO GLO;LABORATORIO GLOBO
R06A ANTIHISTAMINICOS SISTEMICOS;GLOBO GLO;LABORATORIO GLOBO
J05B OUTROS ANTIVIRAIS;GLOBOFLU GLO;LABORATORIO GLOBO
A06A DROGAS PARA A CONSTIPACAO;GLOBOPHARMA GLO;LABORATORIO GLOBO
M02A ANTIREUMATICOS TOPICOS COM ANALGESICOS;GLOBOPHARMA GLO;LABORATORIO GLOBO
R06A ANTIHISTAMINICOS SISTEMICOS;HOXIDRIN GLO;LABORATORIO GLOBO
A07H INIBIDORES DA MOTILIDADE;INTESTIN GLO;LABORATORIO GLOBO
D11A OUTRAS PREPARACOES DERMATOLOGICAS INCL XAMPUS MED;KALOSTOP GLO;LABORATORIO GLOBO
A06A DROGAS PARA A CONSTIPACAO;LACTU Z GLO;LABORATORIO GLOBO
A06A DROGAS PARA A CONSTIPACAO;LACTUZ GLO;LABORATORIO GLOBO
S01K PRODUTOS PARA OLHO SECO;LAGRIMALIV GLO;LABORATORIO GLOBO
H02B ASSOCIACOES CORTICOSTEROIDES SISTEMICOS;LERGIDRIN GLO;LABORATORIO GLOBO
R06A ANTIHISTAMINICOS SISTEMICOS;LEVOCETIRIZINA GLO;LABORATORIO GLOBO
J01G FLUOROQUINOLONAS;LEVOFLOXACINO GLO;LABORATORIO GLOBO
C10A PREPARADOS PARA REGULACAO COLESTEROL E TRIGLICERID;LIPFITE GLO;LABORATORIO GLOBO
R06A ANTIHISTAMINICOS SISTEMICOS;LORATADINA GLO;LABORATORIO GLOBO
H02B ASSOCIACOES CORTICOSTEROIDES SISTEMICOS;MAL DEXCLO BETA GLO;LABORATORIO GLOBO
D01A ANTIMICOTICOS DERMATOLOGICOS;MICONAZOL GLO;LABORATORIO GLOBO
N06A A DEPRESSIVOS E REGUL DE HUMOR;MIRTAZAPINA GLO;LABORATORIO GLOBO
A05B PRODUTOS PARA DOENCAS DO FIGADO HEPATOPROTETORES;NECRORGAN GLO;LABORATORIO GLOBO
M01A ANTI REUMATICOS SEM ESTEROIDES;NIMESULIDA GLO;LABORATORIO GLOBO
D07B ASSOCIACOES DE CORTICOIDES;NORFLOXACINO;LABORATORIO GLOBO
J01G FLUOROQUINOLONAS;NORFLOXACINO GLO;LABORATORIO GLOBO
A02B ANTIULCEROSOS;NOVOPRAZOL GLO;LABORATORIO GLOBO
A02B ANTIULCEROSOS;OMEPRAZOL GLO;LABORATORIO GLOBO
N02B NAO NARCOTICOS ANTIPIRETICOS;PARACETAMOL GLO;LABORATORIO GLOBO
A10K GLITAZONA A DIABETICOS;PIOGLITAZONA GLO;LABORATORIO GLOBO
H02A CORTICOSTEROIDES PUROS;PREDNISOLONA GLO;LABORATORIO GLOBO
H02A CORTICOSTEROIDES PUROS;PREDNISONA GLO;LABORATORIO GLOBO
N02D PROD GABAPENTINOIDES;PREGABALINA GLO;LABORATORIO GLOBO
C05A ANTIHEMORROIDARIOS TOPICOS;PROCTOGLOBO GLO;LABORATORIO GLOBO
A07G REPOSITORES ELECTROLITICOS ORAIS;REHIDRAZOL GLO;LABORATORIO GLOBO
N05A ANTIPSICOTICOS;RISPERIDONA GLO;LABORATORIO GLOBO
G01A TRICOMONICIDAS;SECNIDAZOL GLO;LABORATORIO GLOBO
G01A TRICOMONICIDAS;SECNIMAX GLO;LABORATORIO GLOBO
A02A ANTIACIDOS ANTIFISETICOS;SIMETICONA GLO;LABORATORIO GLOBO
A02A ANTIACIDOS ANTIFISETICOS;SINTAFLAT GLO;LABORATORIO GLOBO
C10A PREPARADOS PARA REGULACAO COLESTEROL E TRIGLICERID;SINVASMAX GLO;LABORATORIO GLOBO
C10A PREPARADOS PARA REGULACAO COLESTEROL E TRIGLICERID;SINVASTATINA GLO;LABORATORIO GLOBO
R05C EXPECTORANTES;SPECDERA GLO;LABORATORIO GLOBO
R05C EXPECTORANTES;SPECTOFLUX GLO;LABORATORIO GLOBO
D06A ANTIBACTERIANOS TOPICOS;SUL DE NEOMICINA BACITRACINA GLO;LABORATORIO GLOBO
N02A ANALGESICOS NARCOTICOS;TRAMADOL + PARACETAMOL GLO;LABORATORIO GLOBO
N05B HIPNOTICOS SEDATIVOS;TRANQUIL GLO;LABORATORIO GLOBO
N05B HIPNOTICOS SEDATIVOS;TRAQUIL GLO;LABORATORIO GLOBO
N06A A DEPRESSIVOS E REGUL DE HUMOR;TRAZODONA GLO;LABORATORIO GLOBO
N06A A DEPRESSIVOS E REGUL DE HUMOR;VENLAFAXINA GLO;LABORATORIO GLOBO
D08A ANTISSEPTICOS E DESINFETANTES EXCL CURATIVOS MEDIC;LAHAS LHS;LABORATORIO LAHAS
A05A PRODUTOS PARA DISTURBIOS DO TRATO BILIAR;COLOMETIN;LABORATORIO SAUDE
R01A PREPARACOES NASAIS TOPICAS;NOHASCHECK;LABORATORIO SAUDE
R05C EXPECTORANTES;FIMATOSAN SMS;LABORATORIO SIMOES
A01A ESTOMATOLOGICOS;MATRICARIA SMS;LABORATORIO SIMOES
A16A OUTROS PRODUTOS PARA O APARELHO DIGESTIVO E METAB;SIMOES SMS;LABORATORIO SIMOES
A07B ADSORBENTES INTESTINALES ANTIDIARREICOS;REATIVA;LABORNATUS DO BRASIL
A11X OUTRAS VITAMINAS PURAS;REATIVA;LABORNATUS DO BRASIL
G02X OTROS PRODUTOS GINECOLOGICOS;REATIVA;LABORNATUS DO BRASIL
J07E VACINAS VIRAIS;LABOVET;LABOVET
R05C EXPECTORANTES;SANATIVO;LAPERFI
A06A DROGAS PARA A CONSTIPACAO;MANADASCRIANCAS LAR;LAPERLI
A12A CALCIO;CALCIBD3;LAPON
A12A CALCIO;CALCIO BD LAP;LAPON
A12A CALCIO;CENTROPLEX CALCIO + VIT D LAP;LAPON
A03A ANTIESPASMODICOS E ANTICOLINERGICOS PUROS;COLEGORICO LAP;LAPON
A03A ANTIESPASMODICOS E ANTICOLINERGICOS PUROS;ELIXIRCOLEGORICO LAP;LAPON
A06A DROGAS PARA A CONSTIPACAO;LAPON LAP;LAPON
A12C OUTROS SUPLEMENTOS MINERAIS;LAPON LAP;LAPON
A06A DROGAS PARA A CONSTIPACAO;OLEODERICINO LAP;LAPON
A05B PRODUTOS PARA DOENCAS DO FIGADO HEPATOPROTETORES;XANTCLER LAP;LAPON
S01X OUTROS OFTALMOLOGICOS;ECOFILM LAT;LATINOFARMA
S01B CORTICOIDES;FLUTINOL;LATINOFARMA
S01X OUTROS OFTALMOLOGICOS;LACRIBELL LAT;LATINOFARMA
S01E MIOTICOS E PRAPARADOS ANTIGLAUCOMA;MAXIBELL LAT;LATINOFARMA
S01A ANTINFECCIOSOS;MAXIFLOX LAT;LATINOFARMA
S01C COMBINACOES DE ANTI INFLAMATORIOS OFTALMICOS E ANT;MAXIFLOX LAT;LATINOFARMA
J01G FLUOROQUINOLONAS;MAXILERG LAT;LATINOFARMA
S01X OUTROS OFTALMOLOGICOS;MIRUGELL LAT;LATINOFARMA
S01X OUTROS OFTALMOLOGICOS;PLENIGELL;LATINOFARMA
S01X OUTROS OFTALMOLOGICOS;PLENIGELL LAT;LATINOFARMA
S01A ANTINFECCIOSOS;REGENCEL;LATINOFARMA
S01B CORTICOIDES;TEROLAC;LATINOFARMA
R05C EXPECTORANTES;LAUTON NUTRITION LAU;LAUTON NUTRITION
A06A DROGAS PARA A CONSTIPACAO;OLEO LBR;LBR
S01K PRODUTOS PARA OLHO SECO;HYADROP LEB LEB;LEBON PRODUTOS QUIMICOS E FARMACEUTICOS LTDA
S01X OUTROS OFTALMOLOGICOS;LACRIVISION LEB;LEBON PRODUTOS QUIMICOS E FARMACEUTICOS LTDA
S01R ANTIINFLAMATORIOS OFTALMOLOGICOS NAO ESTEROIDES;LEBLON LEB;LEBON PRODUTOS QUIMICOS E FARMACEUTICOS LTDA
R05C EXPECTORANTES;FORCEMED;LEDAL QUIMICA
A11G VITAMINA C INCLUSIVE ASSOCIADA A MINERAIS;LEDAL;LEDAL QUIMICA
D07A CORTICOIDES TOPICOS PUROS;ADVANTAN LEO;LEO PHARMA
D11A OUTRAS PREPARACOES DERMATOLOGICAS INCL XAMPUS MED;ADVANTAN LEO;LEO PHARMA
D10A PREPARACOES ANTIACNE TOPICOS;AZELAN LEO;LEO PHARMA
D05A PRODUTOS ANTIPSORIASE TOPICOS;DAIVOBET LEO;LEO PHARMA
D05A PRODUTOS ANTIPSORIASE TOPICOS;DAIVONEX LEO;LEO PHARMA
D06A ANTIBACTERIANOS TOPICOS;FUCIDIN LEO;LEO PHARMA
D07B ASSOCIACOES DE CORTICOIDES;ICACORT LEO;LEO PHARMA
D11A OUTRAS PREPARACOES DERMATOLOGICAS INCL XAMPUS MED;ICACORT LEO;LEO PHARMA
D01A ANTIMICOTICOS DERMATOLOGICOS;ICADEN BAY;LEO PHARMA
D01A ANTIMICOTICOS DERMATOLOGICOS;ICADEN LEO;LEO PHARMA
D10A PREPARACOES ANTIACNE TOPICOS;LEO PHARMA LEO;LEO PHARMA
D11A OUTRAS PREPARACOES DERMATOLOGICAS INCL XAMPUS MED;LEOPHARMA LEO;LEO PHARMA
D05X OUTROS PRODUTOS N/CORTICOIDES P DISTURB INFLAM;PROTOPIC LEO;LEO PHARMA
L04X OUTROS IMUNOSSUPRESORES;TACROLIMO LEO;LEO PHARMA
D06A ANTIBACTERIANOS TOPICOS;VERUTEX LEO;LEO PHARMA
D07B ASSOCIACOES DE CORTICOIDES;VERUTEX LEO;LEO PHARMA
C01B ANTIARRITMICOS;ANCORON LIB;LIBBS FARMACEUTICA
N05C TRANQUILIZANTES;ANSITEC LIB;LIBBS FARMACEUTICA
B01C INIBIDORES DA AGREGACAO PLAQUETARIA;ARTAG LIB;LIBBS FARMACEUTICA
L01B ANTIMETABOLITOS;ATRED LIB;LIBBS FARMACEUTICA
N06A A DEPRESSIVOS E REGUL DE HUMOR;AYMEE LIB;LIBBS FARMACEUTICA
G02X OTROS PRODUTOS GINECOLOGICOS;BELAMY LIB;LIBBS FARMACEUTICA
C08A ANTAGONISTAS DO CALCIO PUROS;CALTREN LIB;LIBBS FARMACEUTICA
C07A AGENTES BETA BLOQUEADORES PUROS;CARDILOL LIB;LIBBS FARMACEUTICA
B01C INIBIDORES DA AGREGACAO PLAQUETARIA;CEBRALAT LIB;LIBBS FARMACEUTICA
N06A A DEPRESSIVOS E REGUL DE HUMOR;CEBRILIN LIB;LIBBS FARMACEUTICA
G03F ASSOCIACOES DE ESTROGENOS E PROGESTOGENOS EXCETO G;CECI LIB;LIBBS FARMACEUTICA
N07D PRODUTOS ANTI ALZHEIMER;COGLIVE LIB;LIBBS FARMACEUTICA
G03A CONTRACEPTIVOS HORMONAIS SISTEMICOS;DIMINUT LIB;LIBBS FARMACEUTICA
C10A PREPARADOS PARA REGULACAO COLESTEROL E TRIGLICERID;EBATZ LIB;LIBBS FARMACEUTICA
R06A ANTIHISTAMINICOS SISTEMICOS;EBATZ LIB;LIBBS FARMACEUTICA
N03A ANTICONVULSIVANTES;EGIDE LIB;LIBBS FARMACEUTICA
G03A CONTRACEPTIVOS HORMONAIS SISTEMICOS;ELANI LIB;LIBBS FARMACEUTICA
L01B ANTIMETABOLITOS;FAULDFLUOR LIB;LIBBS FARMACEUTICA
D11A OUTRAS PREPARACOES DERMATOLOGICAS INCL XAMPUS MED;FINALOP LIB;LIBBS FARMACEUTICA
G03A CONTRACEPTIVOS HORMONAIS SISTEMICOS;GESTINOL LIB;LIBBS FARMACEUTICA
A10N INIBIDOR DPP IV;GLINK MET LIB;LIBBS FARMACEUTICA
G03A CONTRACEPTIVOS HORMONAIS SISTEMICOS;IUMI LIB;LIBBS FARMACEUTICA
G03A CONTRACEPTIVOS HORMONAIS SISTEMICOS;IZIZ LIB;LIBBS FARMACEUTICA
N03A ANTICONVULSIVANTES;LAKOS LIB LIB;LIBBS FARMACEUTICA
N06B PSICOESTIMULANTES;LIBBS;LIBBS FARMACEUTICA
G03X OUT HORMONIOS SEXUAIS E PRODS SIMILARES;LIBIAM LIB;LIBBS FARMACEUTICA
N07D PRODUTOS ANTI ALZHEIMER;LYSDEXA LIB;LIBBS FARMACEUTICA
R01A PREPARACOES NASAIS TOPICAS;MAXIDRATE LIB;LIBBS FARMACEUTICA
G03A CONTRACEPTIVOS HORMONAIS SISTEMICOS;MINIAN LIB;LIBBS FARMACEUTICA
A06A DROGAS PARA A CONSTIPACAO;MUVINLAX LIB;LIBBS FARMACEUTICA
G03A CONTRACEPTIVOS HORMONAIS SISTEMICOS;NACTALI LIB;LIBBS FARMACEUTICA
C09B INIBIDORES ACE COMBINADOS;NAPRIX A LIB;LIBBS FARMACEUTICA
C09A INIBIDORES ACE PUROS;NAPRIX LIB;LIBBS FARMACEUTICA
C09B INIBIDORES ACE COMBINADOS;NAPRIX LIB;LIBBS FARMACEUTICA
C09C ANTAGONISTAS DE LA ANGIOTENSINA II PUROS;NAPRIX LIB;LIBBS FARMACEUTICA
G03C ESTROGENOS E ASSOCIACOES EXCETO G03A G03E G03F;NATIFA LIB;LIBBS FARMACEUTICA
G03F ASSOCIACOES DE ESTROGENOS E PROGESTOGENOS EXCETO G;NATIFA LIB;LIBBS FARMACEUTICA
L01X OUTROS ANTINEOPLASICOS;NEXTELAC LIB;LIBBS FARMACEUTICA
A02B ANTIULCEROSOS;OMEPRAZOL LIB;LIBBS FARMACEUTICA
A03F GASTROPROCINETICOS;PLAMET LIB;LIBBS FARMACEUTICA
C10C REGUL DE LIPIDEOS EM COMB C OUT LIPIDOS REGUL;PLENANCE EZE LIB;LIBBS FARMACEUTICA
C10A PREPARADOS PARA REGULACAO COLESTEROL E TRIGLICERID;PLENANCE LIB;LIBBS FARMACEUTICA
R01A PREPARACOES NASAIS TOPICAS;PLURAIR LIB;LIBBS FARMACEUTICA
G03A CONTRACEPTIVOS HORMONAIS SISTEMICOS;POZATO LIB;LIBBS FARMACEUTICA
N06A A DEPRESSIVOS E REGUL DE HUMOR;PROCIMAX LIB;LIBBS FARMACEUTICA
C07A AGENTES BETA BLOQUEADORES PUROS;QUENZOR LIB;LIBBS FARMACEUTICA
N06A A DEPRESSIVOS E REGUL DE HUMOR;RECONTER LIB;LIBBS FARMACEUTICA
R01A PREPARACOES NASAIS TOPICAS;SALSEP LIB;LIBBS FARMACEUTICA
G03A CONTRACEPTIVOS HORMONAIS SISTEMICOS;SIBLIMA LIB;LIBBS FARMACEUTICA
A10K GLITAZONA A DIABETICOS;STANGLIT LIB;LIBBS FARMACEUTICA
N06B PSICOESTIMULANTES;STAVIGILE LIB;LIBBS FARMACEUTICA
N02C CONTRA ENXAQUECA;SUMAX LIB;LIBBS FARMACEUTICA
N02C CONTRA ENXAQUECA;SUMAXPRO LIB;LIBBS FARMACEUTICA
D05X OUTROS PRODUTOS N/CORTICOIDES P DISTURB INFLAM;TARFIC LIB;LIBBS FARMACEUTICA
D07A CORTICOIDES TOPICOS PUROS;TOPISON LIB;LIBBS FARMACEUTICA
C01B ANTIARRITMICOS;VATIS LIB;LIBBS FARMACEUTICA
N06A A DEPRESSIVOS E REGUL DE HUMOR;VELIJA LIB;LIBBS FARMACEUTICA
C09D ANTAGONISTAS DE LA ANGIOTENSINA II COMBINADOS;VENZER HCT LIB;LIBBS FARMACEUTICA
C09C ANTAGONISTAS DE LA ANGIOTENSINA II PUROS;VENZER LIB;LIBBS FARMACEUTICA
C09D ANTAGONISTAS DE LA ANGIOTENSINA II COMBINADOS;VENZER LIB;LIBBS FARMACEUTICA
N06A A DEPRESSIVOS E REGUL DE HUMOR;VEROTINA LIB;LIBBS FARMACEUTICA
L01G ANTICORPOS MONOCLONAIS ANTINEOPLASICOS;VIVAXXIA LIB;LIBBS FARMACEUTICA
N06A A DEPRESSIVOS E REGUL DE HUMOR;VOEXTOR LIB;LIBBS FARMACEUTICA
N06A A DEPRESSIVOS E REGUL DE HUMOR;ZETRON LIB;LIBBS FARMACEUTICA
N07D PRODUTOS ANTI ALZHEIMER;ZIDER LIB;LIBBS FARMACEUTICA
A07G REPOSITORES ELECTROLITICOS ORAIS;FIXIDRAT LIF;LIFAR
D01A ANTIMICOTICOS DERMATOLOGICOS;LIFAR IND;LIFAR
M02A ANTIREUMATICOS TOPICOS COM ANALGESICOS;LIFAR LIF;LIFAR
D08A ANTISSEPTICOS E DESINFETANTES EXCL CURATIVOS MEDIC;LIKLUC LIK;LIKLUC
M02A ANTIREUMATICOS TOPICOS COM ANALGESICOS;LIKLUC LIK;LIKLUC
A16A OUTROS PRODUTOS PARA O APARELHO DIGESTIVO E METAB;LINEA;LINEA ALIMENTOS
A12C OUTROS SUPLEMENTOS MINERAIS;LINHOLEV LIL;LINHO LEV
A07G REPOSITORES ELECTROLITICOS ORAIS;LIQUIDZ;LIQUIDZ
R05C EXPECTORANTES;ACETILCISTEINA LIT;LITEE FARMA
A12A CALCIO;CALCIO+VITAMINA D LITEE;LITEE FARMA
R05C EXPECTORANTES;COF COF LIT;LITEE FARMA
A12A CALCIO;LITEE CALCIO MDK;LITEE FARMA
M02A ANTIREUMATICOS TOPICOS COM ANALGESICOS;LIVER;LIVER COSMETICOS
M02A ANTIREUMATICOS TOPICOS COM ANALGESICOS;PETER SANCHEZ;LOZZANO COSMETICOS EIRELI
S01K PRODUTOS PARA OLHO SECO;LUBRIS LUB;LUBRIS
N06A A DEPRESSIVOS E REGUL DE HUMOR;BRINTELLIX LUN;LUNDBECK
N06A A DEPRESSIVOS E REGUL DE HUMOR;CIPRAMIL LUN;LUNDBECK
N05A ANTIPSICOTICOS;CLOPIXOL LUN;LUNDBECK
N07D PRODUTOS ANTI ALZHEIMER;EBIX LUN;LUNDBECK
N06A A DEPRESSIVOS E REGUL DE HUMOR;LEXAPRO LUN;LUNDBECK
N05A ANTIPSICOTICOS;LUNDBECK LUN;LUNDBECK
N05A ANTIPSICOTICOS;REXULTI LUN;LUNDBECK
N06A A DEPRESSIVOS E REGUL DE HUMOR;VURTUOSO LUN;LUNDBECK
M02A ANTIREUMATICOS TOPICOS COM ANALGESICOS;LUNIS CLA;LUNIS
A11X OUTRAS VITAMINAS PURAS;BIGENS;M LABS COMERCIO DE PRODUTOS NATURAIS
A12C OUTROS SUPLEMENTOS MINERAIS;DOLAMITA MAC;MACROPHYTUS
A12C OUTROS SUPLEMENTOS MINERAIS;FITOESBELT MAC;MACROPHYTUS
A12A CALCIO;MACROPHYTUS;MACROPHYTUS
R05C EXPECTORANTES;MAGARAZ;MAGARAZ
R02A PREPARACOES PARA GARGANTA;MAKROVIT;MAKROFARMA
R02A PREPARACOES PARA GARGANTA;MAKROVIT MKR;MAKROFARMA
A16A OUTROS PRODUTOS PARA O APARELHO DIGESTIVO E METAB;MAMBO;MAMBO
A12C OUTROS SUPLEMENTOS MINERAIS;MARCFARMA;MARCFARMA
J01G FLUOROQUINOLONAS;COLMEIA MRD;MARGARIDA SHIMBO DOCES CASEIRO
R02A PREPARACOES PARA GARGANTA;COLMEIA MRD;MARGARIDA SHIMBO DOCES CASEIRO
R05C EXPECTORANTES;COLMEIA MRD;MARGARIDA SHIMBO DOCES CASEIRO
M02A ANTIREUMATICOS TOPICOS COM ANALGESICOS;NEORLY;MARIAH COSM.
A05A PRODUTOS PARA DISTURBIOS DO TRATO BILIAR;FIGAMAR;MARIANO FARMACIAS
G02X OTROS PRODUTOS GINECOLOGICOS;APLAUSE MAR;MARJAN FARMA
G03A CONTRACEPTIVOS HORMONAIS SISTEMICOS;APLAUSE MAR;MARJAN FARMA
A12A CALCIO;CALDE KM MAR;MARJAN FARMA
A12C OUTROS SUPLEMENTOS MINERAIS;COLATEN MAR;MARJAN FARMA
A12C OUTROS SUPLEMENTOS MINERAIS;MARJAN MAR;MARJAN FARMA
C05C TERAPIA VARICOSA SISTEMICA;MARJAN MAR;MARJAN FARMA
J01E ASSOCIACOES DE TRIMETOPRIM E SIMILARES;MARJAN MAR;MARJAN FARMA
N05B HIPNOTICOS SEDATIVOS;MARJAN MAR;MARJAN FARMA
C10B PREPARACOES ANTIATEROMA DE ORIGEM NATURAL;MONALESS MAR;MARJAN FARMA
A06A DROGAS PARA A CONSTIPACAO;NORMATEN MAR;MARJAN FARMA
N05B HIPNOTICOS SEDATIVOS;PASALIX MAR;MARJAN FARMA
M05X OUTROS PRODUTOS SISTEMA MUSCULO ESQUELETICO;PERMEAR MAR;MARJAN FARMA
G02X OTROS PRODUTOS GINECOLOGICOS;RELACTAGEL MAR;MARJAN FARMA
G01A TRICOMONICIDAS;TAKIL MAR;MARJAN FARMA
G02X OTROS PRODUTOS GINECOLOGICOS;TENAG MAR;MARJAN FARMA
G01B ANTIMICOTICOS GINECOLOGICOS;TRIVAGEL MAR;MARJAN FARMA
G02X OTROS PRODUTOS GINECOLOGICOS;VAGI C MAR;MARJAN FARMA
C05B TERAPIA VARICOSA TOPICA;VECASTEN MAR;MARJAN FARMA
C05C TERAPIA VARICOSA SISTEMICA;VECASTEN MAR;MARJAN FARMA
C04A VASOTERAPIA CEREBRAL E PERIFERICA;VICOG MAR;MARJAN FARMA
R05C EXPECTORANTES;ACETILCISTEINA MAS;MASSIME
M05B REGULADORES DO CALCIO OSSEO;ARTROCART MAS;MASSIME
A12A CALCIO;DOSSEO MAS;MASSIME
A07G REPOSITORES ELECTROLITICOS ORAIS;HIDRASIM MAS;MASSIME
A12A CALCIO;PREVCAL D;MASSIME
A12A CALCIO;PREVCAL MDK;MASSIME
C02A ANTIHIPERTENSIVOS NAO HERBACEOS PUROS;ATENSINA MAW;MAWDSLEYS
N07D PRODUTOS ANTI ALZHEIMER;LEUSTATIN MAW;MAWDSLEYS
A12A CALCIO;FORTMAXIMUS;MAXIMUS
H04X OUTRAS HORMONIOS E PREPARACAO COM ACOES SIMILARES;ACALANTUS MAX;MAXINUTRI
H04X OUTRAS HORMONIOS E PREPARACAO COM ACOES SIMILARES;ACALENTUS MAX;MAXINUTRI
A12A CALCIO;CALCIO + VITAMINA D3 MXR;MAXINUTRI
A12A CALCIO;CALCIO DE OSTRA MXR;MAXINUTRI
A12A CALCIO;CALCIO MAGNESIO & ZINCO MXR;MAXINUTRI
A12A CALCIO;CALCIO+D3 MXR;MAXINUTRI
A12C OUTROS SUPLEMENTOS MINERAIS;CONDRIGEN MAX;MAXINUTRI
A07F MICROORGANISMOS ANTIDIARREICOS;DESLAC MAX;MAXINUTRI
A09A DIGESTIVOS INCLUIDO ENZIMAS;DESLAC MAX;MAXINUTRI
A07F MICROORGANISMOS ANTIDIARREICOS;FLORAMAIS MAX;MAXINUTRI
R05C EXPECTORANTES;FLUCETIL MAX;MAXINUTRI
L01J ANTINEOPLASICOS INIBIDORES DA PROTEASE;GLUTEZYM MAX;MAXINUTRI
A11D VITAMINA B1 E ASSOCIACOES;MAXINUTRI;MAXINUTRI
A12C OUTROS SUPLEMENTOS MINERAIS;MAXINUTRI;MAXINUTRI
A12A CALCIO;MAXINUTRI MAX;MAXINUTRI
R05C EXPECTORANTES;MAXINUTRI MAX;MAXINUTRI
R02A PREPARACOES PARA GARGANTA;PRO GARGO PROPOLIS MAX;MAXINUTRI
A07G REPOSITORES ELECTROLITICOS ORAIS;REHIDRALIN MAX;MAXINUTRI
B03A HEMATINICOS FERRO E TODAS AS ASSOCIACOES;VITATOON;MAXINUTRI
A07G REPOSITORES ELECTROLITICOS ORAIS;HIDRABEN MAY;MAYBEN
L01H ANTINEOPLASICOS INIBIDORES DA PROTEINA QUINASE;BRISTOL MYERS SQUIBB;MCD MIAMI COSMETIC
N05B HIPNOTICOS SEDATIVOS;BRISTOL MYERS SQUIBB;MCD MIAMI COSMETIC
L01H ANTINEOPLASICOS INIBIDORES DA PROTEINA QUINASE;SPRYCEL MCD;MCD MIAMI COSMETIC
A12A CALCIO;CALCIOCON D3 CONLIFE;MCG
A12A CALCIO;CAOCIOCON;MCG
H04X OUTRAS HORMONIOS E PREPARACAO COM ACOES SIMILARES;MELATONINA MCG;MCG SUPLEMENTOS ALIMENTARES
A12C OUTROS SUPLEMENTOS MINERAIS;MAGNESIO DIMALATO;MEDINAL
R05C EXPECTORANTES;ACETILCISTEINA MED;MEDLEY
D06D PRODUTOS PARA INFECOES VIRAIS;ACICLOVIR MED;MEDLEY
J05B OUTROS ANTIVIRAIS;ACICLOVIR MED;MEDLEY
M01A ANTI REUMATICOS SEM ESTEROIDES;ACIDO MEFENAMICO MED;MEDLEY
D10A PREPARACOES ANTIACNE TOPICOS;ADAPEL MED;MEDLEY
G03A CONTRACEPTIVOS HORMONAIS SISTEMICOS;AIXA MED;MEDLEY
P01B ANTIHELMINTICOS EXCETO OS ESQUISTOSOMICIDAS;ALBENDAZOL MED;MEDLEY
N06A A DEPRESSIVOS E REGUL DE HUMOR;ALENTHUS XR MED;MEDLEY
M04A ANTIGOTOSOS;ALOPURINOL MED;MEDLEY
N05C TRANQUILIZANTES;ALPRAZOLAM MED;MEDLEY
R05C EXPECTORANTES;AMBROXOL MED;MEDLEY
J01G FLUOROQUINOLONAS;AMICACINA MED;MEDLEY
N06A A DEPRESSIVOS E REGUL DE HUMOR;AMITRIPTILINA MD7;MEDLEY
N06A A DEPRESSIVOS E REGUL DE HUMOR;AMITRIPTILINA MED;MEDLEY
J01C PENICILINAS DE AMPLO ESPECTRO;AMOXICILINA MED;MEDLEY
C08A ANTAGONISTAS DO CALCIO PUROS;ANLODIPINO MED;MEDLEY
B01F INIBIDOR DIRETO DO FATOR XA;APIXABANA MED;MEDLEY
G03A CONTRACEPTIVOS HORMONAIS SISTEMICOS;ARACELI MED;MEDLEY
C07B ASSOCIACOES DE BETA BLOQUEADORES;ATENOLOL CLORTALIDONA MED;MEDLEY
C07A AGENTES BETA BLOQUEADORES PUROS;ATENOLOL MED;MEDLEY
C07B ASSOCIACOES DE BETA BLOQUEADORES;ATENOLOL MED;MEDLEY
C07B ASSOCIACOES DE BETA BLOQUEADORES;ATENOLOL+CLOR;MEDLEY
C10A PREPARADOS PARA REGULACAO COLESTEROL E TRIGLICERID;ATORVASTATINA MED;MEDLEY
N07A PRODUTOS PARA A ESCLEROSE MULTIPLA;AUBAGIO MED;MEDLEY
J01F MACROLIDEOS E SIMILARES;AZITROMICINA MED;MEDLEY
C09C ANTAGONISTAS DE LA ANGIOTENSINA II PUROS;BENASTRE MED;MEDLEY
A06A DROGAS PARA A CONSTIPACAO;BENESTARE MED;MEDLEY
C08A ANTAGONISTAS DO CALCIO PUROS;BESILATO DE ANLODIPINO MED;MEDLEY
D05A PRODUTOS ANTIPSORIASE TOPICOS;BETAME+AC.SALICI MD7;MEDLEY
S01E MIOTICOS E PRAPARADOS ANTIGLAUCOMA;BIMATOPROSTA COLIRIO MED;MEDLEY
N05C TRANQUILIZANTES;BROMAZEPAM MED;MEDLEY
A03F GASTROPROCINETICOS;BROMOPRIDA MED;MEDLEY
C09A INIBIDORES ACE PUROS;CAPTOPRIL MED;MEDLEY
N03A ANTICONVULSIVANTES;CARBAMAZEPINA MED;MEDLEY
C07A AGENTES BETA BLOQUEADORES PUROS;CARVEDILOL MED;MEDLEY
J01D CEFALOSPORINAS;CEFADROXILA MED;MEDLEY
J01D CEFALOSPORINAS;CEFALEXINA MED;MEDLEY
D07B ASSOCIACOES DE CORTICOIDES;CETOCONAZOL BETAMETASONA NEOMICINA MED;MEDLEY
D07B ASSOCIACOES DE CORTICOIDES;CETOCONAZOL DIPR DE BETAMETASONA MED;MEDLEY
D01A ANTIMICOTICOS DERMATOLOGICOS;CETOCONAZOL MED;MEDLEY
J02A AGENTES ANTIMICOTICOS SISTEMICOS EXCLUINDO GRISEOF;CETOCONAZOL MED;MEDLEY
M01A ANTI REUMATICOS SEM ESTEROIDES;CETOPROFENO MED;MEDLEY
M02A ANTIREUMATICOS TOPICOS COM ANALGESICOS;CETOPROFENO MED;MEDLEY
D01A ANTIMICOTICOS DERMATOLOGICOS;CICLOPIROX OLAMINA MED;MEDLEY
C10A PREPARADOS PARA REGULACAO COLESTEROL E TRIGLICERID;CIPROFIBRATO MED;MEDLEY
N06A A DEPRESSIVOS E REGUL DE HUMOR;CITALOPRAM MED;MEDLEY
G04E PRODUTOS PARA DISFUNCAO ERETIL;CITRATO DE SILDENAFILA MED;MEDLEY
J01F MACROLIDEOS E SIMILARES;CLARITROMICINA MED;MEDLEY
G03G GONADOTROFINAS E OUTROS ESTIMULANTES DA OVULACAO;CLOMID MED;MEDLEY
N03A ANTICONVULSIVANTES;CLONAZEPAM MED;MEDLEY
B01C INIBIDORES DA AGREGACAO PLAQUETARIA;CLOPIDOGREL MED;MEDLEY
C01B ANTIARRITMICOS;CLOR DE AMIODARONA MED;MEDLEY
N06A A DEPRESSIVOS E REGUL DE HUMOR;CLOR DE AMITRIPTILINA MED;MEDLEY
R05C EXPECTORANTES;CLOR DE BROMEXINA MED;MEDLEY
R05C EXPECTORANTES;CLOR DE BROMEXINA XAROPE MED;MEDLEY
J01G FLUOROQUINOLONAS;CLOR DE CIPROFLOXACINO MED;MEDLEY
N07D PRODUTOS ANTI ALZHEIMER;CLOR DE DORZOLAMIDA MED;MEDLEY
R06A ANTIHISTAMINICOS SISTEMICOS;CLOR DE FEXOFENADINA MED;MEDLEY
N06A A DEPRESSIVOS E REGUL DE HUMOR;CLOR DE FLUOXETINA MED;MEDLEY
N07D PRODUTOS ANTI ALZHEIMER;CLOR DE MEMANTINA MED;MEDLEY
A10J BIGUANIDA A DIABETICOS;CLOR DE METFORMINA MED;MEDLEY
N02C CONTRA ENXAQUECA;CLOR DE NARATRIPTANA MED;MEDLEY
A04A ANTIEMETICOS E ANTINAUSEOSOS;CLOR DE ONDANSETRONA MED;MEDLEY
N06A A DEPRESSIVOS E REGUL DE HUMOR;CLOR DE PAROXETINA MED;MEDLEY
C07A AGENTES BETA BLOQUEADORES PUROS;CLOR DE PROPRANOLOL MED;MEDLEY
N06A A DEPRESSIVOS E REGUL DE HUMOR;CLOR DE SERTRALINA MED;MEDLEY
D01A ANTIMICOTICOS DERMATOLOGICOS;CLOR DE TERBINAFINA MED;MEDLEY
J02A AGENTES ANTIMICOTICOS SISTEMICOS EXCLUINDO GRISEOF;CLOR DE TERBINAFINA MED;MEDLEY
N06A A DEPRESSIVOS E REGUL DE HUMOR;CLOR DE TRAZODONA MED;MEDLEY
N06A A DEPRESSIVOS E REGUL DE HUMOR;CLOR DE VENLAFAXINA MED;MEDLEY
R05C EXPECTORANTES;CLORIDRATO DE BROMEXINA MED;MEDLEY
N02C CONTRA ENXAQUECA;CLORIDRATO NARATRIPTANA MED;MEDLEY
D03A AGENTES CURATIVOS FERIDAS;CLOSTEBOL MED;MEDLEY
G01C ANTIBACTERIANOS GINECOLOGICOS;CLOSTEBOL MED;MEDLEY
D01A ANTIMICOTICOS DERMATOLOGICOS;CLOTRIMAZOL MED;MEDLEY
G01B ANTIMICOTICOS GINECOLOGICOS;CLOTRIMAZOL MED;MEDLEY
A10P INIBIDORES DE ANTIDIABETICOS DE SGLT2;DAPAGLIFLOZINA MED;MEDLEY
R06A ANTIHISTAMINICOS SISTEMICOS;DESLORATADINA MED;MEDLEY
D07A CORTICOIDES TOPICOS PUROS;DESONIDA MED;MEDLEY
D07A CORTICOIDES TOPICOS PUROS;DESONOL MED;MEDLEY
H02A CORTICOSTEROIDES PUROS;DEXAMETASONA MED;MEDLEY
H02B ASSOCIACOES CORTICOSTEROIDES SISTEMICOS;DEXCLORFENIRAMINA BETAMETASONA XAROPE MED;MEDLEY
R06A ANTIHISTAMINICOS SISTEMICOS;DEXCLORFENIRAMINA MED;MEDLEY
M01A ANTI REUMATICOS SEM ESTEROIDES;DICLOFENACO MED;MEDLEY
M02A ANTIREUMATICOS TOPICOS COM ANALGESICOS;DICLOFENACO MED;MEDLEY
M01A ANTI REUMATICOS SEM ESTEROIDES;DICLOFENACO RESINATO MED;MEDLEY
R06A ANTIHISTAMINICOS SISTEMICOS;DICLOR DE CETIRIZINA MED;MEDLEY
C01D TERAPIA CORONARIA EXCLUINDO ANTAGONISTAS DO CALCIO;DICLOR DE TRIMETAZIDINA MED;MEDLEY
N06A A DEPRESSIVOS E REGUL DE HUMOR;DIELOFT MED;MEDLEY
A03F GASTROPROCINETICOS;DIGEDRAT MED;MEDLEY
N02B NAO NARCOTICOS ANTIPIRETICOS;DIPIRONA MED;MEDLEY
A03F GASTROPROCINETICOS;DOMPERIDONA MED;MEDLEY
N07D PRODUTOS ANTI ALZHEIMER;DONEPEZILA MED;MEDLEY
R05D ANTITUSSIGENOS;DROPROPIZINA MED;MEDLEY
G03A CONTRACEPTIVOS HORMONAIS SISTEMICOS;DROSPIRENONA MED;MEDLEY
N06A A DEPRESSIVOS E REGUL DE HUMOR;EFICENTUS MED;MEDLEY
J07E VACINAS VIRAIS;EFLUELDA MED;MEDLEY
C09A INIBIDORES ACE PUROS;ENALAPRIL MED;MEDLEY
A03D ASSOCIACOES COM ANALGESICOS;ESCOPOLAMINA MED;MEDLEY
A02B ANTIULCEROSOS;ESOMEPRAZOL MED;MEDLEY
D11A OUTRAS PREPARACOES DERMATOLOGICAS INCL XAMPUS MED;FINASTERIDA MED;MEDLEY
G04C PRODUTOS PARA HIPERPLASIA PROSTATICA BENIGNA HPB;FINASTERIDA MED;MEDLEY
J02A AGENTES ANTIMICOTICOS SISTEMICOS EXCLUINDO GRISEOF;FLUCONAZOL MED;MEDLEY
C04A VASOTERAPIA CEREBRAL E PERIFERICA;FLUVERT MED;MEDLEY
C09C ANTAGONISTAS DE LA ANGIOTENSINA II PUROS;FLUXOCOR MED;MEDLEY
D07A CORTICOIDES TOPICOS PUROS;FUROATMOMETASO MED;MEDLEY
C10A PREPARADOS PARA REGULACAO COLESTEROL E TRIGLICERID;GENFIBROZILA MED;MEDLEY
A10H SULFONILOUREIA A DIABETICOS;GLIBENCLAMIDA MED;MEDLEY
A10H SULFONILOUREIA A DIABETICOS;GLIMEPIRIDA MED;MEDLEY
C07A AGENTES BETA BLOQUEADORES PUROS;HEMIFUMARATO DE BISOPROLOL MED;MEDLEY
N05A ANTIPSICOTICOS;HEMIFUMARATO DE QUETIAPINA MED;MEDLEY
C03A DIURETICOS;HIDROCLOROTIAZIDA MED;MEDLEY
N02B NAO NARCOTICOS ANTIPIRETICOS;IBUPROFENO MED;MEDLEY
N03A ANTICONVULSIVANTES;LAMOTRIGINA MED;MEDLEY
A02B ANTIULCEROSOS;LANSOPRAZOL MED;MEDLEY
J01G FLUOROQUINOLONAS;LEVOFLOXACINO MED;MEDLEY
N06B PSICOESTIMULANTES;LISDEXANFETAMINA MED;MEDLEY
C09A INIBIDORES ACE PUROS;LISINOPRIL MED;MEDLEY
R06A ANTIHISTAMINICOS SISTEMICOS;LORATADINA MED;MEDLEY
N05C TRANQUILIZANTES;LORAZEPAN MED;MEDLEY
C09D ANTAGONISTAS DE LA ANGIOTENSINA II COMBINADOS;LOSARTANA HIDROCLOROTIAZIDA MED;MEDLEY
C09C ANTAGONISTAS DE LA ANGIOTENSINA II PUROS;LOSARTANA MED;MEDLEY
C09D ANTAGONISTAS DE LA ANGIOTENSINA II COMBINADOS;LOSARTANA MED;MEDLEY
N02B NAO NARCOTICOS ANTIPIRETICOS;MEDALGESICO MED;MEDLEY
N05B HIPNOTICOS SEDATIVOS;MEDANSIEDADE MED;MEDLEY
M01A ANTI REUMATICOS SEM ESTEROIDES;MEDLEY;MEDLEY
R06A ANTIHISTAMINICOS SISTEMICOS;MEDLEY;MEDLEY
G02X OTROS PRODUTOS GINECOLOGICOS;MEDMULHER MED;MEDLEY
N02A ANALGESICOS NARCOTICOS;MEDMULHER MED;MEDLEY
M01A ANTI REUMATICOS SEM ESTEROIDES;MELOXICAM MED;MEDLEY
C02A ANTIHIPERTENSIVOS NAO HERBACEOS PUROS;MESILATO DE DOXAZOSINA MED;MEDLEY
A10J BIGUANIDA A DIABETICOS;METFORMINA MED;MEDLEY
C02A ANTIHIPERTENSIVOS NAO HERBACEOS PUROS;METILDOPA MED;MEDLEY
N06B PSICOESTIMULANTES;METILFENIDATO MD7;MEDLEY
D01A ANTIMICOTICOS DERMATOLOGICOS;MICONAZOL MED;MEDLEY
G01B ANTIMICOTICOS GINECOLOGICOS;MICONAZOL MED;MEDLEY
N05B HIPNOTICOS SEDATIVOS;MIDAZOLAM MED;MEDLEY
G03A CONTRACEPTIVOS HORMONAIS SISTEMICOS;MINIMA MED;MEDLEY
N06A A DEPRESSIVOS E REGUL DE HUMOR;MIRTAZAPINA MED;MEDLEY
R03J ANTI ASMATICOS ANTAGONISTAS DE LEUCOTRIENE;MONTELUCASTE MED;MEDLEY
N06A A DEPRESSIVOS E REGUL DE HUMOR;MORATUS MED;MEDLEY
R05C EXPECTORANTES;MUCIBRON MED;MEDLEY
D06A ANTIBACTERIANOS TOPICOS;MUPIROCINA MED;MEDLEY
G01B ANTIMICOTICOS GINECOLOGICOS;NISTATINA MED;MEDLEY
D01A ANTIMICOTICOS DERMATOLOGICOS;NISTATINA OXIDO DE ZINCO MED;MEDLEY
P01B ANTIHELMINTICOS EXCETO OS ESQUISTOSOMICIDAS;NITAZOXANIDA MED;MEDLEY
J01G FLUOROQUINOLONAS;NORFLOXACINO MED;MEDLEY
N05A ANTIPSICOTICOS;OLANZAPINA MED;MEDLEY
C09C ANTAGONISTAS DE LA ANGIOTENSINA II PUROS;OLMESARTANA MEDOXOMILA MED;MEDLEY
A02B ANTIULCEROSOS;OMEPRAZOL MED;MEDLEY
M05B REGULADORES DO CALCIO OSSEO;OSTEONUTRI MED;MEDLEY
N06A A DEPRESSIVOS E REGUL DE HUMOR;OXALATO DE ESCITALOPRAM MED;MEDLEY
N03A ANTICONVULSIVANTES;OXCARBAZEPINA MED;MEDLEY
A02B ANTIULCEROSOS;PANTOPRAZOL MED;MEDLEY
N02B NAO NARCOTICOS ANTIPIRETICOS;PARACETAMOL MED;MEDLEY
C10A PREPARADOS PARA REGULACAO COLESTEROL E TRIGLICERID;PRAVASTATINA SODICA MED;MEDLEY
A02B ANTIULCEROSOS;PRAZOL MED;MEDLEY
H02A CORTICOSTEROIDES PUROS;PREDNISOLONA MED;MEDLEY
H02A CORTICOSTEROIDES PUROS;PREDNISONA MED;MEDLEY
N02D PROD GABAPENTINOIDES;PREGABALINA MED;MEDLEY
N02D PROD GABAPENTINOIDES;PROLEPTOL MED;MEDLEY
D07A CORTICOIDES TOPICOS PUROS;PROPIONATO DE CLOBETASOL MED;MEDLEY
A02B ANTIULCEROSOS;PYLORIPAC MED;MEDLEY
C09A INIBIDORES ACE PUROS;RAMIPRIL MED;MEDLEY
R05C EXPECTORANTES;RESPIRATUS MED;MEDLEY
D06A ANTIBACTERIANOS TOPICOS;RIFAMICINA MED;MEDLEY
N05A ANTIPSICOTICOS;RISPERIDONA MED;MEDLEY
B01F INIBIDOR DIRETO DO FATOR XA;RIVAROXABANA MED;MEDLEY
C10A PREPARADOS PARA REGULACAO COLESTEROL E TRIGLICERID;ROSUVASTATINA CALCICA MED;MEDLEY
G01A TRICOMONICIDAS;SECNIDAZOL MED;MEDLEY
N06A A DEPRESSIVOS E REGUL DE HUMOR;SERTRALINA MED;MEDLEY
A02A ANTIACIDOS ANTIFISETICOS;SIMETICONA MED;MEDLEY
A03A ANTIESPASMODICOS E ANTICOLINERGICOS PUROS;SIMETICONA MED;MEDLEY
C10A PREPARADOS PARA REGULACAO COLESTEROL E TRIGLICERID;SINVASTATINA MED;MEDLEY
N06A A DEPRESSIVOS E REGUL DE HUMOR;SUCCINATO DE DESVENLAFAXINA MED;MEDLEY
C07A AGENTES BETA BLOQUEADORES PUROS;SUCCINATO DE METOPROLOL MED;MEDLEY
G04D PRODUTOS PARA INCONTINENCIA URINARIA;SUCCINATO DE SOLIFENACINA MED;MEDLEY
P01D ANTIMALARICOS;SUL DE HIDROXICLOROQUINA MED;MEDLEY
D06A ANTIBACTERIANOS TOPICOS;SUL DE NEOMICINA BACITRACINA MED;MEDLEY
G04E PRODUTOS PARA DISFUNCAO ERETIL;TADALAFILA MED;MEDLEY
N02B NAO NARCOTICOS ANTIPIRETICOS;TERMOMED IBUP MED;MEDLEY
N02B NAO NARCOTICOS ANTIPIRETICOS;TERMOMED MED;MEDLEY
B01C INIBIDORES DA AGREGACAO PLAQUETARIA;TICLOPIDINA MED;MEDLEY
G01A TRICOMONICIDAS;TINIDAZOL MED;MEDLEY
N03A ANTICONVULSIVANTES;TOPIT MED;MEDLEY
S01E MIOTICOS E PRAPARADOS ANTIGLAUCOMA;TRAVOPROSTA COLIRIO MED;MEDLEY
N06A A DEPRESSIVOS E REGUL DE HUMOR;TRAZODONA MED;MEDLEY
D07A CORTICOIDES TOPICOS PUROS;VAL DE BETAMETASONA MED;MEDLEY
C09C ANTAGONISTAS DE LA ANGIOTENSINA II PUROS;VALSARTANA MED;MEDLEY
C09C ANTAGONISTAS DE LA ANGIOTENSINA II PUROS;VALTRIAN MED;MEDLEY
C09D ANTAGONISTAS DE LA ANGIOTENSINA II COMBINADOS;VALTRIAN MED;MEDLEY
N06A A DEPRESSIVOS E REGUL DE HUMOR;VENLAFAXINA MED;MEDLEY
C08A ANTAGONISTAS DO CALCIO PUROS;ZANIDIP MED;MEDLEY
C10A PREPARADOS PARA REGULACAO COLESTEROL E TRIGLICERID;ZINPASS MED;MEDLEY
C10C REGUL DE LIPIDEOS EM COMB C OUT LIPIDOS REGUL;ZINPASS MED;MEDLEY
N06A A DEPRESSIVOS E REGUL DE HUMOR;ZODEL MED;MEDLEY
B01C INIBIDORES DA AGREGACAO PLAQUETARIA;ACIDOACETILSALIICILICO MDQ;MEDQUIMICA
B01C INIBIDORES DA AGREGACAO PLAQUETARIA;AS MED MDQ;MEDQUIMICA
N02A ANALGESICOS NARCOTICOS;AS MED MDQ;MEDQUIMICA
N02B NAO NARCOTICOS ANTIPIRETICOS;AS MED MDQ;MEDQUIMICA
B01C INIBIDORES DA AGREGACAO PLAQUETARIA;ASMED MDQ;MEDQUIMICA
A03D ASSOCIACOES COM ANALGESICOS;ATROVEX MDQ;MEDQUIMICA
J01F MACROLIDEOS E SIMILARES;AZITROMED MDQ;MEDQUIMICA
J01F MACROLIDEOS E SIMILARES;AZITROMICINA MDQ;MEDQUIMICA
D07B ASSOCIACOES DE CORTICOIDES;BETAPRO MED;MEDQUIMICA
A05A PRODUTOS PARA DISTURBIOS DO TRATO BILIAR;BOLDOBEBA MDQ;MEDQUIMICA
C09A INIBIDORES ACE PUROS;CAPTOPRIL MDQ;MEDQUIMICA
N06A A DEPRESSIVOS E REGUL DE HUMOR;CLOR DE FLUOXETINA MDQ;MEDQUIMICA
R06A ANTIHISTAMINICOS SISTEMICOS;CLOR DE HIDROXIZINA MDQ;MEDQUIMICA
J01A TETRACICLINAS E ASSOCIACOES;CLOR DE TETRACICLINA MDQ;MEDQUIMICA
N05B HIPNOTICOS SEDATIVOS;DALMADORM MDQ;MEDQUIMICA
A10P INIBIDORES DE ANTIDIABETICOS DE SGLT2;DAPAGLIFLOZINA MDQ;MEDQUIMICA
P03A ECTOPARASITICIDAS INCL ESCAB;DELTAMETRIL MDQ;MEDQUIMICA
H02B ASSOCIACOES CORTICOSTEROIDES SISTEMICOS;DEXCLORFENIRAMINA MDQ;MEDQUIMICA
N02A ANALGESICOS NARCOTICOS;DIPIMED MDQ;MEDQUIMICA
N02B NAO NARCOTICOS ANTIPIRETICOS;DIPIMED MDQ;MEDQUIMICA
N02B NAO NARCOTICOS ANTIPIRETICOS;DIPIRONA MDQ;MEDQUIMICA
N02A ANALGESICOS NARCOTICOS;DIPIRONA MED;MEDQUIMICA
N02B NAO NARCOTICOS ANTIPIRETICOS;DIPMED MDQ;MEDQUIMICA
N07D PRODUTOS ANTI ALZHEIMER;DONEPEZILA MDQ;MEDQUIMICA
A10P INIBIDORES DE ANTIDIABETICOS DE SGLT2;EMPAGLIFLOZINA MDQ;MEDQUIMICA
C09C ANTAGONISTAS DE LA ANGIOTENSINA II PUROS;ENALAPRIL MDQ;MEDQUIMICA
N05B HIPNOTICOS SEDATIVOS;FIQUEZEN MDQ;MEDQUIMICA
J02A AGENTES ANTIMICOTICOS SISTEMICOS EXCLUINDO GRISEOF;FLUCONAZOL MDQ;MEDQUIMICA
J02A AGENTES ANTIMICOTICOS SISTEMICOS EXCLUINDO GRISEOF;FLUCOVIL MDQ;MEDQUIMICA
R05C EXPECTORANTES;FLUIAR MDQ;MEDQUIMICA
A02A ANTIACIDOS ANTIFISETICOS;GASTROGEL MDQ;MEDQUIMICA
A10H SULFONILOUREIA A DIABETICOS;GLIBENCLAMIDA MDQ;MEDQUIMICA
A10H SULFONILOUREIA A DIABETICOS;GLICONIL MDQ;MEDQUIMICA
R05A ANTIGRIPAIS EXCLUINDO ANTINFECCIOSOS;GRIPINEW MDQ;MEDQUIMICA
R05C EXPECTORANTES;HEALTH LABS MDQ;MEDQUIMICA
N05B HIPNOTICOS SEDATIVOS;HEMITARTARATO DE ZOLPIDEM MDQ;MEDQUIMICA
C03A DIURETICOS;HIDROCLOROTIAZIDA MDQ;MEDQUIMICA
M01A ANTI REUMATICOS SEM ESTEROIDES;HIDROXIZINA MDQ;MEDQUIMICA
M01A ANTI REUMATICOS SEM ESTEROIDES;IBUPROFENO MDQ;MEDQUIMICA
N02B NAO NARCOTICOS ANTIPIRETICOS;IBUPROFENO MDQ;MEDQUIMICA
N02B NAO NARCOTICOS ANTIPIRETICOS;IBUPROMED MDQ;MEDQUIMICA
N06C ASSOCIACOES PSICOLEPTICAS PSICOANALEPTICAS;LIMBITROL MDQ;MEDQUIMICA
A02A ANTIACIDOS ANTIFISETICOS;LIVGAS MDQ;MEDQUIMICA
R06A ANTIHISTAMINICOS SISTEMICOS;LORATADINA XAROPE MDQ;MEDQUIMICA
R01A PREPARACOES NASAIS TOPICAS;MEDQUIMICA;MEDQUIMICA
N05A ANTIPSICOTICOS;MELLERIL MDQ;MEDQUIMICA
R03J ANTI ASMATICOS ANTAGONISTAS DE LEUCOTRIENE;MONTELUCASTE MDQ;MEDQUIMICA
R01A PREPARACOES NASAIS TOPICAS;NASALFREE MDQ;MEDQUIMICA
C08A ANTAGONISTAS DO CALCIO PUROS;NIFEDIPRESS MDQ;MEDQUIMICA
J01G FLUOROQUINOLONAS;NORFLOXACINO MDQ;MEDQUIMICA
M03B RELAXANTES MUSCULARES ACAO CENTRAL;NOVRALFLEX MDQ;MEDQUIMICA
D01A ANTIMICOTICOS DERMATOLOGICOS;OXIPELLE MDQ;MEDQUIMICA
A02B ANTIULCEROSOS;PANTONAX MDQ;MEDQUIMICA
A02B ANTIULCEROSOS;PANTOPRAZOL MDQ;MEDQUIMICA
N02B NAO NARCOTICOS ANTIPIRETICOS;PARACETAMOL MDQ;MEDQUIMICA
N02D PROD GABAPENTINOIDES;PREGABALINA MDQ;MEDQUIMICA
C09A INIBIDORES ACE PUROS;PRESSOMED MDQ;MEDQUIMICA
C09C ANTAGONISTAS DE LA ANGIOTENSINA II PUROS;PRESSOMED MDQ;MEDQUIMICA
C09A INIBIDORES ACE PUROS;PRESSOMEDE MDQ;MEDQUIMICA
R05C EXPECTORANTES;RESPLIX MDQ;MEDQUIMICA
B01F INIBIDOR DIRETO DO FATOR XA;RIVAROXABANA MDQ;MEDQUIMICA
A02A ANTIACIDOS ANTIFISETICOS;SIMETICONA MDQ;MEDQUIMICA
D05A PRODUTOS ANTIPSORIASE TOPICOS;SOLAQUIN BAU;MEDQUIMICA
D05A PRODUTOS ANTIPSORIASE TOPICOS;SOLAQUIN MDQ;MEDQUIMICA
D11A OUTRAS PREPARACOES DERMATOLOGICAS INCL XAMPUS MED;SOLAQUIN MDQ;MEDQUIMICA
M01A ANTI REUMATICOS SEM ESTEROIDES;TENOXICAM MDQ;MEDQUIMICA
M01A ANTI REUMATICOS SEM ESTEROIDES;TENOXIL MDQ;MEDQUIMICA
J01A TETRACICLINAS E ASSOCIACOES;TETRAMED MDQ;MEDQUIMICA
N06A A DEPRESSIVOS E REGUL DE HUMOR;TRAZODONA MDQ;MEDQUIMICA
M01A ANTI REUMATICOS SEM ESTEROIDES;TYLAFLEX MDQ;MEDQUIMICA
N02B NAO NARCOTICOS ANTIPIRETICOS;TYLAFLEX MDQ;MEDQUIMICA
A03F GASTROPROCINETICOS;VOMISTOP MDQ;MEDQUIMICA
N05B HIPNOTICOS SEDATIVOS;ZOLPIDEM MDQ;MEDQUIMICA
T02X TODOS OS OUTROS TEST DIAGNOSTICOS;MEDTRONIC MDT;MEDTRONIC
A12C OUTROS SUPLEMENTOS MINERAIS;BESEROL MEG;MEGALABS
M03B RELAXANTES MUSCULARES ACAO CENTRAL;BESEROL MEG;MEGALABS
A07F MICROORGANISMOS ANTIDIARREICOS;BIDRILAC MEG;MEGALABS
A02A ANTIACIDOS ANTIFISETICOS;DROXAINE MEG;MEGALABS
M02A ANTIREUMATICOS TOPICOS COM ANALGESICOS;FISIOCREM MEG;MEGALABS
R02A PREPARACOES PARA GARGANTA;MALVATRICIN;MEGALABS
R02A PREPARACOES PARA GARGANTA;MALVONA;MEGALABS
A07F MICROORGANISMOS ANTIDIARREICOS;MEGALABS MEG;MEGALABS
R01A PREPARACOES NASAIS TOPICAS;PENETRO MEG;MEGALABS
R04A UNGUENTOS PERCUTANEOS E OUTROS INALANTES;PENETRO MEG;MEGALABS
G03G GONADOTROFINAS E OUTROS ESTIMULANTES DA OVULACAO;CHORIOMON;MEIZLER UCB
R02A PREPARACOES PARA GARGANTA;MEL DO SOL;MEL DO SOL
R02A PREPARACOES PARA GARGANTA;SMELLS;MEL SMELLS
R02A PREPARACOES PARA GARGANTA;SMELLS MES;MEL SMELLS
R05B ANTIGRIPAIS C ANTIINFECCIOSOS;SMELLS MES;MEL SMELLS
R05C EXPECTORANTES;SMELLS MES;MEL SMELLS
R02A PREPARACOES PARA GARGANTA;WENZEL;MEL WENZEL IND COM LTDA
R05C EXPECTORANTES;MELBRAS;MELBRAS
D10B PREPARACOES ANTIACNE ORAIS;ACET DE CIPROTERONA ETINILESTRADIOL MLC;MELCON
G03A CONTRACEPTIVOS HORMONAIS SISTEMICOS;DESOGESTREL ETINILESTRADIOL MLC;MELCON
G03D PROGESTOGENOS E ASSOCIACOES EXCLUINDO G3A G3F;DIENOGESTE MLC;MELCON
G03A CONTRACEPTIVOS HORMONAIS SISTEMICOS;HORA H MLC;MELCON
R05C EXPECTORANTES;MELDICA MDC;MELDICA
A12C OUTROS SUPLEMENTOS MINERAIS;MELFORT;MELFORT
H04X OUTRAS HORMONIOS E PREPARACAO COM ACOES SIMILARES;MELFORT;MELFORT
R02A PREPARACOES PARA GARGANTA;MELFORT;MELFORT
R05A ANTIGRIPAIS EXCLUINDO ANTINFECCIOSOS;MELFORT;MELFORT
R05B ANTIGRIPAIS C ANTIINFECCIOSOS;MELFORT;MELFORT
D11A OUTRAS PREPARACOES DERMATOLOGICAS INCL XAMPUS MED;HELIORAL MEL;MELORA
D11A OUTRAS PREPARACOES DERMATOLOGICAS INCL XAMPUS MED;MELORA C MEL;MELORA
A05B PRODUTOS PARA DOENCAS DO FIGADO HEPATOPROTETORES;NITROFIGAN MEQ;MEQQUIMICA
G03A CONTRACEPTIVOS HORMONAIS SISTEMICOS;ACET DE CIPROTERONA ETINILESTRADIOL MER;MERCK
J05B OUTROS ANTIVIRAIS;ACICLOVIR MER;MERCK
C09C ANTAGONISTAS DE LA ANGIOTENSINA II PUROS;ALDOMET MER;MERCK
M01A ANTI REUMATICOS SEM ESTEROIDES;ALGINAC MER;MERCK
M01A ANTI REUMATICOS SEM ESTEROIDES;ARCOXIA MER;MERCK
L01G ANTICORPOS MONOCLONAIS ANTINEOPLASICOS;BAVENCIO MER;MERCK
C07B ASSOCIACOES DE BETA BLOQUEADORES;BICONCOR MER;MERCK
C09C ANTAGONISTAS DE LA ANGIOTENSINA II PUROS;BICONCOR MER;MERCK
G03A CONTRACEPTIVOS HORMONAIS SISTEMICOS;CETROTIDE MER;MERCK
H01C HORMONIOS HIPOTALAMICAS;CETROTIDE MER;MERCK
J01F MACROLIDEOS E SIMILARES;CLINDAL MER;MERCK
C10A PREPARADOS PARA REGULACAO COLESTEROL E TRIGLICERID;CLINFAR MER;MERCK
A10J BIGUANIDA A DIABETICOS;CLOR DE METFORMINA MER;MERCK
C09C ANTAGONISTAS DE LA ANGIOTENSINA II PUROS;CLORIDRATO DE SOTALOL MER;MERCK
B01A ANTICOAGULANTES NAO INJETAVEIS;CONCOR MER;MERCK
C07A AGENTES BETA BLOQUEADORES PUROS;CONCOR MER;MERCK
C07B ASSOCIACOES DE BETA BLOQUEADORES;CONCOR MER;MERCK
C08B ANTAGONISTAS DO CALCIO ASSOCIADOS;CONCOR MER;MERCK
A08A - PREPARADOS ANOREXICOS EXETO OS DIETETICOS;CONTRAVE MER;MERCK
C09C ANTAGONISTAS DE LA ANGIOTENSINA II PUROS;COZAAR MER;MERCK
G03A CONTRACEPTIVOS HORMONAIS SISTEMICOS;CRINONE MER;MERCK
G03D PROGESTOGENOS E ASSOCIACOES EXCLUINDO G3A G3F;CRINONE MER;MERCK
B01C INIBIDORES DA AGREGACAO PLAQUETARIA;CUORE MER;MERCK
R01B DESCONGESTIONANTES NASAIS SISTEMICOS;DESALEX MER;MERCK
R06A ANTIHISTAMINICOS SISTEMICOS;DESALEX MER;MERCK
D10B PREPARACOES ANTIACNE ORAIS;DICLIN MER;MERCK
C10A PREPARADOS PARA REGULACAO COLESTEROL E TRIGLICERID;ELPENZO MER;MERCK
L01G ANTICORPOS MONOCLONAIS ANTINEOPLASICOS;ERBITUX MER;MERCK
H03A PREPARADOS DE TIREOIDE;EUTHYROX MER;MERCK
C10A PREPARADOS PARA REGULACAO COLESTEROL E TRIGLICERID;EZETROL MER;MERCK
D11A OUTRAS PREPARACOES DERMATOLOGICAS INCL XAMPUS MED;FINASTERIDA MER;MERCK
G04C PRODUTOS PARA HIPERPLASIA PROSTATICA BENIGNA HPB;FINASTERIDA MER;MERCK
G04C PRODUTOS PARA HIPERPLASIA PROSTATICA BENIGNA HPB;FLAXIN MER;MERCK
M02A ANTIREUMATICOS TOPICOS COM ANALGESICOS;FLEXIVE MER;MERCK
A07G REPOSITORES ELECTROLITICOS ORAIS;FLORALYTE MER;MERCK
A07F MICROORGANISMOS ANTIDIARREICOS;FLORATIL MER;MERCK
M05B REGULADORES DO CALCIO OSSEO;FOSAMAX MER;MERCK
J07E VACINAS VIRAIS;GARDASIL MER;MERCK
A10H SULFONILOUREIA A DIABETICOS;GLIFAGE MER;MERCK
A10J BIGUANIDA A DIABETICOS;GLIFAGE MER;MERCK
A10J BIGUANIDA A DIABETICOS;GLIVANCE XR MER;MERCK
A10J BIGUANIDA A DIABETICOS;GLUCOVANCE MER;MERCK
A10S AGONISTAS GLP 1;GLUCOVANCE MER;MERCK
G03G GONADOTROFINAS E OUTROS ESTIMULANTES DA OVULACAO;GONAL F MER;MERCK
G03A CONTRACEPTIVOS HORMONAIS SISTEMICOS;GONAL MER;MERCK
C07A AGENTES BETA BLOQUEADORES PUROS;HEMIFUMARATO DE BISOPROLOL MER;MERCK
N05A ANTIPSICOTICOS;HEMIFUMARATO DE QUETIAPINA MER;MERCK
R01A PREPARACOES NASAIS TOPICAS;HYPERA PHARMA;MERCK
C09C ANTAGONISTAS DE LA ANGIOTENSINA II PUROS;HYZAAR MER;MERCK
C09D ANTAGONISTAS DE LA ANGIOTENSINA II COMBINADOS;HYZAAR MER;MERCK
M01A ANTI REUMATICOS SEM ESTEROIDES;INDOCID MER;MERCK
A10N INIBIDOR DPP IV;JANUMET MER;MERCK
A10N INIBIDOR DPP IV;JANUVIA MER;MERCK
L01G ANTICORPOS MONOCLONAIS ANTINEOPLASICOS;KEYTRUDA MER;MERCK
J01G FLUOROQUINOLONAS;LEVOFLOXACINO MER;MERCK
H03A PREPARADOS DE TIREOIDE;LEVOTIROXINA MER;MERCK
N07A PRODUTOS PARA A ESCLEROSE MULTIPLA;MAVENCLAD MER;MERCK
N02C CONTRA ENXAQUECA;MAXALT MER;MERCK
C02A ANTIHIPERTENSIVOS NAO HERBACEOS PUROS;MESIDOX MER;MERCK
C09C ANTAGONISTAS DE LA ANGIOTENSINA II PUROS;MESIDOX MER;MERCK
C02A ANTIHIPERTENSIVOS NAO HERBACEOS PUROS;MESILATO DE DOXAZOSINA MER;MERCK
H02A CORTICOSTEROIDES PUROS;METICORTEN MER;MERCK
R01A PREPARACOES NASAIS TOPICAS;NASONEX MER;MERCK
R01A PREPARACOES NASAIS TOPICAS;NITES MER;MERCK
P01B ANTIHELMINTICOS EXCETO OS ESQUISTOSOMICIDAS;NOXAFIL MER;MERCK
A02B ANTIULCEROSOS;OMEPRAZOL MER;MERCK
G02F HORMONIOS SEXUAIS TOPICOS;OVESTRION MER;MERCK
G03C ESTROGENOS E ASSOCIACOES EXCETO G03A G03E G03F;OVESTRION MER;MERCK
G03G GONADOTROFINAS E OUTROS ESTIMULANTES DA OVULACAO;OVIDREL MER;MERCK
A02B ANTIULCEROSOS;PANTOPRAZOL MER;MERCK
G03G GONADOTROFINAS E OUTROS ESTIMULANTES DA OVULACAO;PERGOVERIS MER;MERCK
G03A CONTRACEPTIVOS HORMONAIS SISTEMICOS;PEROLA MER;MERCK
N02D PROD GABAPENTINOIDES;PREGABALINA MER;MERCK
C09B INIBIDORES ACE COMBINADOS;PRINZIDE MER;MERCK
N05A ANTIPSICOTICOS;QUETIAPINA MER;MERCK
N07A PRODUTOS PARA A ESCLEROSE MULTIPLA;REBIF MER;MERCK
C09A INIBIDORES ACE PUROS;RENITEC MER;MERCK
C09C ANTAGONISTAS DE LA ANGIOTENSINA II PUROS;RENITEC MER;MERCK
N05A ANTIPSICOTICOS;RISPERIDONA MER;MERCK
J07E VACINAS VIRAIS;ROTATEQ MER;MERCK
C08A ANTAGONISTAS DO CALCIO PUROS;ROXFLAN MER;MERCK
S01E MIOTICOS E PRAPARADOS ANTIGLAUCOMA;SAFLUTAN MER;MERCK
R03A AGONISTAS BETA 2;SINGULAIR MER;MERCK
R03J ANTI ASMATICOS ANTAGONISTAS DE LEUCOTRIENE;SINGULAIR MER;MERCK
C10A PREPARADOS PARA REGULACAO COLESTEROL E TRIGLICERID;SINVASTATINA MER;MERCK
G03A CONTRACEPTIVOS HORMONAIS SISTEMICOS;STEZZA MER;MERCK
S01K PRODUTOS PARA OLHO SECO;TIMOPTOL MER;MERCK
J07D VACINAS BACTERIANAS;VAXNEUVANCE MER;MERCK
C10C REGUL DE LIPIDEOS EM COMB C OUT LIPIDOS REGUL;VYTORIN MER;MERCK
C10A PREPARADOS PARA REGULACAO COLESTEROL E TRIGLICERID;ZIMIEX MER;MERCK
J07E VACINAS VIRAIS;ZZVAC MER;MERCK
R05C EXPECTORANTES;ACETILCISTEINA MEC;MERCOFARMA
H04X OUTRAS HORMONIOS E PREPARACAO COM ACOES SIMILARES;MELATONINA;MERCOFARMA
R05F OUTROS ANTITUSSIGENOS E ANTIGRIPAIS;MELGUAX;MERCOFARMA
R05A ANTIGRIPAIS EXCLUINDO ANTINFECCIOSOS;MERCOFARMA;MERCOFARMA
A12A CALCIO;OSSCALCIO MEC;MERCOFARMA
A12C OUTROS SUPLEMENTOS MINERAIS;CONDROLESS MET;METALAB
A05B PRODUTOS PARA DOENCAS DO FIGADO HEPATOPROTETORES;EPATINON MET;METALAB
M05X OUTROS PRODUTOS SISTEMA MUSCULO ESQUELETICO;FLEX A MIM MET;METALAB
A07F MICROORGANISMOS ANTIDIARREICOS;GERMINA;METALAB
R05F OUTROS ANTITUSSIGENOS E ANTIGRIPAIS;MELTRAT MET;METALAB
R05C EXPECTORANTES;MUCOLISIL MET;METALAB
A05A PRODUTOS PARA DISTURBIOS DO TRATO BILIAR;SANTA RAIZ;METALAB
R05F OUTROS ANTITUSSIGENOS E ANTIGRIPAIS;METAPLUS;METAPLUS
R05C EXPECTORANTES;MEU MEL;MEU MEL
A06A DROGAS PARA A CONSTIPACAO;PURA FIBRA;MFF RUETTE
A16A OUTROS PRODUTOS PARA O APARELHO DIGESTIVO E METAB;PURA FIBRA;MFF RUETTE
M02A ANTIREUMATICOS TOPICOS COM ANALGESICOS;MICREX;MICREX
R05C EXPECTORANTES;NEEDS;MIDWAY LABS
A11D VITAMINA B1 E ASSOCIACOES;NEO B EUR;MIDWAY LABS
A02A ANTIACIDOS ANTIFISETICOS;GOMENOL MIL;MILLER IND FARMACEUTICA
R02A PREPARACOES PARA GARGANTA;MINAMEL;MINAMEL
R05C EXPECTORANTES;MINAMEL;MINAMEL
R02A PREPARACOES PARA GARGANTA;MINAMEL MNM;MINAMEL
R05B ANTIGRIPAIS C ANTIINFECCIOSOS;MINAMEL MNM;MINAMEL
R02A PREPARACOES PARA GARGANTA;BELLABELHAA MM;MM IND NUTRACEUTICA
R05B ANTIGRIPAIS C ANTIINFECCIOSOS;BELLABELHAA MM;MM IND NUTRACEUTICA
R02A PREPARACOES PARA GARGANTA;MN PROPOLIS;MN PROPOLIS
R05B ANTIGRIPAIS C ANTIINFECCIOSOS;MN PROPOLIS;MN PROPOLIS
R02A PREPARACOES PARA GARGANTA;MNPROPOLISS MN;MN PROPOLIS
R05C EXPECTORANTES;MOEDENSE MOE;MOEDENSE
N05C TRANQUILIZANTES;LEXOTAN ASL;MOKSHA8
N05C TRANQUILIZANTES;LEXOTAN MOK;MOKSHA8
N05C TRANQUILIZANTES;MOKSHA8 MOK;MOKSHA8
N05A ANTIPSICOTICOS;NEOTIAPIM MOK;MOKSHA8
C10A PREPARADOS PARA REGULACAO COLESTEROL E TRIGLICERID;QUESTRAN MOK;MOKSHA8
M01A ANTI REUMATICOS SEM ESTEROIDES;ULTRAPROCT MOK;MOKSHA8
N05A ANTIPSICOTICOS;URBANIL MOK;MOKSHA8
A07F MICROORGANISMOS ANTIDIARREICOS;20 BI MOM;MOMENTA FARMA
R05C EXPECTORANTES;AIRES MOM;MOMENTA FARMA
N02A ANALGESICOS NARCOTICOS;ALGICOD MOM;MOMENTA FARMA
M01A ANTI REUMATICOS SEM ESTEROIDES;ALGIE MOM;MOMENTA FARMA
R06A ANTIHISTAMINICOS SISTEMICOS;ALLOF MOM;MOMENTA FARMA
R06A ANTIHISTAMINICOS SISTEMICOS;ALOFF MOM;MOMENTA FARMA
R06A ANTIHISTAMINICOS SISTEMICOS;ALOFF XPE MOM;MOMENTA FARMA
G03A CONTRACEPTIVOS HORMONAIS SISTEMICOS;ALURAX MOM;MOMENTA FARMA
G03D PROGESTOGENOS E ASSOCIACOES EXCLUINDO G3A G3F;ALURAX MOM;MOMENTA FARMA
D04A ANTIPRURIGINOSOS,INCLUSIVE ANTIHISTAMINICOS ANESTE;ANDOLBA MOM;MOMENTA FARMA
R03A AGONISTAS BETA 2;ARIA MOM;MOMENTA FARMA
R03J ANTI ASMATICOS ANTAGONISTAS DE LEUCOTRIENE;ARIA MOM;MOMENTA FARMA
N06A A DEPRESSIVOS E REGUL DE HUMOR;ASSERT MOM;MOMENTA FARMA
J01C PENICILINAS DE AMPLO ESPECTRO;ATAK CLAV MOM;MOMENTA FARMA
J01C PENICILINAS DE AMPLO ESPECTRO;ATAK EUR;MOMENTA FARMA
J01C PENICILINAS DE AMPLO ESPECTRO;ATAK MOM;MOMENTA FARMA
N02A ANALGESICOS NARCOTICOS;ATRACE MOM;MOMENTA FARMA
C09C ANTAGONISTAS DE LA ANGIOTENSINA II PUROS;BART H MOM;MOMENTA FARMA
C09D ANTAGONISTAS DE LA ANGIOTENSINA II COMBINADOS;BART H MOM;MOMENTA FARMA
C09C ANTAGONISTAS DE LA ANGIOTENSINA II PUROS;BART MOM;MOMENTA FARMA
A12C OUTROS SUPLEMENTOS MINERAIS;BEMOVE;MOMENTA FARMA
A12C OUTROS SUPLEMENTOS MINERAIS;BEMOVE MOM;MOMENTA FARMA
M05X OUTROS PRODUTOS SISTEMA MUSCULO ESQUELETICO;BOLT MOM;MOMENTA FARMA
G03A CONTRACEPTIVOS HORMONAIS SISTEMICOS;BUONA MOM;MOMENTA FARMA
N06A A DEPRESSIVOS E REGUL DE HUMOR;CITTA MOM;MOMENTA FARMA
G03A CONTRACEPTIVOS HORMONAIS SISTEMICOS;DAEM MOM;MOMENTA FARMA
G03B ANDROGENOS E ASSOCIACOES EXCETO G3E G3F;DAEM MOM;MOMENTA FARMA
J01G FLUOROQUINOLONAS;DAIVA MOM;MOMENTA FARMA
M05B REGULADORES DO CALCIO OSSEO;DENSIS MOM;MOMENTA FARMA
C03A DIURETICOS;DIACQUA MOM;MOMENTA FARMA
C09C ANTAGONISTAS DE LA ANGIOTENSINA II PUROS;DIACQUA MOM;MOMENTA FARMA
B01A ANTICOAGULANTES NAO INJETAVEIS;DIEVARI MOM;MOMENTA FARMA
C05C TERAPIA VARICOSA SISTEMICA;DIEVARI MOM;MOMENTA FARMA
C07B ASSOCIACOES DE BETA BLOQUEADORES;DIUBLOK MOM;MOMENTA FARMA
C09C ANTAGONISTAS DE LA ANGIOTENSINA II PUROS;DIUBLOK MOM;MOMENTA FARMA
M01A ANTI REUMATICOS SEM ESTEROIDES;DUCOX MOM;MOMENTA FARMA
C04A VASOTERAPIA CEREBRAL E PERIFERICA;EQUITAM EUR;MOMENTA FARMA
C04A VASOTERAPIA CEREBRAL E PERIFERICA;EQUITAM MOM;MOMENTA FARMA
C04A VASOTERAPIA CEREBRAL E PERIFERICA;EQUITAN MOM;MOMENTA FARMA
N05B HIPNOTICOS SEDATIVOS;EZONIA MOM;MOMENTA FARMA
N05C TRANQUILIZANTES;EZONIA MOM;MOMENTA FARMA
N05B HIPNOTICOS SEDATIVOS;EZONIAC MOM;MOMENTA FARMA
A05B PRODUTOS PARA DOENCAS DO FIGADO HEPATOPROTETORES;FORFIG MOM;MOMENTA FARMA
A10S AGONISTAS GLP 1;FORFIGC MOM;MOMENTA FARMA
A02B ANTIULCEROSOS;GAZIA MOM;MOMENTA FARMA
A02B ANTIULCEROSOS;GAZIAC MOM;MOMENTA FARMA
R06A ANTIHISTAMINICOS SISTEMICOS;HISBILA MOM;MOMENTA FARMA
G04C PRODUTOS PARA HIPERPLASIA PROSTATICA BENIGNA HPB;HOMINUS MOM;MOMENTA FARMA
M05B REGULADORES DO CALCIO OSSEO;INDOSSO MOM;MOMENTA FARMA
D11A OUTRAS PREPARACOES DERMATOLOGICAS INCL XAMPUS MED;KELUS MOM;MOMENTA FARMA
H02B ASSOCIACOES CORTICOSTEROIDES SISTEMICOS;KOIDE MOM;MOMENTA FARMA
R05C EXPECTORANTES;KOIDE MOM;MOMENTA FARMA
R06A ANTIHISTAMINICOS SISTEMICOS;KOIDE MOM;MOMENTA FARMA
N04A ANTIPARKINSONIANOS;MANTIDAN MOM;MOMENTA FARMA
N05B HIPNOTICOS SEDATIVOS;MEDATO MOM;MOMENTA FARMA
N06B PSICOESTIMULANTES;MEDATO MOM;MOMENTA FARMA
P01B ANTIHELMINTICOS EXCETO OS ESQUISTOSOMICIDAS;MINTI EUR;MOMENTA FARMA
P01B ANTIHELMINTICOS EXCETO OS ESQUISTOSOMICIDAS;MINTI MOM;MOMENTA FARMA
N03A ANTICONVULSIVANTES;MOBALE MOM;MOMENTA FARMA
M01A ANTI REUMATICOS SEM ESTEROIDES;MOMENTA ALGIE MOM;MOMENTA FARMA
R01A PREPARACOES NASAIS TOPICAS;MONAX MOM;MOMENTA FARMA
D07B ASSOCIACOES DE CORTICOIDES;MUD EUR;MOMENTA FARMA
J01G FLUOROQUINOLONAS;MUD EUR;MOMENTA FARMA
J01G FLUOROQUINOLONAS;MUD MOM;MOMENTA FARMA
M02A ANTIREUMATICOS TOPICOS COM ANALGESICOS;MUD MOM;MOMENTA FARMA
A01A ESTOMATOLOGICOS;MUD ORAL MOM;MOMENTA FARMA
C09C ANTAGONISTAS DE LA ANGIOTENSINA II PUROS;OLSAR MOM;MOMENTA FARMA
C09D ANTAGONISTAS DE LA ANGIOTENSINA II COMBINADOS;OLSAR MOM;MOMENTA FARMA
C09D ANTAGONISTAS DE LA ANGIOTENSINA II COMBINADOS;OLSARH MOM;MOMENTA FARMA
H02A CORTICOSTEROIDES PUROS;PERCOIDE EUR;MOMENTA FARMA
H02A CORTICOSTEROIDES PUROS;PERCOIDE MOM;MOMENTA FARMA
H02A CORTICOSTEROIDES PUROS;PERMESE MOM;MOMENTA FARMA
D07B ASSOCIACOES DE CORTICOIDES;PERMUT MOM;MOMENTA FARMA
D11A OUTRAS PREPARACOES DERMATOLOGICAS INCL XAMPUS MED;PILOX MOM;MOMENTA FARMA
C10A PREPARADOS PARA REGULACAO COLESTEROL E TRIGLICERID;PIVAST MOM;MOMENTA FARMA
N05A ANTIPSICOTICOS;QUEPSIA LP MOM;MOMENTA FARMA
N05A ANTIPSICOTICOS;QUEPSIA MOM;MOMENTA FARMA
N05B HIPNOTICOS SEDATIVOS;RIPOSO SL MOM;MOMENTA FARMA
B01F INIBIDOR DIRETO DO FATOR XA;RIVAR MOM;MOMENTA FARMA
C10A PREPARADOS PARA REGULACAO COLESTEROL E TRIGLICERID;ROX EUR;MOMENTA FARMA
C10A PREPARADOS PARA REGULACAO COLESTEROL E TRIGLICERID;ROX MOM;MOMENTA FARMA
N03A ANTICONVULSIVANTES;SPARK EUR;MOMENTA FARMA
N03A ANTICONVULSIVANTES;SPARK MOM;MOMENTA FARMA
N03A ANTICONVULSIVANTES;SPARKC/30 MOM;MOMENTA FARMA
N06A A DEPRESSIVOS E REGUL DE HUMOR;SYMPTA MOM;MOMENTA FARMA
J01G FLUOROQUINOLONAS;TAVOK EUR;MOMENTA FARMA
J01G FLUOROQUINOLONAS;TAVOK MOM;MOMENTA FARMA
R05C EXPECTORANTES;TORANTE MOM;MOMENTA FARMA
M01A ANTI REUMATICOS SEM ESTEROIDES;TP ALGICOD MOM;MOMENTA FARMA
N06A A DEPRESSIVOS E REGUL DE HUMOR;TP ASSERT MOM;MOMENTA FARMA
M01A ANTI REUMATICOS SEM ESTEROIDES;TP DUCOX MOM;MOMENTA FARMA
N04A ANTIPARKINSONIANOS;TP MANTIDAN MOM;MOMENTA FARMA
N06A A DEPRESSIVOS E REGUL DE HUMOR;TP REMIS MOM;MOMENTA FARMA
N06A A DEPRESSIVOS E REGUL DE HUMOR;TP VENDEXLA MOM;MOMENTA FARMA
J01D CEFALOSPORINAS;TRIAXIN MOM;MOMENTA FARMA
A07F MICROORGANISMOS ANTIDIARREICOS;UMBI MOM;MOMENTA FARMA
N06A A DEPRESSIVOS E REGUL DE HUMOR;VENDEXLA MOM;MOMENTA FARMA
N05A ANTIPSICOTICOS;ZAP EMS;MOMENTA FARMA
N05A ANTIPSICOTICOS;ZAP EUR;MOMENTA FARMA
N05A ANTIPSICOTICOS;ZAP MOM;MOMENTA FARMA
R05C EXPECTORANTES;ACETILCISTEINA MMT;MOMENTOS
A12C OUTROS SUPLEMENTOS MINERAIS;MOVIBEN MMT;MOMENTOS
A07G REPOSITORES ELECTROLITICOS ORAIS;REHIDRABEN MMT;MOMENTOS
R05C EXPECTORANTES;RESFBEN;MOMENTOS
R05C EXPECTORANTES;RESFBEN MMT;MOMENTOS
M02A ANTIREUMATICOS TOPICOS COM ANALGESICOS;SAN MARTIN;MOPH
D03A AGENTES CURATIVOS FERIDAS;MOPH DERME;MOPH DERME
A02A ANTIACIDOS ANTIFISETICOS;COLIC CALM MRJ;MRJ FARMA
A10S AGONISTAS GLP 1;ANUVIA MSD;MSD
A04A ANTIEMETICOS E ANTINAUSEOSOS;EMEND MSD;MSD
J01P OUTROS BETA LACTAMNICOS EXCLUINDO PENICILINAS;INVANZ MSD;MSD
A10N INIBIDOR DPP IV;JANUMET MSD;MSD
A10N INIBIDOR DPP IV;JANUVIA MSD;MSD
J07E VACINAS VIRAIS;MMR II;MSD
J07D VACINAS BACTERIANAS;PNEUMOVAX® 23 MSD;MSD
J05D ANTIVIRAIS PARA HEPATITES;PRIVYMTRA MSD;MSD
P01B ANTIHELMINTICOS EXCETO OS ESQUISTOSOMICIDAS;PRIVYMTRA MSD;MSD
J07E VACINAS VIRAIS;PROQUAD MSD;MSD
C09B INIBIDORES ACE COMBINADOS;RENITEC MSD;MSD
L01A AGENTES ALQUILINIZANTES;TEMODAL MSD;MSD
J07E VACINAS VIRAIS;VAQTA MSD;MSD
J07E VACINAS VIRAIS;VAXNEUVANCE MSD;MSD
M02A ANTIREUMATICOS TOPICOS COM ANALGESICOS;CHRYSALIS;MULTIDROGAS
A12A CALCIO;MULTINATURE;MULTINATURE
D11A OUTRAS PREPARACOES DERMATOLOGICAS INCL XAMPUS MED;NITRATODEPRATA MTN MUL;MULTINATURE
C07A AGENTES BETA BLOQUEADORES PUROS;CLOR DE SOTALOL MDH;MUNDIPHARMA
S01E MIOTICOS E PRAPARADOS ANTIGLAUCOMA;COSOPT MDH;MUNDIPHARMA
S01K PRODUTOS PARA OLHO SECO;COSOPT MDH;MUNDIPHARMA
N02A ANALGESICOS NARCOTICOS;OXYCONTIN MDH;MUNDIPHARMA
N02A ANALGESICOS NARCOTICOS;RESTIVA MDH;MUNDIPHARMA
N02A ANALGESICOS NARCOTICOS;TARGIN MDH;MUNDIPHARMA
S01E MIOTICOS E PRAPARADOS ANTIGLAUCOMA;TIMOPTOL MDH;MUNDIPHARMA
S01K PRODUTOS PARA OLHO SECO;TIMOPTOL MDH;MUNDIPHARMA
B01A ANTICOAGULANTES NAO INJETAVEIS;PETSPORIN;MUNDO ANIMAL
B01B ANTICOAGULANTES INJETAVEIS;CUTENOX MYL;MYLAN
R01A PREPARACOES NASAIS TOPICAS;DYMISTA MYL;MYLAN
B01B ANTICOAGULANTES INJETAVEIS;HEPTRIS MYL;MYLAN
M01A ANTI REUMATICOS SEM ESTEROIDES;MYLAN MYL;MYLAN
A07F MICROORGANISMOS ANTIDIARREICOS;ATILLUS MYR;MYRALIS PHARMA
A11D VITAMINA B1 E ASSOCIACOES;BETRAT MYR;MYRALIS PHARMA
B03B EXTRATO HEPATICO E ASSOCIACOES COM VIT B12;BETRAT MYR;MYRALIS PHARMA
B03B EXTRATO HEPATICO E ASSOCIACOES COM VIT B12;BIOFLAN MYR;MYRALIS PHARMA
M05X OUTROS PRODUTOS SISTEMA MUSCULO ESQUELETICO;BIOFLAN MYR;MYRALIS PHARMA
A12A CALCIO;CALCEOS D MYR;MYRALIS PHARMA
G02X OTROS PRODUTOS GINECOLOGICOS;CLIMATRIX MYR;MYRALIS PHARMA
G02F HORMONIOS SEXUAIS TOPICOS;COLTRIENO MYR;MYRALIS PHARMA
G03D PROGESTOGENOS E ASSOCIACOES EXCLUINDO G3A G3F;DIOST MYR;MYRALIS PHARMA
A12C OUTROS SUPLEMENTOS MINERAIS;MAGNALIV MYR;MYRALIS PHARMA
A11D VITAMINA B1 E ASSOCIACOES;MECOBE MYR;MYRALIS PHARMA
N06A A DEPRESSIVOS E REGUL DE HUMOR;MITRIP MYR;MYRALIS PHARMA
A12C OUTROS SUPLEMENTOS MINERAIS;MOBIFLEX MYR;MYRALIS PHARMA
A06A DROGAS PARA A CONSTIPACAO;MYRALIS MYR;MYRALIS PHARMA
N02B NAO NARCOTICOS ANTIPIRETICOS;MYTRO MYR;MYRALIS PHARMA
R05C EXPECTORANTES;NACTIL MYR;MYRALIS PHARMA
R01A PREPARACOES NASAIS TOPICAS;NASOAR MYR;MYRALIS PHARMA
A06A DROGAS PARA A CONSTIPACAO;PEG LAX MYR;MYRALIS PHARMA
A10S AGONISTAS GLP 1;PIOMI MYR;MYRALIS PHARMA
A05B PRODUTOS PARA DOENCAS DO FIGADO HEPATOPROTETORES;SILARYM MYR;MYRALIS PHARMA
N05B HIPNOTICOS SEDATIVOS;TENSART MYR;MYRALIS PHARMA
N02A ANALGESICOS NARCOTICOS;TILESTAL MYR;MYRALIS PHARMA
C05C TERAPIA VARICOSA SISTEMICA;VENOLISE MYR;MYRALIS PHARMA
J02A AGENTES ANTIMICOTICOS SISTEMICOS EXCLUINDO GRISEOF;ZELIX MYR;MYRALIS PHARMA
A12C OUTROS SUPLEMENTOS MINERAIS;ESTHEDERM;NAOS
D11A OUTRAS PREPARACOES DERMATOLOGICAS INCL XAMPUS MED;ESTHEDERM NAO;NAOS
R02A PREPARACOES PARA GARGANTA;NAPILLUS;NAPILLUS INDUSTRIA
R02A PREPARACOES PARA GARGANTA;NAPILLUS NAP;NAPILLUS INDUSTRIA
R05B ANTIGRIPAIS C ANTIINFECCIOSOS;NAPILLUS NAP;NAPILLUS INDUSTRIA
A11A POLIVITAMINICOS COM MINERAIS;MUCK FORT;NASCILAB
B01F INIBIDOR DIRETO DO FATOR XA;APIXABANA NTC;NATCOFARMA LTDA
L01B ANTIMETABOLITOS;AZACITIDINA NTC;NATCOFARMA LTDA
L01H ANTINEOPLASICOS INIBIDORES DA PROTEINA QUINASE;EVEROLIMO NTC;NATCOFARMA LTDA
L01H ANTINEOPLASICOS INIBIDORES DA PROTEINA QUINASE;MALATO DE SUNITINIBE NTC;NATCOFARMA LTDA
A10N INIBIDOR DPP IV;NATCOFARMA;NATCOFARMA LTDA
N07A PRODUTOS PARA A ESCLEROSE MULTIPLA;NATCOFARMA;NATCOFARMA LTDA
N07D PRODUTOS ANTI ALZHEIMER;NATCOFARMA;NATCOFARMA LTDA
J05B OUTROS ANTIVIRAIS;OSELFLU NTC;NATCOFARMA LTDA
A10N INIBIDOR DPP IV;VILDAGLIPTINA NTC;NATCOFARMA LTDA
P03A ECTOPARASITICIDAS INCL ESCAB;BENZOATO DE BENZILA NTV;NATIVITA FARMACEUTICA
A03F GASTROPROCINETICOS;BROMOPRIDA NTV;NATIVITA FARMACEUTICA
R05C EXPECTORANTES;CARBOCISTEINA XAROPE NTV;NATIVITA FARMACEUTICA
R05C EXPECTORANTES;CARBOTRAT NTV;NATIVITA FARMACEUTICA
D01A ANTIMICOTICOS DERMATOLOGICOS;CETOCONAZOL NTV;NATIVITA FARMACEUTICA
D01A ANTIMICOTICOS DERMATOLOGICOS;CETONAT NTV;NATIVITA FARMACEUTICA
R05C EXPECTORANTES;CLOR DE AMBROXOL NTV;NATIVITA FARMACEUTICA
R05C EXPECTORANTES;CLOR DE AMBROXOL XAROPE NTV;NATIVITA FARMACEUTICA
R06A ANTIHISTAMINICOS SISTEMICOS;CLOR DE HIDROXIZINA NTV;NATIVITA FARMACEUTICA
R05C EXPECTORANTES;MUCONAT NTV;NATIVITA FARMACEUTICA
A06A DROGAS PARA A CONSTIPACAO;NATIVITA NTV;NATIVITA FARMACEUTICA
D10A PREPARACOES ANTIACNE TOPICOS;NATIVITA NTV;NATIVITA FARMACEUTICA
R05C EXPECTORANTES;NATIVITA NTV;NATIVITA FARMACEUTICA
P03A ECTOPARASITICIDAS INCL ESCAB;PERMENATI;NATIVITA FARMACEUTICA
A05B PRODUTOS PARA DOENCAS DO FIGADO HEPATOPROTETORES;PROFIG NTV;NATIVITA FARMACEUTICA
D06A ANTIBACTERIANOS TOPICOS;SULFADIAZINA DE PRATA NTV;NATIVITA FARMACEUTICA
P01B ANTIHELMINTICOS EXCETO OS ESQUISTOSOMICIDAS;TIABENDAZOL NTV;NATIVITA FARMACEUTICA
R05C EXPECTORANTES;ACETILCISTEINA NTB;NATUBRAS IND
A07G REPOSITORES ELECTROLITICOS ORAIS;AQUALITE NTB;NATUBRAS IND
R02A PREPARACOES PARA GARGANTA;NATUCENTRO;NATUCENTRO
R02A PREPARACOES PARA GARGANTA;NATUCENTRO NCN;NATUCENTRO
A01A ESTOMATOLOGICOS;AFTLIV NAT;NATULAB
A05A PRODUTOS PARA DISTURBIOS DO TRATO BILIAR;ALCACHOFRA NAT;NATULAB
A02A ANTIACIDOS ANTIFISETICOS;ALUMIMAX NAT;NATULAB
R05C EXPECTORANTES;ARLIVRY NAT;NATULAB
M05X OUTROS PRODUTOS SISTEMA MUSCULO ESQUELETICO;ARPYNFLAN NAT;NATULAB
R05C EXPECTORANTES;BRONQTRAT NAT;NATULAB
A03D ASSOCIACOES COM ANALGESICOS;BUSCOPLEX NAT;NATULAB
R03A AGONISTAS BETA 2;BUTALAB NAT;NATULAB
A05B PRODUTOS PARA DOENCAS DO FIGADO HEPATOPROTETORES;CARDOMARIN;NATULAB
A05B PRODUTOS PARA DOENCAS DO FIGADO HEPATOPROTETORES;CARDOMARIN NAT;NATULAB
N02B NAO NARCOTICOS ANTIPIRETICOS;DIPIRONA NAT;NATULAB
R05C EXPECTORANTES;EXPECTOFLUI NAT;NATULAB
A07F MICROORGANISMOS ANTIDIARREICOS;FLORATIL NAT;NATULAB
A02A ANTIACIDOS ANTIFISETICOS;GASTROBEM NAT;NATULAB
R05C EXPECTORANTES;GUACO NAT;NATULAB
P01B ANTIHELMINTICOS EXCETO OS ESQUISTOSOMICIDAS;HELMILAB NAT;NATULAB
A07G REPOSITORES ELECTROLITICOS ORAIS;HIDRALYTE NAT;NATULAB
A07G REPOSITORES ELECTROLITICOS ORAIS;HIDRAPLEX NAT;NATULAB
N02B NAO NARCOTICOS ANTIPIRETICOS;IBUPROTRAT NAT;NATULAB
A06A DROGAS PARA A CONSTIPACAO;LACTULIFE NAT;NATULAB
A06A DROGAS PARA A CONSTIPACAO;LAXENOL NAT;NATULAB
A06A DROGAS PARA A CONSTIPACAO;LENEMA NAT;NATULAB
A06A DROGAS PARA A CONSTIPACAO;LIMONADA NAT;NATULAB
A02A ANTIACIDOS ANTIFISETICOS;LUFBEM NAT;NATULAB
A06A DROGAS PARA A CONSTIPACAO;MAGMAX NAT;NATULAB
B03A HEMATINICOS FERRO E TODAS AS ASSOCIACOES;MASFEROL NAT;NATULAB
M01A ANTI REUMATICOS SEM ESTEROIDES;MAXALGINA NAT;NATULAB
N02B NAO NARCOTICOS ANTIPIRETICOS;MAXALGINA NAT;NATULAB
A07G REPOSITORES ELECTROLITICOS ORAIS;MONTEVERDE NPA NPA;NATULAB
A03F GASTROPROCINETICOS;MOVINAU NAT;NATULAB
R01A PREPARACOES NASAIS TOPICAS;NASOJET MYR;NATULAB
R01A PREPARACOES NASAIS TOPICAS;NASOJET NAT;NATULAB
R05A ANTIGRIPAIS EXCLUINDO ANTINFECCIOSOS;NATULAB;NATULAB
R05C EXPECTORANTES;NATULAB;NATULAB
A07F MICROORGANISMOS ANTIDIARREICOS;NATULAB NAT;NATULAB
R01A PREPARACOES NASAIS TOPICAS;NATULAB NAT;NATULAB
R05C EXPECTORANTES;NATULAB NAT;NATULAB
A01B ANTIFUNGICOS ORAIS TOPICOS;NISTAMAX NAT;NATULAB
A12A CALCIO;OSTEOFIX D NAT;NATULAB
G02X OTROS PRODUTOS GINECOLOGICOS;PAUSEFEMME NAT;NATULAB
R06A ANTIHISTAMINICOS SISTEMICOS;POLARADEX NAT;NATULAB
D06A ANTIBACTERIANOS TOPICOS;RIFOTRAT NAT;NATULAB
R01A PREPARACOES NASAIS TOPICAS;RIFOTRAT NAT;NATULAB
H04X OUTRAS HORMONIOS E PREPARACAO COM ACOES SIMILARES;SEAKALM NAT;NATULAB
N05B HIPNOTICOS SEDATIVOS;SEAKALM NAT;NATULAB
N05C TRANQUILIZANTES;SEAKALM NAT;NATULAB
G03A CONTRACEPTIVOS HORMONAIS SISTEMICOS;TILEMAXY NAT;NATULAB
N02B NAO NARCOTICOS ANTIPIRETICOS;TILEMAXY NAT;NATULAB
N02B NAO NARCOTICOS ANTIPIRETICOS;TYLEMAX NAT;NATULAB
N05B HIPNOTICOS SEDATIVOS;VALESSONE NAT;NATULAB
J07E VACINAS VIRAIS;VARIVAX MSD;NATULAB
C05C TERAPIA VARICOSA SISTEMICA;VARIVAX NAT;NATULAB
J07E VACINAS VIRAIS;VARIVAX NAT;NATULAB
A11G VITAMINA C INCLUSIVE ASSOCIADA A MINERAIS;VITER C NAT;NATULAB
A12C OUTROS SUPLEMENTOS MINERAIS;NATUNECTAR;NATUNECTAR
M02A ANTIREUMATICOS TOPICOS COM ANALGESICOS;NATUNECTAR NNC;NATUNECTAR
R02A PREPARACOES PARA GARGANTA;NATUNECTAR NNC;NATUNECTAR
A12C OUTROS SUPLEMENTOS MINERAIS;NATURALHELF;NATURALHELF
R05C EXPECTORANTES;NATURALHELF;NATURALHELF
A06A DROGAS PARA A CONSTIPACAO;NATURASUL NAT;NATURASUL
A12A CALCIO;CALCIOVITAL D3;NATURELIFE
A05A PRODUTOS PARA DISTURBIOS DO TRATO BILIAR;NATUCLER NLF;NATURELIFE
A05B PRODUTOS PARA DOENCAS DO FIGADO HEPATOPROTETORES;NATUCLER NLF;NATURELIFE
R05F OUTROS ANTITUSSIGENOS E ANTIGRIPAIS;PNEUMOREX;NATURIX
A11G VITAMINA C INCLUSIVE ASSOCIADA A MINERAIS;OPTIMUM VITTA;NATUS FARMA
A11X OUTRAS VITAMINAS PURAS;OPTIMUM VITTA;NATUS FARMA
H04X OUTRAS HORMONIOS E PREPARACAO COM ACOES SIMILARES;OPTIMUM VITTA;NATUS FARMA
A11F VITAMINAS B12 PURA;OTTIMA VITTA;NATUS FARMA
A12A CALCIO;OTTIMA VITTA;NATUS FARMA
A12C OUTROS SUPLEMENTOS MINERAIS;OTTIMA VITTA;NATUS FARMA
B02B ANTAGONISTAS ANTIDOTOS PARA ANTICOAGULANTES;OTTIMA VITTA;NATUS FARMA
R02A PREPARACOES PARA GARGANTA;NATUSMINAS NTM;NATUS MINAS
R05C EXPECTORANTES;NATUSMINAS NTM;NATUS MINAS
R02A PREPARACOES PARA GARGANTA;NATUSBEL;NATUSBEL
A12C OUTROS SUPLEMENTOS MINERAIS;NATUSER;NATUSER
C04A VASOTERAPIA CEREBRAL E PERIFERICA;NATUSER;NATUSER
M02A ANTIREUMATICOS TOPICOS COM ANALGESICOS;NAXOS;NAXOS
R02A PREPARACOES PARA GARGANTA;PROPOGIBRE;NECTAR FLORAL
R05B ANTIGRIPAIS C ANTIINFECCIOSOS;NECTAR PLUS;NECTAR PLUS
R05C EXPECTORANTES;NECTAR PLUS;NECTAR PLUS
R05C EXPECTORANTES;ACETILCISTEINA NEP;NEO PREMIUM
A12C OUTROS SUPLEMENTOS MINERAIS;NEOPURE;NEOPURE
A06A DROGAS PARA A CONSTIPACAO;FIBER MAIS NES;NESTLE CIA
A06A DROGAS PARA A CONSTIPACAO;NANCARE NES;NESTLE CIA
A07F MICROORGANISMOS ANTIDIARREICOS;NANCARE NES;NESTLE CIA
H04X OUTRAS HORMONIOS E PREPARACAO COM ACOES SIMILARES;NUTREN NES;NESTLE CIA
A12C OUTROS SUPLEMENTOS MINERAIS;PURAVIDA;NESTLE CIA
R02A PREPARACOES PARA GARGANTA;PURAVIDA;NESTLE CIA
A12A CALCIO;SUNDOWN NATURALS NES;NESTLE CIA
N05B HIPNOTICOS SEDATIVOS;NEUREXAN NEU NEU;NEUREXAN
M01A ANTI REUMATICOS SEM ESTEROIDES;ARTFLEX;NEW LIFE
R05C EXPECTORANTES;NEW LIFE;NEW LIFE
G03A CONTRACEPTIVOS HORMONAIS SISTEMICOS;NIPOVITA NIP;NIPOVITA
D11A OUTRAS PREPARACOES DERMATOLOGICAS INCL XAMPUS MED;NOHRAAN;NOHRAAN
J05B OUTROS ANTIVIRAIS;ACICLOVIR NOV;NOVARTIS
M05B REGULADORES DO CALCIO OSSEO;ACLASTA NOV;NOVARTIS
L01H ANTINEOPLASICOS INIBIDORES DA PROTEINA QUINASE;AFINITOR NOV;NOVARTIS
M04A ANTIGOTOSOS;ALOPURINOL NOV;NOVARTIS
J01C PENICILINAS DE AMPLO ESPECTRO;AMOXICILINA CLAVULANATO NOV;NOVARTIS
N06A A DEPRESSIVOS E REGUL DE HUMOR;ANAFRANIL NOV;NOVARTIS
C02A ANTIHIPERTENSIVOS NAO HERBACEOS PUROS;APRESOLINA NOV;NOVARTIS
C09C ANTAGONISTAS DE LA ANGIOTENSINA II PUROS;APRESOLINA NOV;NOVARTIS
N05A ANTIPSICOTICOS;ARIPIPRAZOL NOV;NOVARTIS
C07A AGENTES BETA BLOQUEADORES PUROS;ATENOLOL NOV;NOVARTIS
C10A PREPARADOS PARA REGULACAO COLESTEROL E TRIGLICERID;ATORVASTATINA NOV;NOVARTIS
C08A ANTAGONISTAS DO CALCIO PUROS;BESILATO DE ANLODIPINO NOV;NOVARTIS
C09A INIBIDORES ACE PUROS;BESILATO DE ANLODIPINO NOV;NOVARTIS
S01E MIOTICOS E PRAPARADOS ANTIGLAUCOMA;BETOPTIC ALC;NOVARTIS
S01E MIOTICOS E PRAPARADOS ANTIGLAUCOMA;BETOPTIC NOV;NOVARTIS
A12A CALCIO;CALCIUM D3 NOV;NOVARTIS
M01A ANTI REUMATICOS SEM ESTEROIDES;CATAFLAM NOV;NOVARTIS
M02A ANTIREUMATICOS TOPICOS COM ANALGESICOS;CATAFLAM NOV;NOVARTIS
M02A ANTIREUMATICOS TOPICOS COM ANALGESICOS;CATAFLAMPRO NOV;NOVARTIS
N07D PRODUTOS ANTI ALZHEIMER;CERTICAN NOV;NOVARTIS
S01A ANTINFECCIOSOS;CILOXAN NOV;NOVARTIS
S01G PREPARADOS PARA O TRATAMENTO DE CONJUNTIVITES NAO;CLAROFT NOV;NOVARTIS
B01C INIBIDORES DA AGREGACAO PLAQUETARIA;CLOPIDOGREL NOV;NOVARTIS
J01G FLUOROQUINOLONAS;CLOR DE CIPROFLOXACINO NOV;NOVARTIS
M01A ANTI REUMATICOS SEM ESTEROIDES;CODATEN NOV;NOVARTIS
N04A ANTIPARKINSONIANOS;COMTAN NOV;NOVARTIS
L04C INIBIDORES DE INTERLEUCINA;COSENTYX NOV;NOVARTIS
G03A CONTRACEPTIVOS HORMONAIS SISTEMICOS;DESOGESTREL NOV;NOVARTIS
S01E MIOTICOS E PRAPARADOS ANTIGLAUCOMA;DUOTRAVATAN NOV;NOVARTIS
C09D ANTAGONISTAS DE LA ANGIOTENSINA II COMBINADOS;ENTRESTO NOV;NOVARTIS
G03F ASSOCIACOES DE ESTROGENOS E PROGESTOGENOS EXCETO G;ESTALIS NOV;NOVARTIS
G03C ESTROGENOS E ASSOCIACOES EXCETO G03A G03E G03F;ESTRADOT NOV;NOVARTIS
N07D PRODUTOS ANTI ALZHEIMER;EXELON NOV;NOVARTIS
C09D ANTAGONISTAS DE LA ANGIOTENSINA II COMBINADOS;EXFORGE HCT NOV;NOVARTIS
B03A HEMATINICOS FERRO E TODAS AS ASSOCIACOES;EXJADE NOV;NOVARTIS
G03A CONTRACEPTIVOS HORMONAIS SISTEMICOS;FEMARA NOV;NOVARTIS
L02B ANTAGONISTAS DE HORMONIOS CITOSTATICOS;FEMARA NOV;NOVARTIS
S01E MIOTICOS E PRAPARADOS ANTIGLAUCOMA;FLORATE ALC;NOVARTIS
S01B CORTICOIDES;FLORATE NOV;NOVARTIS
M01A ANTI REUMATICOS SEM ESTEROIDES;FLOTAC NOV;NOVARTIS
R03F AGONISTAS BETA 2 E CORTICOIDES COMBINADO;FORASEQ NOV;NOVARTIS
A10N INIBIDOR DPP IV;GALVUS MET NOV;NOVARTIS
A10N INIBIDOR DPP IV;GALVUS NOV;NOVARTIS
N07A PRODUTOS PARA A ESCLEROSE MULTIPLA;GILENYA NOV;NOVARTIS
S01E MIOTICOS E PRAPARADOS ANTIGLAUCOMA;GLAUTIMOL NOV;NOVARTIS
L01H ANTINEOPLASICOS INIBIDORES DA PROTEINA QUINASE;GLIVEC NOV;NOVARTIS
N05A ANTIPSICOTICOS;HEMIFUMARATO DE QUETIAPINA NOV;NOVARTIS
N05B HIPNOTICOS SEDATIVOS;HEMITARTARATO DE ZOLPIDEM NOV;NOVARTIS
L04C INIBIDORES DE INTERLEUCINA;ILARIS NOV;NOVARTIS
L04D INIBIDORES DE JAK;JAKAVI NOV;NOVARTIS
L01G ANTICORPOS MONOCLONAIS ANTINEOPLASICOS;KESIMPTA NOV;NOVARTIS
L01H ANTINEOPLASICOS INIBIDORES DA PROTEINA QUINASE;KISQALI NOV;NOVARTIS
N07D PRODUTOS ANTI ALZHEIMER;KISQALI NOV;NOVARTIS
J01G FLUOROQUINOLONAS;LEVOFLOXACINO NOV;NOVARTIS
M03B RELAXANTES MUSCULARES ACAO CENTRAL;LIORESAL NOV;NOVARTIS
S01P PRODS P ANTI NEOVASCULARIZACAO OCULAR;LUCENTIS NOV;NOVARTIS
S01B CORTICOIDES;MAXIDEX NOV;NOVARTIS
L01H ANTINEOPLASICOS INIBIDORES DA PROTEINA QUINASE;MEKINIST NOV;NOVARTIS
G03C ESTROGENOS E ASSOCIACOES EXCETO G03A G03E G03F;MERIMONO NOV;NOVARTIS
C02A ANTIHIPERTENSIVOS NAO HERBACEOS PUROS;MESILATO DE DOXAZOSINA NOV;NOVARTIS
R03D CORTICOIDES;MIFLONIDE NOV;NOVARTIS
N06A A DEPRESSIVOS E REGUL DE HUMOR;MIRTAZAPINA NOV;NOVARTIS
S01R ANTIINFLAMATORIOS OFTALMOLOGICOS NAO ESTEROIDES;NEVANAC NOV;NOVARTIS
B01A ANTICOAGULANTES NAO INJETAVEIS;NOVARTIS;NOVARTIS
C07A AGENTES BETA BLOQUEADORES PUROS;NOVARTIS;NOVARTIS
J07E VACINAS VIRAIS;NOVARTIS;NOVARTIS
L01H ANTINEOPLASICOS INIBIDORES DA PROTEINA QUINASE;NOVARTIS;NOVARTIS
M01A ANTI REUMATICOS SEM ESTEROIDES;NOVARTIS;NOVARTIS
N07A PRODUTOS PARA A ESCLEROSE MULTIPLA;NOVARTIS;NOVARTIS
N07D PRODUTOS ANTI ALZHEIMER;NOVARTIS;NOVARTIS
R03F AGONISTAS BETA 2 E CORTICOIDES COMBINADO;NOVARTIS;NOVARTIS
R03A AGONISTAS BETA 2;ONBRIZE NOV;NOVARTIS
R01A PREPARACOES NASAIS TOPICAS;OTRIVINA NOV;NOVARTIS
N06A A DEPRESSIVOS E REGUL DE HUMOR;OXALATO DE ESCITALOPRAM NOV;NOVARTIS
N06A A DEPRESSIVOS E REGUL DE HUMOR;PAMELOR NOV;NOVARTIS
A02B ANTIULCEROSOS;PANTOPRAZOL NOV;NOVARTIS
G02D INIBIDORES DA PROLACTINA;PARLODEL NOV;NOVARTIS
B02E PRODUTOS ELEVADORES DE PLAQUETAS;REVOLADE;NOVARTIS
B02E PRODUTOS ELEVADORES DE PLAQUETAS;REVOLADE NOV;NOVARTIS
N05A ANTIPSICOTICOS;RISPERIDONA NOV;NOVARTIS
N06B PSICOESTIMULANTES;RITALINA NOV;NOVARTIS
C10A PREPARADOS PARA REGULACAO COLESTEROL E TRIGLICERID;ROSUVASTATINA CALCICA NOV;NOVARTIS
L01H ANTINEOPLASICOS INIBIDORES DA PROTEINA QUINASE;RYDAPT NOV;NOVARTIS
L04X OUTROS IMUNOSSUPRESORES;SANDIMMUN NOV;NOVARTIS
N07D PRODUTOS ANTI ALZHEIMER;SANDIMMUN NOV;NOVARTIS
H01C HORMONIOS HIPOTALAMICAS;SANDOSTATIN NOV;NOVARTIS
R03K ANTICOLINERGICOS SIMPLES;SEEBRI NOV;NOVARTIS
C10A PREPARADOS PARA REGULACAO COLESTEROL E TRIGLICERID;SINVASTATINA NOV;NOVARTIS
M03B RELAXANTES MUSCULARES ACAO CENTRAL;SIRDALUD NOV;NOVARTIS
C10A PREPARADOS PARA REGULACAO COLESTEROL E TRIGLICERID;SYBRAVA NOV;NOVARTIS
L01H ANTINEOPLASICOS INIBIDORES DA PROTEINA QUINASE;TAFINLAR NOV;NOVARTIS
S01E MIOTICOS E PRAPARADOS ANTIGLAUCOMA;TARTARATO DE BRIMONIDINA COLIRIO NOV;NOVARTIS
L01H ANTINEOPLASICOS INIBIDORES DA PROTEINA QUINASE;TASIGNA NOV;NOVARTIS
N03A ANTICONVULSIVANTES;TEGRETOL NOV;NOVARTIS
N03A ANTICONVULSIVANTES;TRILEPTAL NOV;NOVARTIS
L01H ANTINEOPLASICOS INIBIDORES DA PROTEINA QUINASE;TYKERB NOV;NOVARTIS
R03L ANTICOLINERGICOS COM AGONISTAS B2;ULTIBRO NOV;NOVARTIS
M01A ANTI REUMATICOS SEM ESTEROIDES;VOLTAREN NOV;NOVARTIS
L01H ANTINEOPLASICOS INIBIDORES DA PROTEINA QUINASE;VOTRIENT NOV;NOVARTIS
N07D PRODUTOS ANTI ALZHEIMER;VOTRIENT NOV;NOVARTIS
R03X TODOS OS OUTROS BRONCODILATADORES;XOLAIR NOV;NOVARTIS
M05B REGULADORES DO CALCIO OSSEO;ZOMETA NOV;NOVARTIS
A10S AGONISTAS GLP 1;EXTENSIOR NND;NOVO NORDISK
A10C INSULINAS HUMANAS E ANALOGAS;FIASP NND;NOVO NORDISK
H04B GLUCAGON;GLUCAGEN NND;NOVO NORDISK
A10C INSULINAS HUMANAS E ANALOGAS;LEVEMIR NND;NOVO NORDISK
H04C HORMONIOS DO CRESCIMENTO;NORDITROPIN NND;NOVO NORDISK
A10C INSULINAS HUMANAS E ANALOGAS;NOVO NORDISK;NOVO NORDISK
A10S AGONISTAS GLP 1;NOVO NORDISK;NOVO NORDISK
A10C INSULINAS HUMANAS E ANALOGAS;NOVOLIN N NND;NOVO NORDISK
A10S AGONISTAS GLP 1;NOVOLIN N NND;NOVO NORDISK
A10S AGONISTAS GLP 1;NOVOLIN NND;NOVO NORDISK
A10C INSULINAS HUMANAS E ANALOGAS;NOVOLIN R NND;NOVO NORDISK
A10E DISPOSITIVOS PARA ADMINISTRACAO DE INSULINA;NOVOPEN NND;NOVO NORDISK
A10C INSULINAS HUMANAS E ANALOGAS;NOVORAPID NND;NOVO NORDISK
A10S AGONISTAS GLP 1;OZEMPIC NND;NOVO NORDISK
A10S AGONISTAS GLP 1;POVIZTRA NND;NOVO NORDISK
A10S AGONISTAS GLP 1;RYBELSUS NND;NOVO NORDISK
A08A - PREPARADOS ANOREXICOS EXETO OS DIETETICOS;SAXENDA NND;NOVO NORDISK
H04C HORMONIOS DO CRESCIMENTO;SOGROYA NND;NOVO NORDISK
H04X OUTRAS HORMONIOS E PREPARACAO COM ACOES SIMILARES;SOGROYA NND;NOVO NORDISK
A10C INSULINAS HUMANAS E ANALOGAS;TRESIBA NND;NOVO NORDISK
A10S AGONISTAS GLP 1;TRESIBA NND;NOVO NORDISK
A10S AGONISTAS GLP 1;VICTOZA NND;NOVO NORDISK
A08A - PREPARADOS ANOREXICOS EXETO OS DIETETICOS;WEGOVY NND;NOVO NORDISK
A10C INSULINAS HUMANAS E ANALOGAS;XULTOPHY NND;NOVO NORDISK
R05C EXPECTORANTES;ACETILCISTEINA NVL;NOVOLAB
A12A CALCIO;CALCIO MDK NVL;NOVOLAB
H04X OUTRAS HORMONIOS E PREPARACAO COM ACOES SIMILARES;NOW;NOW FOODS
N03A ANTICONVULSIVANTES;CANABIDIOL NUN;NUNATURE
A12A CALCIO;IMECALCIO;NUTIVIT
N02B NAO NARCOTICOS ANTIPIRETICOS;IMEGOV NTV;NUTIVIT
A12C OUTROS SUPLEMENTOS MINERAIS;NUTRAFOL;NUTRAFOL
A12C OUTROS SUPLEMENTOS MINERAIS;NUTRATA;NUTRATA
A12C OUTROS SUPLEMENTOS MINERAIS;NEWNUTRITION;NUTRATEC
A11X OUTRAS VITAMINAS PURAS;NUTRAWAY;NUTRAWAY
A12C OUTROS SUPLEMENTOS MINERAIS;NUTRENDS;NUTRENDS
R05C EXPECTORANTES;NUTRENDS;NUTRENDS
H04X OUTRAS HORMONIOS E PREPARACAO COM ACOES SIMILARES;NUTRILIFE;NUTRI LIFE SUPLEMENTOS ALIMENTARES E PRODUTOS NATURAIS
R05C EXPECTORANTES;ACETILCITRUS;NUTRI VITALEY
A11A POLIVITAMINICOS COM MINERAIS;NUTRI VITALEY;NUTRI VITALEY
A11B POLIVITAMINICOS PUROS;NUTRI VITALEY;NUTRI VITALEY
A12A CALCIO;NUTRI VITALEY;NUTRI VITALEY
A12A CALCIO;NUTRI WEALTH;NUTRI WEALTH
M02A ANTIREUMATICOS TOPICOS COM ANALGESICOS;BIOINNOVA;NUTRIBELLE
H04X OUTRAS HORMONIOS E PREPARACAO COM ACOES SIMILARES;FOCUS NCM;NUTRICIUM
A07G REPOSITORES ELECTROLITICOS ORAIS;NUTRIALYTE NTX;NUTRIEX
A06A DROGAS PARA A CONSTIPACAO;POLIMAIS NTX;NUTRIEX
R05C EXPECTORANTES;POLIMAIS NTX;NUTRIEX
A12C OUTROS SUPLEMENTOS MINERAIS;COLLAGEN;NUTRIFY
A09A DIGESTIVOS INCLUIDO ENZIMAS;NUTRIMAIS;NUTRIMAIS
P01B ANTIHELMINTICOS EXCETO OS ESQUISTOSOMICIDAS;NUTRIMAIS;NUTRIMAIS
R05C EXPECTORANTES;NUTRIMEL;NUTRIMEL
R05F OUTROS ANTITUSSIGENOS E ANTIGRIPAIS;NUTRIMEL;NUTRIMEL
G04E PRODUTOS PARA DISFUNCAO ERETIL;TRIBUS NPO;NUTRY POWER
M02A ANTIREUMATICOS TOPICOS COM ANALGESICOS;NUTRYDERM;NUTRYDERM
A07X OUTROS PRODUTOS PARA DESORDENS INTESTINAIS;OCEAN DROP;OCEAN DROP
A12C OUTROS SUPLEMENTOS MINERAIS;OCEAN DROP;OCEAN DROP
R05C EXPECTORANTES;OLDVITTA;OLDVITTA
A02A ANTIACIDOS ANTIFISETICOS;MAGNAZIA;ONEFARMA
A02B ANTIULCEROSOS;OMEPRAZOL ONF;ONEFARMA
R06A ANTIHISTAMINICOS SISTEMICOS;ALLEGRA (OPE);OPELLA
R06A ANTIHISTAMINICOS SISTEMICOS;ALLEGRA D (OPE);OPELLA
R01B DESCONGESTIONANTES NASAIS SISTEMICOS;ALLENASAL (OPE);OPELLA
N02B NAO NARCOTICOS ANTIPIRETICOS;ANADOR (OPE);OPELLA
N02B NAO NARCOTICOS ANTIPIRETICOS;ANADOR OPE;OPELLA
N02B NAO NARCOTICOS ANTIPIRETICOS;ANADOR PRT (OPE);OPELLA
R05C EXPECTORANTES;BENOFLEX P (OPE);OPELLA
R05C EXPECTORANTES;BISOLVON (OPE);OPELLA
M02A ANTIREUMATICOS TOPICOS COM ANALGESICOS;DORFLEX (OPE);OPELLA
M03B RELAXANTES MUSCULARES ACAO CENTRAL;DORFLEX (OPE);OPELLA
N02B NAO NARCOTICOS ANTIPIRETICOS;DORFLEX (OPE);OPELLA
A06A DROGAS PARA A CONSTIPACAO;DULCOGAS (OPE);OPELLA
A06A DROGAS PARA A CONSTIPACAO;DULCOLAX (OPE);OPELLA
A07F MICROORGANISMOS ANTIDIARREICOS;ENTEROGERMINA (OPE);OPELLA
R06A ANTIHISTAMINICOS SISTEMICOS;FENERGAN (OPE);OPELLA
A06A DROGAS PARA A CONSTIPACAO;GUTTALAX (OPE);OPELLA
A06A DROGAS PARA A CONSTIPACAO;GUTTALAX OPE;OPELLA
A02A ANTIACIDOS ANTIFISETICOS;MAALOX (OPE);OPELLA
A12C OUTROS SUPLEMENTOS MINERAIS;MOBILITY (OPE);OPELLA
A12C OUTROS SUPLEMENTOS MINERAIS;MOBILITY ACTION (OPE);OPELLA
A12C OUTROS SUPLEMENTOS MINERAIS;MOBILITY OSCAL (OPE);OPELLA
A12C OUTROS SUPLEMENTOS MINERAIS;MOBILITY OSCAL D (OPE);OPELLA
S01G PREPARADOS PARA O TRATAMENTO DE CONJUNTIVITES NAO;MOURA BRASIL (OPE);OPELLA
R05C EXPECTORANTES;MUCOSOLVAN (OPE);OPELLA
N02B NAO NARCOTICOS ANTIPIRETICOS;NOVALGINA (OPE);OPELLA
N05B HIPNOTICOS SEDATIVOS;NOVANOITE (OPE);OPELLA
N05B HIPNOTICOS SEDATIVOS;NOVANOITE MELATONI (OPE);OPELLA
N05B HIPNOTICOS SEDATIVOS;NOVANOITE OPE;OPELLA
A11G VITAMINA C INCLUSIVE ASSOCIADA A MINERAIS;OPELLA HEALTHCARE;OPELLA
S01K PRODUTOS PARA OLHO SECO;ROHTO DRY AID;OPHTHALMOS
S01L PREPARADOS PARA USO COM LENTES DE CONTATO;OPTI SWISS;OPTI SWISS
A12A CALCIO;CALCIOMAX D;ORANGE HEALTH
R06A ANTIHISTAMINICOS SISTEMICOS;AVIANT ORG;ORGANON BRASIL
C09C ANTAGONISTAS DE LA ANGIOTENSINA II PUROS;COZAAR ORG;ORGANON BRASIL
G03G GONADOTROFINAS E OUTROS ESTIMULANTES DA OVULACAO;ELONVA ORG;ORGANON BRASIL
L04B MEDICAMENTOS ANTI TNF;HADLIMA ORG;ORGANON BRASIL
L01G ANTICORPOS MONOCLONAIS ANTINEOPLASICOS;ONTRUZANT ORG;ORGANON BRASIL
H01C HORMONIOS HIPOTALAMICAS;ORGALUTRAN ORG;ORGANON BRASIL
S01E MIOTICOS E PRAPARADOS ANTIGLAUCOMA;RENFLEXIS;ORGANON BRASIL
G03C ESTROGENOS E ASSOCIACOES EXCETO G03A G03E G03F;SANDRENA;ORGANON BRASIL
R03J ANTI ASMATICOS ANTAGONISTAS DE LEUCOTRIENE;VIATINE ORG;ORGANON BRASIL
A12A CALCIO;CALCIO D3 OMX;ORIENT MIX
N02A ANALGESICOS NARCOTICOS;ORTHO PAUHER;ORTHO PAUHER
S02D OUTROS PREPARADOS OTOLOGICOS;AURIS SEDINA OSO;OSORIO DE MORAES
C07A AGENTES BETA BLOQUEADORES PUROS;CLOR DE PROPRANOLOL OSO;OSORIO DE MORAES
A03F GASTROPROCINETICOS;ENDCALVE OSO;OSORIO DE MORAES
C05A ANTIHEMORROIDARIOS TOPICOS;IMESCARD OSO;OSORIO DE MORAES
B03A HEMATINICOS FERRO E TODAS AS ASSOCIACOES;LOMFER OSO;OSORIO DE MORAES
D07A CORTICOIDES TOPICOS PUROS;METADEX OSO;OSORIO DE MORAES
D01A ANTIMICOTICOS DERMATOLOGICOS;MICOTRAT OSO;OSORIO DE MORAES
N02B NAO NARCOTICOS ANTIPIRETICOS;PARACETAMOL OSO;OSORIO DE MORAES
A06A DROGAS PARA A CONSTIPACAO;PILULAS DE ERVA DE BICHO COMPOSTAS IMESCARD OSO;OSORIO DE MORAES
G04A ANTISSEPTICOS E ANTINFECCIOSOS URINARIOS;PILULAS DE LUSSEN OSO;OSORIO DE MORAES
M01A ANTI REUMATICOS SEM ESTEROIDES;THYLOM OSO;OSORIO DE MORAES
R02A PREPARACOES PARA GARGANTA;OUREMMEL;OUREMMEL
M01A ANTI REUMATICOS SEM ESTEROIDES;DICLOFENACO ORF;OUROFINO
R05C EXPECTORANTES;ACETILCISTEINA;OUTRO FABRICANTE
R02A PREPARACOES PARA GARGANTA;AFTIKE KRE;OUTRO FABRICANTE
M02A ANTIREUMATICOS TOPICOS COM ANALGESICOS;AKABADOR;OUTRO FABRICANTE
M05B REGULADORES DO CALCIO OSSEO;ALENDRONATO DE SODIO;OUTRO FABRICANTE
G03A CONTRACEPTIVOS HORMONAIS SISTEMICOS;ALGESTONA+ESTR.;OUTRO FABRICANTE
A11A POLIVITAMINICOS COM MINERAIS;ALGI ARTICULAR;OUTRO FABRICANTE
M02A ANTIREUMATICOS TOPICOS COM ANALGESICOS;ALIVIO MAGICO;OUTRO FABRICANTE
A02A ANTIACIDOS ANTIFISETICOS;AMARGO;OUTRO FABRICANTE
H03B ANTI TIREOIDEANOS;AMGEN;OUTRO FABRICANTE
A12C OUTROS SUPLEMENTOS MINERAIS;AMORA;OUTRO FABRICANTE
J01C PENICILINAS DE AMPLO ESPECTRO;AMOXICILINA;OUTRO FABRICANTE
R05C EXPECTORANTES;APIARIO CALAMBAU;OUTRO FABRICANTE
R05B ANTIGRIPAIS C ANTIINFECCIOSOS;APIARIO EMANUEL;OUTRO FABRICANTE
R05B ANTIGRIPAIS C ANTIINFECCIOSOS;APIES IPE;OUTRO FABRICANTE
R02A PREPARACOES PARA GARGANTA;APIMIX;OUTRO FABRICANTE
R02A PREPARACOES PARA GARGANTA;APIS BOM;OUTRO FABRICANTE
R02A PREPARACOES PARA GARGANTA;APIS IPE;OUTRO FABRICANTE
R05B ANTIGRIPAIS C ANTIINFECCIOSOS;APIS PEROLA;OUTRO FABRICANTE
R02A PREPARACOES PARA GARGANTA;APIS PURO;OUTRO FABRICANTE
A16A OUTROS PRODUTOS PARA O APARELHO DIGESTIVO E METAB;ARDRAK;OUTRO FABRICANTE
M02A ANTIREUMATICOS TOPICOS COM ANALGESICOS;ARNICA;OUTRO FABRICANTE
M02A ANTIREUMATICOS TOPICOS COM ANALGESICOS;ARNICA DO MATO;OUTRO FABRICANTE
M02A ANTIREUMATICOS TOPICOS COM ANALGESICOS;ARNICADOMATO;OUTRO FABRICANTE
R05C EXPECTORANTES;AROEIRA;OUTRO FABRICANTE
G02X OTROS PRODUTOS GINECOLOGICOS;ATROFEM HYP;OUTRO FABRICANTE
A11A POLIVITAMINICOS COM MINERAIS;BARIATRIC FUSION;OUTRO FABRICANTE
R02A PREPARACOES PARA GARGANTA;BEEVA;OUTRO FABRICANTE
A12C OUTROS SUPLEMENTOS MINERAIS;BELISSIMA;OUTRO FABRICANTE
A12C OUTROS SUPLEMENTOS MINERAIS;BENNE;OUTRO FABRICANTE
M01A ANTI REUMATICOS SEM ESTEROIDES;BETATRINTA EUR;OUTRO FABRICANTE
R05C EXPECTORANTES;BIOPANTOVIT;OUTRO FABRICANTE
D11A OUTRAS PREPARACOES DERMATOLOGICAS INCL XAMPUS MED;BLUEM;OUTRO FABRICANTE
A11D VITAMINA B1 E ASSOCIACOES;BOMVITAM;OUTRO FABRICANTE
A11F VITAMINAS B12 PURA;BOMVITAM;OUTRO FABRICANTE
A12C OUTROS SUPLEMENTOS MINERAIS;BOMVITAM;OUTRO FABRICANTE
H04X OUTRAS HORMONIOS E PREPARACAO COM ACOES SIMILARES;BOMVITAM;OUTRO FABRICANTE
R05C EXPECTORANTES;BOMVITAM;OUTRO FABRICANTE
S01L PREPARADOS PARA USO COM LENTES DE CONTATO;BOSTON SIMPLUS;OUTRO FABRICANTE
R05C EXPECTORANTES;BRONCOMEL;OUTRO FABRICANTE
C09D ANTAGONISTAS DE LA ANGIOTENSINA II COMBINADOS;BUFEDIL;OUTRO FABRICANTE
A05A PRODUTOS PARA DISTURBIOS DO TRATO BILIAR;BUKRU;OUTRO FABRICANTE
L01C ANTINEOPLASICOS DE ORIGEM VEGETAL;CABAZRED;OUTRO FABRICANTE
R05C EXPECTORANTES;CAICO;OUTRO FABRICANTE
A11X OUTRAS VITAMINAS PURAS;CALCIDAY;OUTRO FABRICANTE
A12A CALCIO;CALCIO MDK;OUTRO FABRICANTE
A12A CALCIO;CALCIO STAR D;OUTRO FABRICANTE
A12A CALCIO;CALCIOBON HER;OUTRO FABRICANTE
A12A CALCIO;CALCIUM 600 + VIT. D3 VGO;OUTRO FABRICANTE
A12A CALCIO;CALCIUM MAGNES+ZINCO VGO;OUTRO FABRICANTE
M02A ANTIREUMATICOS TOPICOS COM ANALGESICOS;CALMADOR;OUTRO FABRICANTE
N02B NAO NARCOTICOS ANTIPIRETICOS;CALMADOR;OUTRO FABRICANTE
N05C TRANQUILIZANTES;CALMATIVA;OUTRO FABRICANTE
M01A ANTI REUMATICOS SEM ESTEROIDES;CALMY;OUTRO FABRICANTE
N03A ANTICONVULSIVANTES;CANABIDIOL;OUTRO FABRICANTE
R05C EXPECTORANTES;CANTINHO DAS ERVAS;OUTRO FABRICANTE
A12C OUTROS SUPLEMENTOS MINERAIS;CAPVIT;OUTRO FABRICANTE
A12C OUTROS SUPLEMENTOS MINERAIS;CARTILANCE;OUTRO FABRICANTE
M01A ANTI REUMATICOS SEM ESTEROIDES;CASA DAS ERVAS;OUTRO FABRICANTE
A07F MICROORGANISMOS ANTIDIARREICOS;CENTROLIFE;OUTRO FABRICANTE
G03A CONTRACEPTIVOS HORMONAIS SISTEMICOS;CERAZETTE OGB;OUTRO FABRICANTE
D07B ASSOCIACOES DE CORTICOIDES;CETOCONAZOL BETAMETASONA NEOMICINA;OUTRO FABRICANTE
A16A OUTROS PRODUTOS PARA O APARELHO DIGESTIVO E METAB;CHILLI BEANS;OUTRO FABRICANTE
N06A A DEPRESSIVOS E REGUL DE HUMOR;CLOR DE FLUOXETINA;OUTRO FABRICANTE
A12C OUTROS SUPLEMENTOS MINERAIS;CLORETO DE MAGNESIO;OUTRO FABRICANTE
R05B ANTIGRIPAIS C ANTIINFECCIOSOS;COAAF;OUTRO FABRICANTE
G02X OTROS PRODUTOS GINECOLOGICOS;COLIFLAX;OUTRO FABRICANTE
R05C EXPECTORANTES;COLOMETIN;OUTRO FABRICANTE
D03A AGENTES CURATIVOS FERIDAS;COLOPLAST;OUTRO FABRICANTE
M05X OUTROS PRODUTOS SISTEMA MUSCULO ESQUELETICO;COMPLEXO A;OUTRO FABRICANTE
R05C EXPECTORANTES;COMPOSTO DA NONA;OUTRO FABRICANTE
M02A ANTIREUMATICOS TOPICOS COM ANALGESICOS;CORDIAL;OUTRO FABRICANTE
R02A PREPARACOES PARA GARGANTA;CREO CALCIO JOBIM;OUTRO FABRICANTE
R05F OUTROS ANTITUSSIGENOS E ANTIGRIPAIS;CREOCALCIOJOBIM;OUTRO FABRICANTE
A09A DIGESTIVOS INCLUIDO ENZIMAS;CREON;OUTRO FABRICANTE
C05C TERAPIA VARICOSA SISTEMICA;CVMED;OUTRO FABRICANTE
R05C EXPECTORANTES;DA VOVO;OUTRO FABRICANTE
M02A ANTIREUMATICOS TOPICOS COM ANALGESICOS;DERMAZON;OUTRO FABRICANTE
G04C PRODUTOS PARA HIPERPLASIA PROSTATICA BENIGNA HPB;DIFLUMID;OUTRO FABRICANTE
S01R ANTIINFLAMATORIOS OFTALMOLOGICOS NAO ESTEROIDES;DIMETILPOLISILOXANE;OUTRO FABRICANTE
N02A ANALGESICOS NARCOTICOS;DIMORF;OUTRO FABRICANTE
N02B NAO NARCOTICOS ANTIPIRETICOS;DIPIRONA;OUTRO FABRICANTE
M02A ANTIREUMATICOS TOPICOS COM ANALGESICOS;DO SERTAO;OUTRO FABRICANTE
R05C EXPECTORANTES;DO VALE;OUTRO FABRICANTE
M02A ANTIREUMATICOS TOPICOS COM ANALGESICOS;DOCTOR MAX;OUTRO FABRICANTE
M02A ANTIREUMATICOS TOPICOS COM ANALGESICOS;DOUTOR ERVAS;OUTRO FABRICANTE
M02A ANTIREUMATICOS TOPICOS COM ANALGESICOS;DOUTOR RELAX;OUTRO FABRICANTE
R05C EXPECTORANTES;DUBOM;OUTRO FABRICANTE
R05C EXPECTORANTES;DUPHALAC ABB;OUTRO FABRICANTE
M02A ANTIREUMATICOS TOPICOS COM ANALGESICOS;DUPRATA;OUTRO FABRICANTE
A11B POLIVITAMINICOS PUROS;E CLER;OUTRO FABRICANTE
D11A OUTRAS PREPARACOES DERMATOLOGICAS INCL XAMPUS MED;EFURIX;OUTRO FABRICANTE
L01B ANTIMETABOLITOS;EFURIX;OUTRO FABRICANTE
A12C OUTROS SUPLEMENTOS MINERAIS;EKOBE;OUTRO FABRICANTE
G04E PRODUTOS PARA DISFUNCAO ERETIL;ELIXPEGADOR;OUTRO FABRICANTE
R05B ANTIGRIPAIS C ANTIINFECCIOSOS;EMANUEL;OUTRO FABRICANTE
R05C EXPECTORANTES;EMANUEL;OUTRO FABRICANTE
N02C CONTRA ENXAQUECA;ENXAK;OUTRO FABRICANTE
A05B PRODUTOS PARA DOENCAS DO FIGADO HEPATOPROTETORES;EPADOSE;OUTRO FABRICANTE
A05B PRODUTOS PARA DOENCAS DO FIGADO HEPATOPROTETORES;EPAZIL;OUTRO FABRICANTE
B03C ERITROPOIETINAS;ERITROMAX;OUTRO FABRICANTE
A06A DROGAS PARA A CONSTIPACAO;ESGRILAX;OUTRO FABRICANTE
A11A POLIVITAMINICOS COM MINERAIS;ESSENCE ALL;OUTRO FABRICANTE
A11C VITAMINA A D INCLUINDO ASSOCIACOES DAS DUAS;ESSENCIAL;OUTRO FABRICANTE
A11G VITAMINA C INCLUSIVE ASSOCIADA A MINERAIS;ESSENCIAL;OUTRO FABRICANTE
A12A CALCIO;ESSENCIAL;OUTRO FABRICANTE
A12C OUTROS SUPLEMENTOS MINERAIS;ESSENCIAL;OUTRO FABRICANTE
R02A PREPARACOES PARA GARGANTA;ESSENZA;OUTRO FABRICANTE
R05B ANTIGRIPAIS C ANTIINFECCIOSOS;ESSENZA;OUTRO FABRICANTE
R05C EXPECTORANTES;EXPECTOMIL;OUTRO FABRICANTE
R02A PREPARACOES PARA GARGANTA;EXTRATO PROPOLIS;OUTRO FABRICANTE
N07D PRODUTOS ANTI ALZHEIMER;FAULDMETRO;OUTRO FABRICANTE
L01C ANTINEOPLASICOS DE ORIGEM VEGETAL;FAULDVINCRI;OUTRO FABRICANTE
A06A DROGAS PARA A CONSTIPACAO;FIBRIX;OUTRO FABRICANTE
A05A PRODUTOS PARA DISTURBIOS DO TRATO BILIAR;FIGAZILMAX;OUTRO FABRICANTE
A05B PRODUTOS PARA DOENCAS DO FIGADO HEPATOPROTETORES;FITO ERVAS;OUTRO FABRICANTE
R05C EXPECTORANTES;FLORA NATIVA DO BRASIL;OUTRO FABRICANTE
A07F MICROORGANISMOS ANTIDIARREICOS;FLORAINTESTIN;OUTRO FABRICANTE
R05C EXPECTORANTES;FLORAL ERVAS;OUTRO FABRICANTE
A07F MICROORGANISMOS ANTIDIARREICOS;FLORATIL;OUTRO FABRICANTE
R05C EXPECTORANTES;FLORESTA;OUTRO FABRICANTE
J01G FLUOROQUINOLONAS;FLOXIMED;OUTRO FABRICANTE
A06A DROGAS PARA A CONSTIPACAO;FONTELAX;OUTRO FABRICANTE
R05C EXPECTORANTES;FORHEALTH;OUTRO FABRICANTE
R02A PREPARACOES PARA GARGANTA;FORMEL;OUTRO FABRICANTE
R05C EXPECTORANTES;FORMULA;OUTRO FABRICANTE
N02B NAO NARCOTICOS ANTIPIRETICOS;FQM;OUTRO FABRICANTE
A02A ANTIACIDOS ANTIFISETICOS;GASTRIMEC;OUTRO FABRICANTE
L01A AGENTES ALQUILINIZANTES;GENUXAL;OUTRO FABRICANTE
G01B ANTIMICOTICOS GINECOLOGICOS;GINO MIZONOL;OUTRO FABRICANTE
A09A DIGESTIVOS INCLUIDO ENZIMAS;GOOD VIT;OUTRO FABRICANTE
A12A CALCIO;GOOD VIT;OUTRO FABRICANTE
H04X OUTRAS HORMONIOS E PREPARACAO COM ACOES SIMILARES;GOOD VIT;OUTRO FABRICANTE
N06B PSICOESTIMULANTES;GOOD VIT;OUTRO FABRICANTE
A11C VITAMINA A D INCLUINDO ASSOCIACOES DAS DUAS;GOULART;OUTRO FABRICANTE
G03A CONTRACEPTIVOS HORMONAIS SISTEMICOS;GRACIAL;OUTRO FABRICANTE
R05A ANTIGRIPAIS EXCLUINDO ANTINFECCIOSOS;GRAVATA;OUTRO FABRICANTE
N02B NAO NARCOTICOS ANTIPIRETICOS;GRIPALCE UNO;OUTRO FABRICANTE
A11G VITAMINA C INCLUSIVE ASSOCIADA A MINERAIS;GUAMAX MUNE;OUTRO FABRICANTE
R05C EXPECTORANTES;GUARABOM;OUTRO FABRICANTE
A12C OUTROS SUPLEMENTOS MINERAIS;GUMMY;OUTRO FABRICANTE
A12C OUTROS SUPLEMENTOS MINERAIS;HEALTHY;OUTRO FABRICANTE
M02A ANTIREUMATICOS TOPICOS COM ANALGESICOS;HEALTHY;OUTRO FABRICANTE
N05A ANTIPSICOTICOS;HEMIFUMARATO DE QUETIAPINA;OUTRO FABRICANTE
C05A ANTIHEMORROIDARIOS TOPICOS;HEMORROYDINA;OUTRO FABRICANTE
A05A PRODUTOS PARA DISTURBIOS DO TRATO BILIAR;HEPATILON KLE;OUTRO FABRICANTE
A05A PRODUTOS PARA DISTURBIOS DO TRATO BILIAR;HEPAZIIN;OUTRO FABRICANTE
S01X OUTROS OFTALMOLOGICOS;HIPERTONIC;OUTRO FABRICANTE
R06A ANTIHISTAMINICOS SISTEMICOS;HOXIDRIN;OUTRO FABRICANTE
J07B COMBINACOES DE VACINAS;INFANRIX HEXA;OUTRO FABRICANTE
M01A ANTI REUMATICOS SEM ESTEROIDES;INFLAMEX;OUTRO FABRICANTE
G03A CONTRACEPTIVOS HORMONAIS SISTEMICOS;INIBIDEX;OUTRO FABRICANTE
G02X OTROS PRODUTOS GINECOLOGICOS;ISOSOY;OUTRO FABRICANTE
R05C EXPECTORANTES;ISTAIMARA;OUTRO FABRICANTE
M01A ANTI REUMATICOS SEM ESTEROIDES;JA VET;OUTRO FABRICANTE
N02D PROD GABAPENTINOIDES;JOLIK;OUTRO FABRICANTE
N04A ANTIPARKINSONIANOS;JUMEXIL;OUTRO FABRICANTE
R05C EXPECTORANTES;KALIPTOS;OUTRO FABRICANTE
M01A ANTI REUMATICOS SEM ESTEROIDES;KALMIDOR;OUTRO FABRICANTE
R05C EXPECTORANTES;KATIGUA;OUTRO FABRICANTE
D11A OUTRAS PREPARACOES DERMATOLOGICAS INCL XAMPUS MED;KEDAXYL;OUTRO FABRICANTE
R05B ANTIGRIPAIS C ANTIINFECCIOSOS;KI MEL;OUTRO FABRICANTE
A06A DROGAS PARA A CONSTIPACAO;KINATURAL;OUTRO FABRICANTE
R06A ANTIHISTAMINICOS SISTEMICOS;KOIDE EUR;OUTRO FABRICANTE
R05C EXPECTORANTES;KRIFF;OUTRO FABRICANTE
M02A ANTIREUMATICOS TOPICOS COM ANALGESICOS;LABORENE;OUTRO FABRICANTE
A06A DROGAS PARA A CONSTIPACAO;LACTUGOLD;OUTRO FABRICANTE
R05C EXPECTORANTES;LAMBEDOR;OUTRO FABRICANTE
M02A ANTIREUMATICOS TOPICOS COM ANALGESICOS;LANURA;OUTRO FABRICANTE
R02A PREPARACOES PARA GARGANTA;LARINGEX;OUTRO FABRICANTE
A09A DIGESTIVOS INCLUIDO ENZIMAS;LASANDAY;OUTRO FABRICANTE
R05C EXPECTORANTES;LEGITIMO;OUTRO FABRICANTE
C10A PREPARADOS PARA REGULACAO COLESTEROL E TRIGLICERID;LENITRAL;OUTRO FABRICANTE
C10A PREPARADOS PARA REGULACAO COLESTEROL E TRIGLICERID;LESTEROL;OUTRO FABRICANTE
N01B ANESTESICOS LOCAIS EXCLUINDO DERMATOLOGICOS;LIDOSTESIM;OUTRO FABRICANTE
N03A ANTICONVULSIVANTES;LIFE SCIENCE;OUTRO FABRICANTE
R06A ANTIHISTAMINICOS SISTEMICOS;LORATADINA;OUTRO FABRICANTE
C09C ANTAGONISTAS DE LA ANGIOTENSINA II PUROS;LOSARTANA;OUTRO FABRICANTE
A02B ANTIULCEROSOS;LOSEC;OUTRO FABRICANTE
G03A CONTRACEPTIVOS HORMONAIS SISTEMICOS;LYNDAVELUNO;OUTRO FABRICANTE
R05C EXPECTORANTES;MACRO VIC EXPEC;OUTRO FABRICANTE
A06A DROGAS PARA A CONSTIPACAO;MAGMILK;OUTRO FABRICANTE
A12C OUTROS SUPLEMENTOS MINERAIS;MAGNESIO;OUTRO FABRICANTE
K01F SOLUCOES PARA TERAPIA OSMOTICA;MANITOL;OUTRO FABRICANTE
R05C EXPECTORANTES;MARIA FLOR;OUTRO FABRICANTE
A12C OUTROS SUPLEMENTOS MINERAIS;MAX ERVAS;OUTRO FABRICANTE
A16A OUTROS PRODUTOS PARA O APARELHO DIGESTIVO E METAB;MAX ERVAS;OUTRO FABRICANTE
G04C PRODUTOS PARA HIPERPLASIA PROSTATICA BENIGNA HPB;MAX ERVAS;OUTRO FABRICANTE
N06B PSICOESTIMULANTES;MAX ERVAS;OUTRO FABRICANTE
R05C EXPECTORANTES;MAXCETIL;OUTRO FABRICANTE
P01B ANTIHELMINTICOS EXCETO OS ESQUISTOSOMICIDAS;MEBENDAZOL;OUTRO FABRICANTE
A05B PRODUTOS PARA DOENCAS DO FIGADO HEPATOPROTETORES;MEG ERVAS;OUTRO FABRICANTE
R05A ANTIGRIPAIS EXCLUINDO ANTINFECCIOSOS;MEGAMEL;OUTRO FABRICANTE
R02A PREPARACOES PARA GARGANTA;MEL COLMEIA;OUTRO FABRICANTE
N05A ANTIPSICOTICOS;MELLERIL;OUTRO FABRICANTE
M01A ANTI REUMATICOS SEM ESTEROIDES;MERCK;OUTRO FABRICANTE
R05C EXPECTORANTES;METAMIX;OUTRO FABRICANTE
R02A PREPARACOES PARA GARGANTA;MINAS MEL;OUTRO FABRICANTE
N06A A DEPRESSIVOS E REGUL DE HUMOR;MIRTAZAPINA;OUTRO FABRICANTE
G03B ANDROGENOS E ASSOCIACOES EXCETO G3E G3F;MOD;OUTRO FABRICANTE
J01G FLUOROQUINOLONAS;MOEDENSE;OUTRO FABRICANTE
R05B ANTIGRIPAIS C ANTIINFECCIOSOS;MOEDENSE;OUTRO FABRICANTE
R02A PREPARACOES PARA GARGANTA;MULTIFLOR;OUTRO FABRICANTE
R05B ANTIGRIPAIS C ANTIINFECCIOSOS;MULTIFLOR;OUTRO FABRICANTE
R05C EXPECTORANTES;MULTIFLOR;OUTRO FABRICANTE
R05C EXPECTORANTES;MUWIZ;OUTRO FABRICANTE
A12C OUTROS SUPLEMENTOS MINERAIS;NATUMIX;OUTRO FABRICANTE
M02A ANTIREUMATICOS TOPICOS COM ANALGESICOS;NATURA LIFE;OUTRO FABRICANTE
R05C EXPECTORANTES;NATURAPIS;OUTRO FABRICANTE
A11A POLIVITAMINICOS COM MINERAIS;NATURE ENERGY;OUTRO FABRICANTE
A12C OUTROS SUPLEMENTOS MINERAIS;NATURES;OUTRO FABRICANTE
R05C EXPECTORANTES;NATURYS;OUTRO FABRICANTE
R05B ANTIGRIPAIS C ANTIINFECCIOSOS;NATUSPRAY;OUTRO FABRICANTE
R05A ANTIGRIPAIS EXCLUINDO ANTINFECCIOSOS;NECTAMEL;OUTRO FABRICANTE
R05F OUTROS ANTITUSSIGENOS E ANTIGRIPAIS;NECTAMEL;OUTRO FABRICANTE
M02A ANTIREUMATICOS TOPICOS COM ANALGESICOS;NECTAR;OUTRO FABRICANTE
A12C OUTROS SUPLEMENTOS MINERAIS;NEW GREEN;OUTRO FABRICANTE
R05C EXPECTORANTES;NOSSA FLORA;OUTRO FABRICANTE
B02E PRODUTOS ELEVADORES DE PLAQUETAS;NPLATE;OUTRO FABRICANTE
H04X OUTRAS HORMONIOS E PREPARACAO COM ACOES SIMILARES;NUANCE;OUTRO FABRICANTE
R05C EXPECTORANTES;NUTRI ERVAS;OUTRO FABRICANTE
A16A OUTROS PRODUTOS PARA O APARELHO DIGESTIVO E METAB;NUTRYERVAS;OUTRO FABRICANTE
A02B ANTIULCEROSOS;OMEPRAZOL;OUTRO FABRICANTE
R05C EXPECTORANTES;OPTIMUM EXPECTOR;OUTRO FABRICANTE
G03A CONTRACEPTIVOS HORMONAIS SISTEMICOS;ORGANON BRASIL;OUTRO FABRICANTE
A12A CALCIO;OSTEOPACK;OUTRO FABRICANTE
S01E MIOTICOS E PRAPARADOS ANTIGLAUCOMA;OXINEST CRI;OUTRO FABRICANTE
D11A OUTRAS PREPARACOES DERMATOLOGICAS INCL XAMPUS MED;OXIPELLE;OUTRO FABRICANTE
M02A ANTIREUMATICOS TOPICOS COM ANALGESICOS;PADRE CICERO;OUTRO FABRICANTE
A02B ANTIULCEROSOS;PANTOPRAZOL;OUTRO FABRICANTE
N02B NAO NARCOTICOS ANTIPIRETICOS;PARACEN;OUTRO FABRICANTE
N01B ANESTESICOS LOCAIS EXCLUINDO DERMATOLOGICOS;PASSAJA;OUTRO FABRICANTE
R05B ANTIGRIPAIS C ANTIINFECCIOSOS;PEDRA DO INDIO;OUTRO FABRICANTE
R05C EXPECTORANTES;PEITORAL FITOBRONC;OUTRO FABRICANTE
A11X OUTRAS VITAMINAS PURAS;PEIXINHO;OUTRO FABRICANTE
H02A CORTICOSTEROIDES PUROS;PERMESE;OUTRO FABRICANTE
P03A ECTOPARASITICIDAS INCL ESCAB;PERMITRAT;OUTRO FABRICANTE
M02A ANTIREUMATICOS TOPICOS COM ANALGESICOS;PETITE FLEUR;OUTRO FABRICANTE
A12C OUTROS SUPLEMENTOS MINERAIS;PHARMALIV;OUTRO FABRICANTE
D08A ANTISSEPTICOS E DESINFETANTES EXCL CURATIVOS MEDIC;PIELSANA;OUTRO FABRICANTE
C05C TERAPIA VARICOSA SISTEMICA;PLASMOVE;OUTRO FABRICANTE
R05F OUTROS ANTITUSSIGENOS E ANTIGRIPAIS;PNEUMOVITA;OUTRO FABRICANTE
R05C EXPECTORANTES;POLIPLUS;OUTRO FABRICANTE
M01A ANTI REUMATICOS SEM ESTEROIDES;POVIDINE;OUTRO FABRICANTE
A07F MICROORGANISMOS ANTIDIARREICOS;PRADO;OUTRO FABRICANTE
H02A CORTICOSTEROIDES PUROS;PREDNISONA;OUTRO FABRICANTE
R02A PREPARACOES PARA GARGANTA;PRONATUS;OUTRO FABRICANTE
R05B ANTIGRIPAIS C ANTIINFECCIOSOS;PRONATUS;OUTRO FABRICANTE
J02A AGENTES ANTIMICOTICOS SISTEMICOS EXCLUINDO GRISEOF;PRONAZOL;OUTRO FABRICANTE
R05B ANTIGRIPAIS C ANTIINFECCIOSOS;PROPOFLEX;OUTRO FABRICANTE
R02A PREPARACOES PARA GARGANTA;PROPOLIS;OUTRO FABRICANTE
R02A PREPARACOES PARA GARGANTA;PROPOMA;OUTRO FABRICANTE
R05C EXPECTORANTES;PURAVIDA;OUTRO FABRICANTE
A11C VITAMINA A D INCLUINDO ASSOCIACOES DAS DUAS;PURE ESSENCE;OUTRO FABRICANTE
M02A ANTIREUMATICOS TOPICOS COM ANALGESICOS;PUREZA;OUTRO FABRICANTE
A12A CALCIO;REFLUBEN;OUTRO FABRICANTE
A06A DROGAS PARA A CONSTIPACAO;REGULAX FIBRAS;OUTRO FABRICANTE
R02A PREPARACOES PARA GARGANTA;RESFBEN;OUTRO FABRICANTE
L01K ANTINEOPLASICOS LIDOMIDA;REVLIMID;OUTRO FABRICANTE
R05C EXPECTORANTES;ROYAL DRINK;OUTRO FABRICANTE
A06A DROGAS PARA A CONSTIPACAO;SABOR E SAUDE;OUTRO FABRICANTE
M02A ANTIREUMATICOS TOPICOS COM ANALGESICOS;SAMAR;OUTRO FABRICANTE
R05C EXPECTORANTES;SANTANA;OUTRO FABRICANTE
A12C OUTROS SUPLEMENTOS MINERAIS;SANTE;OUTRO FABRICANTE
R05C EXPECTORANTES;SANTO MEL;OUTRO FABRICANTE
M02A ANTIREUMATICOS TOPICOS COM ANALGESICOS;SAO LUCAS;OUTRO FABRICANTE
M01A ANTI REUMATICOS SEM ESTEROIDES;SCAFLOGIN GLO;OUTRO FABRICANTE
A07F MICROORGANISMOS ANTIDIARREICOS;SEIROGAN;OUTRO FABRICANTE
S01X OUTROS OFTALMOLOGICOS;SIMILASAN;OUTRO FABRICANTE
R02A PREPARACOES PARA GARGANTA;SITIO SOLEDADE;OUTRO FABRICANTE
A11F VITAMINAS B12 PURA;SOS VITTA;OUTRO FABRICANTE
A12A CALCIO;SOS VITTA;OUTRO FABRICANTE
A01A ESTOMATOLOGICOS;SULFADIAZINA DE PRATA;OUTRO FABRICANTE
D06A ANTIBACTERIANOS TOPICOS;SULFADIAZINA DE PRATA;OUTRO FABRICANTE
R05F OUTROS ANTITUSSIGENOS E ANTIGRIPAIS;SUPRA FORTE;OUTRO FABRICANTE
A12C OUTROS SUPLEMENTOS MINERAIS;SUPRANUTRI;OUTRO FABRICANTE
S01K PRODUTOS PARA OLHO SECO;SUPRILAG;OUTRO FABRICANTE
M02A ANTIREUMATICOS TOPICOS COM ANALGESICOS;TANDRIMAX;OUTRO FABRICANTE
R05B ANTIGRIPAIS C ANTIINFECCIOSOS;TANGIRU;OUTRO FABRICANTE
N02B NAO NARCOTICOS ANTIPIRETICOS;TERMOPRIN;OUTRO FABRICANTE
G04E PRODUTOS PARA DISFUNCAO ERETIL;TERRESTRES;OUTRO FABRICANTE
R03X TODOS OS OUTROS BRONCODILATADORES;TEZSPIRE;OUTRO FABRICANTE
A10S AGONISTAS GLP 1;TG;OUTRO FABRICANTE
G01B ANTIMICOTICOS GINECOLOGICOS;TIBOLONA;OUTRO FABRICANTE
A12C OUTROS SUPLEMENTOS MINERAIS;TIP TOP;OUTRO FABRICANTE
R05B ANTIGRIPAIS C ANTIINFECCIOSOS;TIRA TOSSE;OUTRO FABRICANTE
A10S AGONISTAS GLP 1;TIRZEPATIDA;OUTRO FABRICANTE
R05C EXPECTORANTES;TOSSEFEDRIN;OUTRO FABRICANTE
A05B PRODUTOS PARA DOENCAS DO FIGADO HEPATOPROTETORES;ULTRACLER;OUTRO FABRICANTE
A06A DROGAS PARA A CONSTIPACAO;ULTRASUPRY;OUTRO FABRICANTE
A11G VITAMINA C INCLUSIVE ASSOCIADA A MINERAIS;ULTRASUPRY;OUTRO FABRICANTE
A10C INSULINAS HUMANAS E ANALOGAS;UNIQMED;OUTRO FABRICANTE
R05C EXPECTORANTES;UPAMEL;OUTRO FABRICANTE
R02A PREPARACOES PARA GARGANTA;VALE DO MEL;OUTRO FABRICANTE
L01G ANTICORPOS MONOCLONAIS ANTINEOPLASICOS;VECTIBIX;OUTRO FABRICANTE
B01A ANTICOAGULANTES NAO INJETAVEIS;VENOVAZ;OUTRO FABRICANTE
R02A PREPARACOES PARA GARGANTA;VIDA NATURAL;OUTRO FABRICANTE
A11F VITAMINAS B12 PURA;VIFLOZA;OUTRO FABRICANTE
A12C OUTROS SUPLEMENTOS MINERAIS;VITALLYFOR;OUTRO FABRICANTE
A12C OUTROS SUPLEMENTOS MINERAIS;VITALPROTEINS;OUTRO FABRICANTE
R05A ANTIGRIPAIS EXCLUINDO ANTINFECCIOSOS;VOVO PEDRO;OUTRO FABRICANTE
R02A PREPARACOES PARA GARGANTA;VOVOPEDRO;OUTRO FABRICANTE
R03A AGONISTAS BETA 2;WAKA;OUTRO FABRICANTE
R01B DESCONGESTIONANTES NASAIS SISTEMICOS;WINTER AP;OUTRO FABRICANTE
A11F VITAMINAS B12 PURA;WOD NUTRITION;OUTRO FABRICANTE
R05C EXPECTORANTES;XAROPE DA VOVO;OUTRO FABRICANTE
G04E PRODUTOS PARA DISFUNCAO ERETIL;YOMAX;OUTRO FABRICANTE
A11G VITAMINA C INCLUSIVE ASSOCIADA A MINERAIS;ZANTHO NUTRITION;OUTRO FABRICANTE
A12A CALCIO;ZANTHO NUTRITION;OUTRO FABRICANTE
M02A ANTIREUMATICOS TOPICOS COM ANALGESICOS;ZOMIX;OUTRO FABRICANTE
M01A ANTI REUMATICOS SEM ESTEROIDES;ALGINAC P&G;P&G
A11D VITAMINA B1 E ASSOCIACOES;CITONEURIN P&G;P&G
M01B ANTI REUMATICOS ASSOCIADOS COM CORTICOSTEROIDES;DEXA CITONEURIN NFF P&G;P&G
M01B ANTI REUMATICOS ASSOCIADOS COM CORTICOSTEROIDES;DEXACITONEURIN P&G;P&G
A06A DROGAS PARA A CONSTIPACAO;METAMUCIL P&G;P&G
N05B HIPNOTICOS SEDATIVOS;SONOZZZ P&G;P&G
R02A PREPARACOES PARA GARGANTA;VICK;P&G
N02B NAO NARCOTICOS ANTIPIRETICOS;VICK P&G;P&G
R01A PREPARACOES NASAIS TOPICAS;VICK P&G;P&G
R02A PREPARACOES PARA GARGANTA;VICK P&G;P&G
R04A UNGUENTOS PERCUTANEOS E OUTROS INALANTES;VICK P&G;P&G
R05A ANTIGRIPAIS EXCLUINDO ANTINFECCIOSOS;VICK P&G;P&G
R05C EXPECTORANTES;VICK P&G;P&G
R05D ANTITUSSIGENOS;VICK P&G;P&G
D02A EMOLIENTES E PROTETORES;AMORAVEL;PAGUE MENOS
R04A UNGUENTOS PERCUTANEOS E OUTROS INALANTES;AMORAVEL;PAGUE MENOS
R04A UNGUENTOS PERCUTANEOS E OUTROS INALANTES;AMORAVEL PAG;PAGUE MENOS
A07G REPOSITORES ELECTROLITICOS ORAIS;ATIVDAY;PAGUE MENOS
A11G VITAMINA C INCLUSIVE ASSOCIADA A MINERAIS;ATIVDAY;PAGUE MENOS
A12C OUTROS SUPLEMENTOS MINERAIS;ATIVDAY;PAGUE MENOS
H04X OUTRAS HORMONIOS E PREPARACAO COM ACOES SIMILARES;ATIVDAY;PAGUE MENOS
R05C EXPECTORANTES;ATIVDAY;PAGUE MENOS
A02A ANTIACIDOS ANTIFISETICOS;BE BETTER;PAGUE MENOS
A06A DROGAS PARA A CONSTIPACAO;BE BETTER;PAGUE MENOS
A07F MICROORGANISMOS ANTIDIARREICOS;BE BETTER;PAGUE MENOS
A09A DIGESTIVOS INCLUIDO ENZIMAS;BE BETTER;PAGUE MENOS
A10C INSULINAS HUMANAS E ANALOGAS;BE BETTER;PAGUE MENOS
A11D VITAMINA B1 E ASSOCIACOES;BE BETTER;PAGUE MENOS
A11G VITAMINA C INCLUSIVE ASSOCIADA A MINERAIS;BE BETTER;PAGUE MENOS
R01A PREPARACOES NASAIS TOPICAS;BE BETTER;PAGUE MENOS
R01B DESCONGESTIONANTES NASAIS SISTEMICOS;BE BETTER;PAGUE MENOS
R05C EXPECTORANTES;BE BETTER;PAGUE MENOS
D08A ANTISSEPTICOS E DESINFETANTES EXCL CURATIVOS MEDIC;DAUF;PAGUE MENOS
M02A ANTIREUMATICOS TOPICOS COM ANALGESICOS;DAUF;PAGUE MENOS
R02A PREPARACOES PARA GARGANTA;DAUF;PAGUE MENOS
R04A UNGUENTOS PERCUTANEOS E OUTROS INALANTES;DAUF;PAGUE MENOS
R05B ANTIGRIPAIS C ANTIINFECCIOSOS;DAUF;PAGUE MENOS
A06A DROGAS PARA A CONSTIPACAO;DAUF PAG;PAGUE MENOS
A07F MICROORGANISMOS ANTIDIARREICOS;DAUF PAG;PAGUE MENOS
D03A AGENTES CURATIVOS FERIDAS;DAUF PAG;PAGUE MENOS
M02A ANTIREUMATICOS TOPICOS COM ANALGESICOS;DAUF PAG;PAGUE MENOS
R02A PREPARACOES PARA GARGANTA;DAUF PAG;PAGUE MENOS
R04A UNGUENTOS PERCUTANEOS E OUTROS INALANTES;DAUF PAG;PAGUE MENOS
R05A ANTIGRIPAIS EXCLUINDO ANTINFECCIOSOS;DAUF PAG;PAGUE MENOS
A06A DROGAS PARA A CONSTIPACAO;LACTULOSE NTX;PAGUE MENOS
A02A ANTIACIDOS ANTIFISETICOS;PAGUE MENOS;PAGUE MENOS
A10C INSULINAS HUMANAS E ANALOGAS;PAGUE MENOS;PAGUE MENOS
A12A CALCIO;PAGUE MENOS;PAGUE MENOS
A12C OUTROS SUPLEMENTOS MINERAIS;PAGUE MENOS;PAGUE MENOS
R01A PREPARACOES NASAIS TOPICAS;PAGUE MENOS;PAGUE MENOS
H04X OUTRAS HORMONIOS E PREPARACAO COM ACOES SIMILARES;POWER VITA PAG;PAGUE MENOS
A07G REPOSITORES ELECTROLITICOS ORAIS;REIDRABETTER;PAGUE MENOS
A02A ANTIACIDOS ANTIFISETICOS;SEMEBETTER PAG;PAGUE MENOS
A02A ANTIACIDOS ANTIFISETICOS;SIMEBETTER;PAGUE MENOS
A02A ANTIACIDOS ANTIFISETICOS;SIMETICONA;PAGUE MENOS
N05C TRANQUILIZANTES;LORAZEPAM GER;PANVEL
A11G VITAMINA C INCLUSIVE ASSOCIADA A MINERAIS;PENSEVITA;PENSE FARMA
A12A CALCIO;PENSEVITA;PENSE FARMA
R05C EXPECTORANTES;PERFEITA ALQUIMIA NATURAL;PERFEITA ALQUIMIA PROD. NAT. LTDA.
A12A CALCIO;ENERGIN;PERMANENTE
A06A DROGAS PARA A CONSTIPACAO;ABRYSVO PFI;PFIZER
J07E VACINAS VIRAIS;ABRYSVO PFI;PFIZER
C03A DIURETICOS;ALDACTONE PFI;PFIZER
C09C ANTAGONISTAS DE LA ANGIOTENSINA II PUROS;ALDACTONE PFI;PFIZER
C03A DIURETICOS;ALDAZIDA PFI;PFIZER
L02B ANTAGONISTAS DE HORMONIOS CITOSTATICOS;AROMASIN PFI;PFIZER
N07D PRODUTOS ANTI ALZHEIMER;ARTANE PFI;PFIZER
L01H ANTINEOPLASICOS INIBIDORES DA PROTEINA QUINASE;BOSULIF PFI;PFIZER
A12A CALCIO;CALTRATE D PFI;PFIZER
D05X OUTROS PRODUTOS N/CORTICOIDES P DISTURB INFLAM;CIBINQO PFI;PFIZER
N02A ANALGESICOS NARCOTICOS;CLOR DE TRAMADOL PFI;PFIZER
J01F MACROLIDEOS E SIMILARES;DALACIN PFI;PFIZER
J01G FLUOROQUINOLONAS;DALACIN PFI;PFIZER
H02A CORTICOSTEROIDES PUROS;DEPO MEDROL PFI;PFIZER
G03A CONTRACEPTIVOS HORMONAIS SISTEMICOS;DEPO PROVERA PFI;PFIZER
N06A A DEPRESSIVOS E REGUL DE HUMOR;DESVENLAFAXINA PFI;PFIZER
G02D INIBIDORES DA PROLACTINA;DOSTINEX PFI;PFIZER
J01G FLUOROQUINOLONAS;ECP PFI;PFIZER
N06A A DEPRESSIVOS E REGUL DE HUMOR;EFEXOR XR PFI;PFIZER
B01A ANTICOAGULANTES NAO INJETAVEIS;ELIQUIS PFI;PFIZER
B01F INIBIDOR DIRETO DO FATOR XA;ELIQUIS PFI;PFIZER
L04B MEDICAMENTOS ANTI TNF;ENBREL PFI;PFIZER
N07D PRODUTOS ANTI ALZHEIMER;ERANZ PFI;PFIZER
M01A ANTI REUMATICOS SEM ESTEROIDES;FELDENE PFI;PFIZER
H04C HORMONIOS DO CRESCIMENTO;GENOTROPIN PFI;PFIZER
N05A ANTIPSICOTICOS;GEODON PFI;PFIZER
G03A CONTRACEPTIVOS HORMONAIS SISTEMICOS;GESTODENO PFI;PFIZER
S01K PRODUTOS PARA OLHO SECO;HYLO PFI;PFIZER
L01H ANTINEOPLASICOS INIBIDORES DA PROTEINA QUINASE;IBRANCE PFI;PFIZER
L01H ANTINEOPLASICOS INIBIDORES DA PROTEINA QUINASE;INLYTA PFI;PFIZER
P01A AMEBICIDAS;KITNOS PFI;PFIZER
L04X OUTROS IMUNOSSUPRESORES;LITFULO PFI;PFIZER
L01H ANTINEOPLASICOS INIBIDORES DA PROTEINA QUINASE;LORBRENA PFI;PFIZER
A02A ANTIACIDOS ANTIFISETICOS;MAGNESIA BISURADA PFI;PFIZER
R03A AGONISTAS BETA 2;MARAX PFI;PFIZER
J07D VACINAS BACTERIANAS;NIMENRIX PFI;PFIZER
G03A CONTRACEPTIVOS HORMONAIS SISTEMICOS;NORDETTE PFI;PFIZER
C09C ANTAGONISTAS DE LA ANGIOTENSINA II PUROS;OLMETEC PFI;PFIZER
C09D ANTAGONISTAS DE LA ANGIOTENSINA II COMBINADOS;OLMETEC PFI;PFIZER
C09D ANTAGONISTAS DE LA ANGIOTENSINA II COMBINADOS;OLMETECANLO PFI;PFIZER
J05B OUTROS ANTIVIRAIS;PAXLOVID PFI;PFIZER
A10H SULFONILOUREIA A DIABETICOS;PFIZER;PFIZER
C09C ANTAGONISTAS DE LA ANGIOTENSINA II PUROS;PFIZER;PFIZER
C10A PREPARADOS PARA REGULACAO COLESTEROL E TRIGLICERID;PFIZER;PFIZER
D07A CORTICOIDES TOPICOS PUROS;PFIZER;PFIZER
G03A CONTRACEPTIVOS HORMONAIS SISTEMICOS;PFIZER;PFIZER
G04E PRODUTOS PARA DISFUNCAO ERETIL;PFIZER;PFIZER
H02A CORTICOSTEROIDES PUROS;PFIZER;PFIZER
H04C HORMONIOS DO CRESCIMENTO;PFIZER;PFIZER
J02A AGENTES ANTIMICOTICOS SISTEMICOS EXCLUINDO GRISEOF;PFIZER;PFIZER
J05B OUTROS ANTIVIRAIS;PFIZER;PFIZER
J07E VACINAS VIRAIS;PFIZER;PFIZER
L01H ANTINEOPLASICOS INIBIDORES DA PROTEINA QUINASE;PFIZER;PFIZER
M01A ANTI REUMATICOS SEM ESTEROIDES;PFIZER;PFIZER
N03A ANTICONVULSIVANTES;PFIZER;PFIZER
N05A ANTIPSICOTICOS;PFIZER;PFIZER
N05B HIPNOTICOS SEDATIVOS;PFIZER;PFIZER
N05C TRANQUILIZANTES;PFIZER;PFIZER
N06A A DEPRESSIVOS E REGUL DE HUMOR;PFIZER;PFIZER
S01E MIOTICOS E PRAPARADOS ANTIGLAUCOMA;PFIZER;PFIZER
S01K PRODUTOS PARA OLHO SECO;PFIZER;PFIZER
S01X OUTROS OFTALMOLOGICOS;PFIZER;PFIZER
M01A ANTI REUMATICOS SEM ESTEROIDES;PONSTAN PFI;PFIZER
J07D VACINAS BACTERIANAS;PREVENAR 13 PFI;PFIZER
J07D VACINAS BACTERIANAS;PREVENAR PFI;PFIZER
N06A A DEPRESSIVOS E REGUL DE HUMOR;PRISTIQ PFI;PFIZER
G03A CONTRACEPTIVOS HORMONAIS SISTEMICOS;PROVERA PFI;PFIZER
G03D PROGESTOGENOS E ASSOCIACOES EXCLUINDO G3A G3F;PROVERA PFI;PFIZER
L04X OUTROS IMUNOSSUPRESORES;RAPAMUNE PFI;PFIZER
L01G ANTICORPOS MONOCLONAIS ANTINEOPLASICOS;RUXIENCE PFI;PFIZER
G04E PRODUTOS PARA DISFUNCAO ERETIL;SILDENAFILA PFI;PFIZER
H01C HORMONIOS HIPOTALAMICAS;SOMAVERT PFI;PFIZER
L01H ANTINEOPLASICOS INIBIDORES DA PROTEINA QUINASE;SUTENT PFI;PFIZER
J01A TETRACICLINAS E ASSOCIACOES;VIBRAMICINA PFI;PFIZER
N07X TODAS OUTRAS DROGAS PARA SNC;VYNDAQEL PFI;PFIZER
S01E MIOTICOS E PRAPARADOS ANTIGLAUCOMA;XALACOM PFI;PFIZER
S01K PRODUTOS PARA OLHO SECO;XALACOM PFI;PFIZER
S01E MIOTICOS E PRAPARADOS ANTIGLAUCOMA;XALATAN PFI;PFIZER
L01H ANTINEOPLASICOS INIBIDORES DA PROTEINA QUINASE;XALKORI PFI;PFIZER
L04D INIBIDORES DE JAK;XELJANZ PFI;PFIZER
L04B MEDICAMENTOS ANTI TNF;XILFYA PFI;PFIZER
J01F MACROLIDEOS E SIMILARES;ZITROMAX PFI;PFIZER
J02A AGENTES ANTIMICOTICOS SISTEMICOS EXCLUINDO GRISEOF;ZOLTEC PFI;PFIZER
J05B OUTROS ANTIVIRAIS;ACICLOVIR PHA;PHARLAB
S01D AGENTES ANTIVIROTICOS;ACICLOVIR PHA;PHARLAB
N02B NAO NARCOTICOS ANTIPIRETICOS;ADLYV PHA;PHARLAB
R05C EXPECTORANTES;AGIIXPEC PHA;PHARLAB
R05C EXPECTORANTES;AGIL CISTEIN PHA;PHARLAB
M01A ANTI REUMATICOS SEM ESTEROIDES;ARTRITEC PHA;PHARLAB
C07A AGENTES BETA BLOQUEADORES PUROS;ATENOLOL PHA;PHARLAB
J01F MACROLIDEOS E SIMILARES;AZITROMICINA PHA;PHARLAB
J01F MACROLIDEOS E SIMILARES;AZITROPHAR PHA;PHARLAB
C08A ANTAGONISTAS DO CALCIO PUROS;BESILATO DE ANLODIPINO PHA;PHARLAB
R05C EXPECTORANTES;BISOLPHAR PHA;PHARLAB
C07A AGENTES BETA BLOQUEADORES PUROS;BISOPROLOL PHA;PHARLAB
A03F GASTROPROCINETICOS;BROMOPRIDA PHA;PHARLAB
C09A INIBIDORES ACE PUROS;CAPTOPRIL PHA;PHARLAB
C09A INIBIDORES ACE PUROS;CAPTOSEN PHA;PHARLAB
M03B RELAXANTES MUSCULARES ACAO CENTRAL;CEDRILAX PHA;PHARLAB
J01D CEFALOSPORINAS;CEFALEXINA PHA;PHARLAB
D07B ASSOCIACOES DE CORTICOIDES;CETOCONAZOL BETAMETASONA NEOMICINA PHA;PHARLAB
D01A ANTIMICOTICOS DERMATOLOGICOS;CETOCONAZOL PHA;PHARLAB
J02A AGENTES ANTIMICOTICOS SISTEMICOS EXCLUINDO GRISEOF;CETOCONAZOL PHA;PHARLAB
D01A ANTIMICOTICOS DERMATOLOGICOS;CICLOPIROX OLAMINA PHA;PHARLAB
J01G FLUOROQUINOLONAS;CIPROFLONAX PHA;PHARLAB
J01F MACROLIDEOS E SIMILARES;CLARITROMICINA PHA;PHARLAB
N03A ANTICONVULSIVANTES;CLONAZEPAM PHA;PHARLAB
R05C EXPECTORANTES;CLOR DE BROMEXINA PHA;PHARLAB
J01G FLUOROQUINOLONAS;CLOR DE CIPROFLOXACINO PHA;PHARLAB
N07D PRODUTOS ANTI ALZHEIMER;CLOR DE DORZOLAMIDA PHA;PHARLAB
J01A TETRACICLINAS E ASSOCIACOES;CLOR DE DOXICICLINA PHA;PHARLAB
N06A A DEPRESSIVOS E REGUL DE HUMOR;CLOR DE FLUOXETINA PHA;PHARLAB
R06A ANTIHISTAMINICOS SISTEMICOS;CLOR DE HIDROXIZINA PHA;PHARLAB
A07H INIBIDORES DA MOTILIDADE;CLOR DE LOPERAMIDA PHA;PHARLAB
A10J BIGUANIDA A DIABETICOS;CLOR DE METFORMINA PHA;PHARLAB
A03F GASTROPROCINETICOS;CLOR DE METOCLOPRAMIDA PHA;PHARLAB
C07A AGENTES BETA BLOQUEADORES PUROS;CLOR DE NEBIVOLOL PHA;PHARLAB
A04A ANTIEMETICOS E ANTINAUSEOSOS;CLOR DE ONDANSETRONA PHA;PHARLAB
N06A A DEPRESSIVOS E REGUL DE HUMOR;CLOR DE PAROXETINA PHA;PHARLAB
C07A AGENTES BETA BLOQUEADORES PUROS;CLOR DE PROPRANOLOL PHA;PHARLAB
R05C EXPECTORANTES;CLORIDRATO DE BROMEXINA PHA;PHARLAB
D07A CORTICOIDES TOPICOS PUROS;CORTIDEX PHA;PHARLAB
D11A OUTRAS PREPARACOES DERMATOLOGICAS INCL XAMPUS MED;DECNAZOL PHA;PHARLAB
G01A TRICOMONICIDAS;DECNAZOL PHA;PHARLAB
D07A CORTICOIDES TOPICOS PUROS;DERMOVAT PHA;PHARLAB
R06A ANTIHISTAMINICOS SISTEMICOS;DESLORATADINA PHA;PHARLAB
N06A A DEPRESSIVOS E REGUL DE HUMOR;DESVENLAFAXINA PHA;PHARLAB
H02A CORTICOSTEROIDES PUROS;DEXAMETASONA PHA;PHARLAB
H02B ASSOCIACOES CORTICOSTEROIDES SISTEMICOS;DEXCLORFENIRAMINA BETAMETASONA PHA;PHARLAB
N05C TRANQUILIZANTES;DIAZEPAM PHA;PHARLAB
A10H SULFONILOUREIA A DIABETICOS;DICAZID PHA;PHARLAB
J01F MACROLIDEOS E SIMILARES;DICAZID PHA;PHARLAB
J01G FLUOROQUINOLONAS;DICAZID PHA;PHARLAB
M02A ANTIREUMATICOS TOPICOS COM ANALGESICOS;DICLOFENACO PHA;PHARLAB
R06A ANTIHISTAMINICOS SISTEMICOS;DICLOR DE LEVOCETIRIZINA PHA;PHARLAB
C08A ANTAGONISTAS DO CALCIO PUROS;DICLOR DE MANIDIPINO PHA;PHARLAB
C01A GLICOSIDEOS CARDIACOS E ASSOCIACOES;DIGOXINA PHA;PHARLAB
J01A TETRACICLINAS E ASSOCIACOES;DOXICLIN PHA;PHARLAB
N02B NAO NARCOTICOS ANTIPIRETICOS;ELCODRIX PHA;PHARLAB
A02B ANTIULCEROSOS;ELPRAZOL PHA;PHARLAB
C09A INIBIDORES ACE PUROS;ENALAPRIL PHA;PHARLAB
C09A INIBIDORES ACE PUROS;ENAPLEX PHA;PHARLAB
N06A A DEPRESSIVOS E REGUL DE HUMOR;ESCITALOPRAM PHA;PHARLAB
A03D ASSOCIACOES COM ANALGESICOS;ESCOPEN PHA;PHARLAB
M02A ANTIREUMATICOS TOPICOS COM ANALGESICOS;FARMAFLAN PHA;PHARLAB
M01A ANTI REUMATICOS SEM ESTEROIDES;FARMOXICAM PHA;PHARLAB
M03B RELAXANTES MUSCULARES ACAO CENTRAL;FENAFLEX PHA;PHARLAB
J02A AGENTES ANTIMICOTICOS SISTEMICOS EXCLUINDO GRISEOF;FLUCONAZOL PHA;PHARLAB
N06A A DEPRESSIVOS E REGUL DE HUMOR;FLUOXETINA PHA;PHARLAB
N02D PROD GABAPENTINOIDES;GABAPENTINA PHA;PHARLAB
N03A ANTICONVULSIVANTES;GARDENAL PHA;PHARLAB
A02A ANTIACIDOS ANTIFISETICOS;GASCOL PHA;PHARLAB
A10H SULFONILOUREIA A DIABETICOS;GLICAZIDA PHA;PHARLAB
A10H SULFONILOUREIA A DIABETICOS;GLICLAZIDA PHA;PHARLAB
C07A AGENTES BETA BLOQUEADORES PUROS;HEMIFUMARATO DE BISOPROLOL PHA;PHARLAB
D06D PRODUTOS PARA INFECOES VIRAIS;HERVIRAX PHA;PHARLAB
J05B OUTROS ANTIVIRAIS;HERVIRAX PHA;PHARLAB
S01D AGENTES ANTIVIROTICOS;HERVIRAX PHA;PHARLAB
J01A TETRACICLINAS E ASSOCIACOES;HICLATO DE DOXICICLINA PHA;PHARLAB
C03A DIURETICOS;HIDROCLOROTIAZIDA PHA;PHARLAB
C03A DIURETICOS;HIDROLESS PHA;PHARLAB
M01A ANTI REUMATICOS SEM ESTEROIDES;IBUPROFENO PHA;PHARLAB
C03A DIURETICOS;INDAPAMIDA PHA;PHARLAB
R03K ANTICOLINERGICOS SIMPLES;IPRATROPIO PHA;PHARLAB
D01A ANTIMICOTICOS DERMATOLOGICOS;IZONAX PHA;PHARLAB
D11A OUTRAS PREPARACOES DERMATOLOGICAS INCL XAMPUS MED;IZONAX PHA;PHARLAB
J02A AGENTES ANTIMICOTICOS SISTEMICOS EXCLUINDO GRISEOF;IZONAX PHA;PHARLAB
N01B ANESTESICOS LOCAIS EXCLUINDO DERMATOLOGICOS;LABCAINA PHA;PHARLAB
N01B ANESTESICOS LOCAIS EXCLUINDO DERMATOLOGICOS;LIDOCAINA PHA;PHARLAB
N06B PSICOESTIMULANTES;LISDEXANFETAMINA PHA;PHARLAB
A07H INIBIDORES DA MOTILIDADE;LOPERAMIDA PHA;PHARLAB
A07H INIBIDORES DA MOTILIDADE;LOPERAMIDA PLA;PHARLAB
R06A ANTIHISTAMINICOS SISTEMICOS;LORATADINA PHA;PHARLAB
C09C ANTAGONISTAS DE LA ANGIOTENSINA II PUROS;LOSARTANA PHA;PHARLAB
M01A ANTI REUMATICOS SEM ESTEROIDES;MELOXICAM PHA;PHARLAB
G01B ANTIMICOTICOS GINECOLOGICOS;MICONASTIN PHA;PHARLAB
N06A A DEPRESSIVOS E REGUL DE HUMOR;MIRTAZAPINA PHA;PHARLAB
J01E ASSOCIACOES DE TRIMETOPRIM E SIMILARES;NEBACTRINA PHA;PHARLAB
P01B ANTIHELMINTICOS EXCETO OS ESQUISTOSOMICIDAS;NITAZOXANIDA PHA;PHARLAB
A02B ANTIULCEROSOS;OMEPRAZOL PHA;PHARLAB
A04A ANTIEMETICOS E ANTINAUSEOSOS;ONADYV PHA;PHARLAB
N06A A DEPRESSIVOS E REGUL DE HUMOR;OXALATO DE ESCITALOPRAM PHA;PHARLAB
A02B ANTIULCEROSOS;PANTOPRAZOL PHA;PHARLAB
N02B NAO NARCOTICOS ANTIPIRETICOS;PARACETAMOL PHA;PHARLAB
N02A ANALGESICOS NARCOTICOS;PARAFLAN PHA;PHARLAB
A02A ANTIACIDOS ANTIFISETICOS;PHARLAB;PHARLAB
A03A ANTIESPASMODICOS E ANTICOLINERGICOS PUROS;PHARLAB;PHARLAB
A10H SULFONILOUREIA A DIABETICOS;PHARLAB;PHARLAB
C09C ANTAGONISTAS DE LA ANGIOTENSINA II PUROS;PHARLAB;PHARLAB
C10A PREPARADOS PARA REGULACAO COLESTEROL E TRIGLICERID;PHARLAB;PHARLAB
C10A PREPARADOS PARA REGULACAO COLESTEROL E TRIGLICERID;PITAVASTATINA PHA;PHARLAB
N02D PROD GABAPENTINOIDES;PREGABALINA PHA;PHARLAB
B01F INIBIDOR DIRETO DO FATOR XA;RIVAROXABANA PHA;PHARLAB
C10A PREPARADOS PARA REGULACAO COLESTEROL E TRIGLICERID;ROSUVASTATINA CALCICA PHA;PHARLAB
D11A OUTRAS PREPARACOES DERMATOLOGICAS INCL XAMPUS MED;SECNIDAZOL PHA;PHARLAB
G01A TRICOMONICIDAS;SECNIDAZOL PHA;PHARLAB
J05B OUTROS ANTIVIRAIS;SECNIDAZOL PHA;PHARLAB
N05A ANTIPSICOTICOS;SEROQUEL PHA;PHARLAB
C10A PREPARADOS PARA REGULACAO COLESTEROL E TRIGLICERID;SINSTIPHAR;PHARLAB
C10A PREPARADOS PARA REGULACAO COLESTEROL E TRIGLICERID;SINVASTATINA PHA;PHARLAB
N06A A DEPRESSIVOS E REGUL DE HUMOR;SUCCINATO DE DESVENLAFAXINA PHA;PHARLAB
C07A AGENTES BETA BLOQUEADORES PUROS;SUCCINATO DE METOPROLOL PHA;PHARLAB
D06A ANTIBACTERIANOS TOPICOS;SUL DE NEOMICINA BACITRACINA PHA;PHARLAB
G04E PRODUTOS PARA DISFUNCAO ERETIL;TADALAFILA PHA;PHARLAB
D07B ASSOCIACOES DE CORTICOIDES;TRICORTID PHA;PHARLAB
N05A ANTIPSICOTICOS;URBANIL PHA;PHARLAB
D07A CORTICOIDES TOPICOS PUROS;VAL DE BETAMETASONA PHA;PHARLAB
C01D TERAPIA CORONARIA EXCLUINDO ANTAGONISTAS DO CALCIO;VAZIDIN PHA;PHARLAB
A10N INIBIDOR DPP IV;VILDAGLIPTINA PHA;PHARLAB
M01A ANTI REUMATICOS SEM ESTEROIDES;VOLFLANIL PHA;PHARLAB
M02A ANTIREUMATICOS TOPICOS COM ANALGESICOS;PHARMAKOS;PHARMAKOS D AMAZONIA
M02A ANTIREUMATICOS TOPICOS COM ANALGESICOS;PHARMAKOS D AMAZONIA;PHARMAKOS D AMAZONIA
R05B ANTIGRIPAIS C ANTIINFECCIOSOS;PHARMAKOS D AMAZONIA;PHARMAKOS D AMAZONIA
R03A AGONISTAS BETA 2;AEROFRIN PHC;PHARMASCIENCE
P03A ECTOPARASITICIDAS INCL ESCAB;BENZODERM;PHARMASCIENCE
P03A ECTOPARASITICIDAS INCL ESCAB;BENZODERM PHC;PHARMASCIENCE
A07H INIBIDORES DA MOTILIDADE;CLOR DE LOPERAMIDA PHC;PHARMASCIENCE
M03B RELAXANTES MUSCULARES ACAO CENTRAL;DORAFLEX PHC;PHARMASCIENCE
M03B RELAXANTES MUSCULARES ACAO CENTRAL;DORALFLEX PHC;PHARMASCIENCE
M03B RELAXANTES MUSCULARES ACAO CENTRAL;DORTRI PHC;PHARMASCIENCE
M03B RELAXANTES MUSCULARES ACAO CENTRAL;DORTRIRELAX PHC;PHARMASCIENCE
A05B PRODUTOS PARA DOENCAS DO FIGADO HEPATOPROTETORES;ENJOY PHC;PHARMASCIENCE
N02B NAO NARCOTICOS ANTIPIRETICOS;ENJOY PHC;PHARMASCIENCE
R06A ANTIHISTAMINICOS SISTEMICOS;ENJOY PHC;PHARMASCIENCE
J01G FLUOROQUINOLONAS;FOSFOMICINA PHC;PHARMASCIENCE
G04A ANTISSEPTICOS E ANTINFECCIOSOS URINARIOS;FOSFOMICINA TROMETAMOL PHC;PHARMASCIENCE
G04A ANTISSEPTICOS E ANTINFECCIOSOS URINARIOS;FOSMORYL PHC;PHARMASCIENCE
A02A ANTIACIDOS ANTIFISETICOS;GASTROFTAL PHC;PHARMASCIENCE
A07H INIBIDORES DA MOTILIDADE;KAOSEC PHC;PHARMASCIENCE
N02C CONTRA ENXAQUECA;NEOSALDOR;PHARMASCIENCE
A07H INIBIDORES DA MOTILIDADE;PHARMASCIENCE;PHARMASCIENCE
A07G REPOSITORES ELECTROLITICOS ORAIS;POLYDRAT;PHARMASCIENCE
A07G REPOSITORES ELECTROLITICOS ORAIS;POLYDRAT PHC;PHARMASCIENCE
N05B HIPNOTICOS SEDATIVOS;PRASILENCE PHC;PHARMASCIENCE
R05A ANTIGRIPAIS EXCLUINDO ANTINFECCIOSOS;RESFEDRYL PHC;PHARMASCIENCE
R01A PREPARACOES NASAIS TOPICAS;SORINAN PHC;PHARMASCIENCE
G02X OTROS PRODUTOS GINECOLOGICOS;SOYNATI PHC;PHARMASCIENCE
R02A PREPARACOES PARA GARGANTA;PHITOMEL;PHITOMEL
R05B ANTIGRIPAIS C ANTIINFECCIOSOS;PROPOLIS PHY;PHYTONATUS
A10S AGONISTAS GLP 1;PIAVE;PIAVE COSMETICS
M02A ANTIREUMATICOS TOPICOS COM ANALGESICOS;MIL DORES PIW;PIERRY WERMAN
R02A PREPARACOES PARA GARGANTA;PIMEL;PIMEL
L01X OUTROS ANTINEOPLASICOS;BELEODAQ;PINT PHARMA
L01H ANTINEOPLASICOS INIBIDORES DA PROTEINA QUINASE;ICLUSIG PIN;PINT PHARMA
A12C OUTROS SUPLEMENTOS MINERAIS;PONTO DAS ERVAS;PONTO DAS ERVAS
A07G REPOSITORES ELECTROLITICOS ORAIS;JUNGLE;POSITIVE COMPANY
G04C PRODUTOS PARA HIPERPLASIA PROSTATICA BENIGNA HPB;PRAIAMAR PRA;PRAIAMAR
G04E PRODUTOS PARA DISFUNCAO ERETIL;PRAIAMAR PRA;PRAIAMAR
R05C EXPECTORANTES;ACETILCISTEINA PRD;PRATI DONADUZZI
D06D PRODUTOS PARA INFECOES VIRAIS;ACICLOVIR PRD;PRATI DONADUZZI
J05B OUTROS ANTIVIRAIS;ACICLOVIR PRD;PRATI DONADUZZI
P01B ANTIHELMINTICOS EXCETO OS ESQUISTOSOMICIDAS;ALBEND PRD;PRATI DONADUZZI
P01B ANTIHELMINTICOS EXCETO OS ESQUISTOSOMICIDAS;ALBENDAZOL PRD;PRATI DONADUZZI
M04A ANTIGOTOSOS;ALOPURINOL PRD;PRATI DONADUZZI
R05C EXPECTORANTES;AMBROXOL PRD;PRATI DONADUZZI
J01C PENICILINAS DE AMPLO ESPECTRO;AMOXICILINA CLAVULANATO PRD;PRATI DONADUZZI
J01C PENICILINAS DE AMPLO ESPECTRO;AMOXICILINA PRD;PRATI DONADUZZI
J01C PENICILINAS DE AMPLO ESPECTRO;AMPICILINA PRD;PRATI DONADUZZI
C08A ANTAGONISTAS DO CALCIO PUROS;ANLODIPINO PRD;PRATI DONADUZZI
B01F INIBIDOR DIRETO DO FATOR XA;APIXABANA PRD;PRATI DONADUZZI
N05A ANTIPSICOTICOS;ARIPIPRAZOL PRD;PRATI DONADUZZI
C07A AGENTES BETA BLOQUEADORES PUROS;ATENOLOL PRD;PRATI DONADUZZI
M01A ANTI REUMATICOS SEM ESTEROIDES;ATIOVIL PRD;PRATI DONADUZZI
N02C CONTRA ENXAQUECA;AUROM PRD;PRATI DONADUZZI
J01F MACROLIDEOS E SIMILARES;AZITROMICINA PRD;PRATI DONADUZZI
G01A TRICOMONICIDAS;BENZOILMETRONIDAZOL PRD;PRATI DONADUZZI
P01A AMEBICIDAS;BENZOILMETRONIDAZOL PRD;PRATI DONADUZZI
C08A ANTAGONISTAS DO CALCIO PUROS;BESILATO DE ANLODIPINO PRD;PRATI DONADUZZI
D07B ASSOCIACOES DE CORTICOIDES;BETAMETASONA PRD;PRATI DONADUZZI
R03K ANTICOLINERGICOS SIMPLES;BROMETO DE IPRATROPIO PRD;PRATI DONADUZZI
N07D PRODUTOS ANTI ALZHEIMER;BROMIDRATO DE GALANTAMINA PRD;PRATI DONADUZZI
A03F GASTROPROCINETICOS;BROMOPRIDA PRD;PRATI DONADUZZI
G02D INIBIDORES DA PROLACTINA;CABERGOLINA PRD;PRATI DONADUZZI
N03A ANTICONVULSIVANTES;CANABIDIOL PRD;PRATI DONADUZZI
N05A ANTIPSICOTICOS;CANABIDIOL PRD;PRATI DONADUZZI
C09C ANTAGONISTAS DE LA ANGIOTENSINA II PUROS;CANDESARTANA PRD;PRATI DONADUZZI
C09A INIBIDORES ACE PUROS;CAPTOPRIL PRD;PRATI DONADUZZI
R05C EXPECTORANTES;CARBOCISTEINA PRD;PRATI DONADUZZI
R05C EXPECTORANTES;CARBOCISTEINA XAROPE PRD;PRATI DONADUZZI
C07A AGENTES BETA BLOQUEADORES PUROS;CARVEDILOL PRD;PRATI DONADUZZI
D01A ANTIMICOTICOS DERMATOLOGICOS;CETOCONAZOL BETAMETASONA NEOMICINA PRD;PRATI DONADUZZI
D01A ANTIMICOTICOS DERMATOLOGICOS;CETOCONAZOL PRD;PRATI DONADUZZI
D07B ASSOCIACOES DE CORTICOIDES;CETOCONAZOL PRD;PRATI DONADUZZI
J02A AGENTES ANTIMICOTICOS SISTEMICOS EXCLUINDO GRISEOF;CETOCONAZOL PRD;PRATI DONADUZZI
A02B ANTIULCEROSOS;CIMETIDINA PRD;PRATI DONADUZZI
N06A A DEPRESSIVOS E REGUL DE HUMOR;CITALOPRAM PRD;PRATI DONADUZZI
G04E PRODUTOS PARA DISFUNCAO ERETIL;CITRATO DE SILDENAFILA PRD;PRATI DONADUZZI
D07A CORTICOIDES TOPICOS PUROS;CLOBETASOL PRD;PRATI DONADUZZI
N03A ANTICONVULSIVANTES;CLONAZEPAM PRD;PRATI DONADUZZI
R05C EXPECTORANTES;CLOR DE AMBROXOL PRD;PRATI DONADUZZI
R05C EXPECTORANTES;CLOR DE AMBROXOL XAROPE PRD;PRATI DONADUZZI
N07B PRODUTOS ANTITABAGISMO;CLOR DE BUPROPIONA PRD;PRATI DONADUZZI
M03B RELAXANTES MUSCULARES ACAO CENTRAL;CLOR DE CICLOBENZAPRINA PRD;PRATI DONADUZZI
J01G FLUOROQUINOLONAS;CLOR DE CIPROFLOXACINO PRD;PRATI DONADUZZI
N06A A DEPRESSIVOS E REGUL DE HUMOR;CLOR DE FLUOXETINA PRD;PRATI DONADUZZI
N07D PRODUTOS ANTI ALZHEIMER;CLOR DE MEMANTINA;PRATI DONADUZZI
N07D PRODUTOS ANTI ALZHEIMER;CLOR DE MEMANTINA PRD;PRATI DONADUZZI
A10J BIGUANIDA A DIABETICOS;CLOR DE METFORMINA PRD;PRATI DONADUZZI
J01G FLUOROQUINOLONAS;CLOR DE MOXIFLOXACINO PRD;PRATI DONADUZZI
A04A ANTIEMETICOS E ANTINAUSEOSOS;CLOR DE ONDANSETRONA PRD;PRATI DONADUZZI
C01B ANTIARRITMICOS;CLOR DE PROPAFENONA PRD;PRATI DONADUZZI
C07A AGENTES BETA BLOQUEADORES PUROS;CLOR DE PROPRANOLOL PRD;PRATI DONADUZZI
N06A A DEPRESSIVOS E REGUL DE HUMOR;CLOR DE SERTRALINA PRD;PRATI DONADUZZI
J02A AGENTES ANTIMICOTICOS SISTEMICOS EXCLUINDO GRISEOF;CLOR DE TERBINAFINA PRD;PRATI DONADUZZI
J01A TETRACICLINAS E ASSOCIACOES;CLOR DE TETRACICLINA PRD;PRATI DONADUZZI
J01G FLUOROQUINOLONAS;CLOR DE TETRACICLINA PRD;PRATI DONADUZZI
N02A ANALGESICOS NARCOTICOS;CLOR DE TRAMADOL PRD;PRATI DONADUZZI
A04A ANTIEMETICOS E ANTINAUSEOSOS;CLORIDRATO DE ONDANSETRONA PRD;PRATI DONADUZZI
D07B ASSOCIACOES DE CORTICOIDES;CLOTRIMAZOL PRD;PRATI DONADUZZI
R06A ANTIHISTAMINICOS SISTEMICOS;DESLORATADINA PRD;PRATI DONADUZZI
R06A ANTIHISTAMINICOS SISTEMICOS;DESLORATADINA XAROPE PRD;PRATI DONADUZZI
D07A CORTICOIDES TOPICOS PUROS;DESONIDA PRD;PRATI DONADUZZI
N06A A DEPRESSIVOS E REGUL DE HUMOR;DESVENLAFAXINA PRD;PRATI DONADUZZI
D07A CORTICOIDES TOPICOS PUROS;DEXAMETASONA PRD;PRATI DONADUZZI
H02B ASSOCIACOES CORTICOSTEROIDES SISTEMICOS;DEXCLORFENIRAMINA BETAMETASONA XAROPE PRD;PRATI DONADUZZI
R06A ANTIHISTAMINICOS SISTEMICOS;DEXCLORFENIRAMINA PRD;PRATI DONADUZZI
D10A PREPARACOES ANTIACNE TOPICOS;DICLOFENACO PRD;PRATI DONADUZZI
M02A ANTIREUMATICOS TOPICOS COM ANALGESICOS;DICLOFENACO PRD;PRATI DONADUZZI
M01A ANTI REUMATICOS SEM ESTEROIDES;DICLOFENACO SODICO PRD;PRATI DONADUZZI
N07C OUTROS MEDICAMENTOS ANTIVERTIGINOSOS;DICLOR DE BETAISTINA PRD;PRATI DONADUZZI
N04A ANTIPARKINSONIANOS;DICLOR DE PRAMIPEXOL PRD;PRATI DONADUZZI
C01A GLICOSIDEOS CARDIACOS E ASSOCIACOES;DIGOXINA PRD;PRATI DONADUZZI
N02B NAO NARCOTICOS ANTIPIRETICOS;DIPIRONA PRD;PRATI DONADUZZI
N05B HIPNOTICOS SEDATIVOS;DIPIRONA PRD;PRATI DONADUZZI
D05A PRODUTOS ANTIPSORIASE TOPICOS;DIPR DE BETAMETASONA ACIDO SALICILICO PRD;PRATI DONADUZZI
R05D ANTITUSSIGENOS;DROPROPIZINA PRD;PRATI DONADUZZI
N07D PRODUTOS ANTI ALZHEIMER;ELATIUM PRD;PRATI DONADUZZI
N06A A DEPRESSIVOS E REGUL DE HUMOR;ESCITALOPRAM PRD;PRATI DONADUZZI
R03A AGONISTAS BETA 2;FENOTEROL PRD;PRATI DONADUZZI
G04C PRODUTOS PARA HIPERPLASIA PROSTATICA BENIGNA HPB;FINASTERIDA PRD;PRATI DONADUZZI
J02A AGENTES ANTIMICOTICOS SISTEMICOS EXCLUINDO GRISEOF;FLUCONAZOL PRD;PRATI DONADUZZI
R03C ANTIINFLAMATORIOS RESPIRATORIOS NAO ESTEROIDES;FUMARATO DE CETOTIFENO PRD;PRATI DONADUZZI
C03A DIURETICOS;FUROSEMIDA PRD;PRATI DONADUZZI
N02D PROD GABAPENTINOIDES;GABAPENTINA PRD;PRATI DONADUZZI
N02D PROD GABAPENTINOIDES;GAPEM PRD;PRATI DONADUZZI
N03A ANTICONVULSIVANTES;GAPEM PRD;PRATI DONADUZZI
C04A VASOTERAPIA CEREBRAL E PERIFERICA;GINKGO VITAL PRD;PRATI DONADUZZI
A10H SULFONILOUREIA A DIABETICOS;GLIBENCLAMIDA PRD;PRATI DONADUZZI
A10H SULFONILOUREIA A DIABETICOS;GLIMEPIRIDA PRD;PRATI DONADUZZI
N05A ANTIPSICOTICOS;HARIP PRD;PRATI DONADUZZI
C03A DIURETICOS;HIDROCLOROTIAZIDA PRD;PRATI DONADUZZI
A02A ANTIACIDOS ANTIFISETICOS;HIDROXIDO DE ALUMINIO PRD;PRATI DONADUZZI
M01A ANTI REUMATICOS SEM ESTEROIDES;IBUPROFENO PRD;PRATI DONADUZZI
N02B NAO NARCOTICOS ANTIPIRETICOS;IBUPROFENO PRD;PRATI DONADUZZI
R06A ANTIHISTAMINICOS SISTEMICOS;IKAROS PRD;PRATI DONADUZZI
C03A DIURETICOS;INDAPAMIDA PRD;PRATI DONADUZZI
P01B ANTIHELMINTICOS EXCETO OS ESQUISTOSOMICIDAS;IVERMECTINA PRD;PRATI DONADUZZI
N03A ANTICONVULSIVANTES;LAMOTRIGINA PRD;PRATI DONADUZZI
A02B ANTIULCEROSOS;LANSOPRAZOL PRD;PRATI DONADUZZI
N03A ANTICONVULSIVANTES;LAVIE PRD;PRATI DONADUZZI
J01G FLUOROQUINOLONAS;LEVOFLOXACINO PRD;PRATI DONADUZZI
R06A ANTIHISTAMINICOS SISTEMICOS;LORATADINA PRD;PRATI DONADUZZI
C09D ANTAGONISTAS DE LA ANGIOTENSINA II COMBINADOS;LOSARTANA HIDROCLOROTIAZIDA PRD;PRATI DONADUZZI
C09C ANTAGONISTAS DE LA ANGIOTENSINA II PUROS;LOSARTANA PRD;PRATI DONADUZZI
N07D PRODUTOS ANTI ALZHEIMER;MAIZHER PRD;PRATI DONADUZZI
M01A ANTI REUMATICOS SEM ESTEROIDES;MELOXICAM PRD;PRATI DONADUZZI
A07E PRODUTOS PARA DOENCA INFLAMATORIA INTESTINAL;MESALAZINA PRD;PRATI DONADUZZI
C02A ANTIHIPERTENSIVOS NAO HERBACEOS PUROS;MESILATO DE DOXAZOSINA PRD;PRATI DONADUZZI
A10J BIGUANIDA A DIABETICOS;METFORMINA PRD;PRATI DONADUZZI
C02A ANTIHIPERTENSIVOS NAO HERBACEOS PUROS;METILDOPA PRD;PRATI DONADUZZI
G01A TRICOMONICIDAS;METRONIDAZOL NISTATINA PRD;PRATI DONADUZZI
G01A TRICOMONICIDAS;METRONIDAZOL PRD;PRATI DONADUZZI
D01A ANTIMICOTICOS DERMATOLOGICOS;MICONAZOL PRD;PRATI DONADUZZI
G01B ANTIMICOTICOS GINECOLOGICOS;MICONAZOL PRD;PRATI DONADUZZI
N06A A DEPRESSIVOS E REGUL DE HUMOR;MIRTAZAPINA PRD;PRATI DONADUZZI
D06A ANTIBACTERIANOS TOPICOS;MUPIROCINA PRD;PRATI DONADUZZI
R01A PREPARACOES NASAIS TOPICAS;NASORIM PRD;PRATI DONADUZZI
D06A ANTIBACTERIANOS TOPICOS;NEOMICINA PRD;PRATI DONADUZZI
A11D VITAMINA B1 E ASSOCIACOES;NERVAMIN PRD;PRATI DONADUZZI
M01A ANTI REUMATICOS SEM ESTEROIDES;NIMESULIDA PRD;PRATI DONADUZZI
M01A ANTI REUMATICOS SEM ESTEROIDES;NISO PRD;PRATI DONADUZZI
D01A ANTIMICOTICOS DERMATOLOGICOS;NISTATINA OXIDO DE ZINCO PRD;PRATI DONADUZZI
A01B ANTIFUNGICOS ORAIS TOPICOS;NISTATINA PRD;PRATI DONADUZZI
G01B ANTIMICOTICOS GINECOLOGICOS;NISTATINA PRD;PRATI DONADUZZI
D01A ANTIMICOTICOS DERMATOLOGICOS;NITRATO DE OXICONAZOL PRD;PRATI DONADUZZI
J01G FLUOROQUINOLONAS;NORXACIN PRD;PRATI DONADUZZI
N06A A DEPRESSIVOS E REGUL DE HUMOR;NYPRAM PRD;PRATI DONADUZZI
N05A ANTIPSICOTICOS;OLANZAPINA PRD;PRATI DONADUZZI
A02B ANTIULCEROSOS;OMEPRAZOL PRD;PRATI DONADUZZI
N05A ANTIPSICOTICOS;ONAZ PRD;PRATI DONADUZZI
A04A ANTIEMETICOS E ANTINAUSEOSOS;ONDANSETRONA PRD;PRATI DONADUZZI
A08A - PREPARADOS ANOREXICOS EXETO OS DIETETICOS;ORLISTATE PRD;PRATI DONADUZZI
N06A A DEPRESSIVOS E REGUL DE HUMOR;OXALATO DE ESCITALOPRAM PRD;PRATI DONADUZZI
A02B ANTIULCEROSOS;PANTOPRAZOL PRD;PRATI DONADUZZI
N02B NAO NARCOTICOS ANTIPIRETICOS;PARACETAMOL;PRATI DONADUZZI
N02B NAO NARCOTICOS ANTIPIRETICOS;PARACETAMOL PRD;PRATI DONADUZZI
N06A A DEPRESSIVOS E REGUL DE HUMOR;PAROXETINA PRD;PRATI DONADUZZI
N03A ANTICONVULSIVANTES;PERLID PRD;PRATI DONADUZZI
N05A ANTIPSICOTICOS;PERLID PRD;PRATI DONADUZZI
P03A ECTOPARASITICIDAS INCL ESCAB;PERMETRINA P.D;PRATI DONADUZZI
P03A ECTOPARASITICIDAS INCL ESCAB;PERMETRINA PRD;PRATI DONADUZZI
M01A ANTI REUMATICOS SEM ESTEROIDES;PIROXICAM PRD;PRATI DONADUZZI
C05C TERAPIA VARICOSA SISTEMICA;PRATI DONADUZZI;PRATI DONADUZZI
J01A TETRACICLINAS E ASSOCIACOES;PRATI DONADUZZI;PRATI DONADUZZI
J01E ASSOCIACOES DE TRIMETOPRIM E SIMILARES;PRATI DONADUZZI;PRATI DONADUZZI
J01H PENICILINAS DE PEQUENO E MEDIO ESPECTRO;PRATI DONADUZZI;PRATI DONADUZZI
N03A ANTICONVULSIVANTES;PRATI DONADUZZI;PRATI DONADUZZI
N07D PRODUTOS ANTI ALZHEIMER;PRATI DONADUZZI;PRATI DONADUZZI
A07G REPOSITORES ELECTROLITICOS ORAIS;PRATI SAL PRD;PRATI DONADUZZI
A02B ANTIULCEROSOS;PRATIPRAZOL PRD;PRATI DONADUZZI
H02A CORTICOSTEROIDES PUROS;PREDNISOLONA PRD;PRATI DONADUZZI
H02A CORTICOSTEROIDES PUROS;PREDNISONA PRD;PRATI DONADUZZI
R06A ANTIHISTAMINICOS SISTEMICOS;PROMETAZINA PRD;PRATI DONADUZZI
D07A CORTICOIDES TOPICOS PUROS;PROPIONATO DE CLOBETASOL PRD;PRATI DONADUZZI
N06A A DEPRESSIVOS E REGUL DE HUMOR;RALZIN PRD;PRATI DONADUZZI
N05A ANTIPSICOTICOS;RISPERIDONA PRD;PRATI DONADUZZI
B01F INIBIDOR DIRETO DO FATOR XA;RIVAROXABANA PRD;PRATI DONADUZZI
R03A AGONISTAS BETA 2;SALBUTAMOL PRD;PRATI DONADUZZI
G01A TRICOMONICIDAS;SECNIDAZOL PRD;PRATI DONADUZZI
A09A DIGESTIVOS INCLUIDO ENZIMAS;SENSILATTE PRD;PRATI DONADUZZI
N06A A DEPRESSIVOS E REGUL DE HUMOR;SERTRALINA PRD;PRATI DONADUZZI
A02A ANTIACIDOS ANTIFISETICOS;SIMETICONA PRD;PRATI DONADUZZI
D06A ANTIBACTERIANOS TOPICOS;SUL DE NEOMICINA BACITRACINA PRD;PRATI DONADUZZI
J01G FLUOROQUINOLONAS;SUL DE NEOMICINA BACITRACINA PRD;PRATI DONADUZZI
R03A AGONISTAS BETA 2;SUL DE SALBUTAMOL XAROPE PRD;PRATI DONADUZZI
D06A ANTIBACTERIANOS TOPICOS;SULFADIAZINA DE PRATA PRD;PRATI DONADUZZI
J01G FLUOROQUINOLONAS;SULFADIAZINA PRD;PRATI DONADUZZI
J01E ASSOCIACOES DE TRIMETOPRIM E SIMILARES;SULFAMETOXAZOL;PRATI DONADUZZI
J01E ASSOCIACOES DE TRIMETOPRIM E SIMILARES;SULFAMETOXAZOL PRD;PRATI DONADUZZI
J01E ASSOCIACOES DE TRIMETOPRIM E SIMILARES;SULFAMETOXAZOL TRIMETOPRIMA PRD;PRATI DONADUZZI
D06A ANTIBACTERIANOS TOPICOS;SULPH PRD;PRATI DONADUZZI
G04E PRODUTOS PARA DISFUNCAO ERETIL;TADALAFILA PRD;PRATI DONADUZZI
C07A AGENTES BETA BLOQUEADORES PUROS;TARTARATO DE METOPROLOL PRD;PRATI DONADUZZI
D11A OUTRAS PREPARACOES DERMATOLOGICAS INCL XAMPUS MED;TERBINAFINA PRD;PRATI DONADUZZI
G01A TRICOMONICIDAS;TINIDAZOL PRD;PRATI DONADUZZI
G01A TRICOMONICIDAS;TIOCO TINIDAZOL PRD;PRATI DONADUZZI
J01A TETRACICLINAS E ASSOCIACOES;TIOCONAZOL PRD;PRATI DONADUZZI
N02A ANALGESICOS NARCOTICOS;TRAMADOL PRD;PRATI DONADUZZI
A01A ESTOMATOLOGICOS;TRIANCINOLONA ACETONIDA PRD;PRATI DONADUZZI
D07A CORTICOIDES TOPICOS PUROS;VAL DE BETAMETASONA PRD;PRATI DONADUZZI
H02A CORTICOSTEROIDES PUROS;VAL DE BETAMETASONA PRD;PRATI DONADUZZI
N03A ANTICONVULSIVANTES;VALPROATO DE SODIO PRD;PRATI DONADUZZI
A12C OUTROS SUPLEMENTOS MINERAIS;VIGORA PRD;PRATI DONADUZZI
N06A A DEPRESSIVOS E REGUL DE HUMOR;ZAPSY PRD;PRATI DONADUZZI
N03A ANTICONVULSIVANTES;ZEUGMA PRD;PRATI DONADUZZI
N05B HIPNOTICOS SEDATIVOS;ZOLPIDEM PRD;PRATI DONADUZZI
M01A ANTI REUMATICOS SEM ESTEROIDES;PRATIC;PRATIC
R05C EXPECTORANTES;ACETIL IMMUNE PRE;PREVENT PHARMA
A05B PRODUTOS PARA DOENCAS DO FIGADO HEPATOPROTETORES;BIOENERGIN;PREVENT PHARMA
A09A DIGESTIVOS INCLUIDO ENZIMAS;BIOENERGIN;PREVENT PHARMA
A11D VITAMINA B1 E ASSOCIACOES;BIOENERGIN;PREVENT PHARMA
A11F VITAMINAS B12 PURA;BIOENERGIN;PREVENT PHARMA
A11X OUTRAS VITAMINAS PURAS;BIOENERGIN;PREVENT PHARMA
A12A CALCIO;BIOENERGIN;PREVENT PHARMA
A12C OUTROS SUPLEMENTOS MINERAIS;BIOENERGIN;PREVENT PHARMA
H04X OUTRAS HORMONIOS E PREPARACAO COM ACOES SIMILARES;BIOENERGIN;PREVENT PHARMA
R05C EXPECTORANTES;BIOENERGIN;PREVENT PHARMA
A11B POLIVITAMINICOS PUROS;CEKLIN;PREVENT PHARMA
A11G VITAMINA C INCLUSIVE ASSOCIADA A MINERAIS;CEKLIN;PREVENT PHARMA
D01A ANTIMICOTICOS DERMATOLOGICOS;CETOCONAZOL PRE;PREVENT PHARMA
R02A PREPARACOES PARA GARGANTA;GARGOTRICIN PRE;PREVENT PHARMA
A07G REPOSITORES ELECTROLITICOS ORAIS;HIDRATEEE PRE;PREVENT PHARMA
N05B HIPNOTICOS SEDATIVOS;MAISZEN PRE;PREVENT PHARMA
A11D VITAMINA B1 E ASSOCIACOES;PREVENT;PREVENT PHARMA
A11G VITAMINA C INCLUSIVE ASSOCIADA A MINERAIS;PREVENT C PRE;PREVENT PHARMA
R02A PREPARACOES PARA GARGANTA;PREVENT PHARMA;PREVENT PHARMA
R05C EXPECTORANTES;PREVENT PHARMA;PREVENT PHARMA
A12C OUTROS SUPLEMENTOS MINERAIS;PREVENTPHARMA PRE;PREVENT PHARMA
A12A CALCIO;REUMATRITE PRE;PREVENT PHARMA
R02A PREPARACOES PARA GARGANTA;PRODAPYS;PRODAPYS
R05C EXPECTORANTES;PRODAPYS;PRODAPYS
A12C OUTROS SUPLEMENTOS MINERAIS;PROTENA PFS;PROFUSE
C10B PREPARACOES ANTIATEROMA DE ORIGEM NATURAL;PROMEL;PROMEL
R02A PREPARACOES PARA GARGANTA;PROMEL;PROMEL
A08A - PREPARADOS ANOREXICOS EXETO OS DIETETICOS;SIBUTRAMINA;PROMEL
M02A ANTIREUMATICOS TOPICOS COM ANALGESICOS;DERMACITA;PROMOFARMA
R05C EXPECTORANTES;VIVACITA;PROMOFARMA
A05B PRODUTOS PARA DOENCAS DO FIGADO HEPATOPROTETORES;VIVACITA PRO;PROMOFARMA
A11G VITAMINA C INCLUSIVE ASSOCIADA A MINERAIS;VIVACITA PRO;PROMOFARMA
A12A CALCIO;VIVACITA PRO;PROMOFARMA
R05A ANTIGRIPAIS EXCLUINDO ANTINFECCIOSOS;VIVACITA PRO;PROMOFARMA
R05C EXPECTORANTES;PENEMONEX PNT;PRONATU
R02A PREPARACOES PARA GARGANTA;PROGEMEL PNT;PRONATU
R02A PREPARACOES PARA GARGANTA;VISSEREX;PRONATU
A12C OUTROS SUPLEMENTOS MINERAIS;PRO SAUDE;PROPHARMACOS
A11B POLIVITAMINICOS PUROS;PROWIN;PROWIN
A11F VITAMINAS B12 PURA;PROWIN;PROWIN
A12C OUTROS SUPLEMENTOS MINERAIS;PROWIN;PROWIN
A09A DIGESTIVOS INCLUIDO ENZIMAS;PROWIN PWN;PROWIN
A11X OUTRAS VITAMINAS PURAS;PROWIN PWN;PROWIN
A12C OUTROS SUPLEMENTOS MINERAIS;VERISOL;PROWIN
R05C EXPECTORANTES;BRONQ IMUNE QUA;QUALYNUTRI
A12A CALCIO;CALCIUM MAXX MDK;QUALYNUTRI
R05C EXPECTORANTES;FLUIMICINA QUA;QUALYNUTRI
R02A PREPARACOES PARA GARGANTA;QUALYMEL QUA;QUALYNUTRI
A07F MICROORGANISMOS ANTIDIARREICOS;QUALYNUTRI;QUALYNUTRI
A11G VITAMINA C INCLUSIVE ASSOCIADA A MINERAIS;QUALYNUTRI;QUALYNUTRI
A12C OUTROS SUPLEMENTOS MINERAIS;QUALYNUTRI;QUALYNUTRI
R05C EXPECTORANTES;QUALYNUTRI;QUALYNUTRI
A12C OUTROS SUPLEMENTOS MINERAIS;QUALYNUTRI QUA;QUALYNUTRI
H04X OUTRAS HORMONIOS E PREPARACAO COM ACOES SIMILARES;QUALYNUTRI QUA;QUALYNUTRI
A12A CALCIO;CARBONATO DE CALCIO QML;QUIMIDROL
R05C EXPECTORANTES;B WELL RDF;RAIA DROGASIL SA
N02B NAO NARCOTICOS ANTIPIRETICOS;BWELL;RAIA DROGASIL SA
A02A ANTIACIDOS ANTIFISETICOS;BWELL RDF;RAIA DROGASIL SA
A06A DROGAS PARA A CONSTIPACAO;BWELL RDF;RAIA DROGASIL SA
A07A ANTI INFECCIOSOS INTESTINAIS;BWELL RDF;RAIA DROGASIL SA
A09A DIGESTIVOS INCLUIDO ENZIMAS;BWELL RDF;RAIA DROGASIL SA
A12A CALCIO;BWELL RDF;RAIA DROGASIL SA
H04X OUTRAS HORMONIOS E PREPARACAO COM ACOES SIMILARES;BWELL RDF;RAIA DROGASIL SA
N02B NAO NARCOTICOS ANTIPIRETICOS;BWELL RDF;RAIA DROGASIL SA
R01A PREPARACOES NASAIS TOPICAS;BWELL RDF;RAIA DROGASIL SA
R05C EXPECTORANTES;BWELL RDF;RAIA DROGASIL SA
R06A ANTIHISTAMINICOS SISTEMICOS;BWELL RDF;RAIA DROGASIL SA
R01A PREPARACOES NASAIS TOPICAS;CLORETO DE SODIO;RAIA DROGASIL SA
R01A PREPARACOES NASAIS TOPICAS;DROGASIL;RAIA DROGASIL SA
A06A DROGAS PARA A CONSTIPACAO;DROGASIL RDF;RAIA DROGASIL SA
A09A DIGESTIVOS INCLUIDO ENZIMAS;DROGASIL RDF;RAIA DROGASIL SA
A11G VITAMINA C INCLUSIVE ASSOCIADA A MINERAIS;DROGASIL RDF;RAIA DROGASIL SA
A12A CALCIO;DROGASIL RDF;RAIA DROGASIL SA
R04A UNGUENTOS PERCUTANEOS E OUTROS INALANTES;DROGASIL RDF;RAIA DROGASIL SA
A11B POLIVITAMINICOS PUROS;MASSIME;RAIA DROGASIL SA
A12C OUTROS SUPLEMENTOS MINERAIS;MASSIME;RAIA DROGASIL SA
H04X OUTRAS HORMONIOS E PREPARACAO COM ACOES SIMILARES;MASSIME;RAIA DROGASIL SA
A12C OUTROS SUPLEMENTOS MINERAIS;MASSIME RDF;RAIA DROGASIL SA
R04A UNGUENTOS PERCUTANEOS E OUTROS INALANTES;MENTORUB;RAIA DROGASIL SA
R02A PREPARACOES PARA GARGANTA;NATZ;RAIA DROGASIL SA
R05B ANTIGRIPAIS C ANTIINFECCIOSOS;NATZ KIDS;RAIA DROGASIL SA
A06A DROGAS PARA A CONSTIPACAO;NATZ RDF;RAIA DROGASIL SA
A07F MICROORGANISMOS ANTIDIARREICOS;NATZ RDF;RAIA DROGASIL SA
M01A ANTI REUMATICOS SEM ESTEROIDES;NATZ RDF;RAIA DROGASIL SA
M02A ANTIREUMATICOS TOPICOS COM ANALGESICOS;NATZ RDF;RAIA DROGASIL SA
R02A PREPARACOES PARA GARGANTA;NATZ RDF;RAIA DROGASIL SA
R05B ANTIGRIPAIS C ANTIINFECCIOSOS;NATZ RDF;RAIA DROGASIL SA
A06A DROGAS PARA A CONSTIPACAO;NEEDS;RAIA DROGASIL SA
A11C VITAMINA A D INCLUINDO ASSOCIACOES DAS DUAS;NEEDS;RAIA DROGASIL SA
M02A ANTIREUMATICOS TOPICOS COM ANALGESICOS;NEEDS;RAIA DROGASIL SA
R01A PREPARACOES NASAIS TOPICAS;NEEDS;RAIA DROGASIL SA
R05B ANTIGRIPAIS C ANTIINFECCIOSOS;NEEDS;RAIA DROGASIL SA
A02A ANTIACIDOS ANTIFISETICOS;NEEDS RDF;RAIA DROGASIL SA
A06A DROGAS PARA A CONSTIPACAO;NEEDS RDF;RAIA DROGASIL SA
R01A PREPARACOES NASAIS TOPICAS;NEEDS RDF;RAIA DROGASIL SA
R05C EXPECTORANTES;NEEDS RDF;RAIA DROGASIL SA
S01K PRODUTOS PARA OLHO SECO;NEEDS RDF;RAIA DROGASIL SA
S01X OUTROS OFTALMOLOGICOS;NEEDS RDF;RAIA DROGASIL SA
A12A CALCIO;RAIA DROGASIL SA RDF;RAIA DROGASIL SA
R04A UNGUENTOS PERCUTANEOS E OUTROS INALANTES;RAIA DROGASIL SA RDF;RAIA DROGASIL SA
A06A DROGAS PARA A CONSTIPACAO;RAIA RDF;RAIA DROGASIL SA
A02A ANTIACIDOS ANTIFISETICOS;SIMETICONA RDF;RAIA DROGASIL SA
A12C OUTROS SUPLEMENTOS MINERAIS;BODY ACTION;RAINHA NUTRACEUTICO
A05A PRODUTOS PARA DISTURBIOS DO TRATO BILIAR;BODYACTION RAI;RAINHA NUTRACEUTICO
M01A ANTI REUMATICOS SEM ESTEROIDES;ACECLOFENACO RAN;RANBAXY
D06D PRODUTOS PARA INFECOES VIRAIS;ACICLOVIR RAN;RANBAXY
J05B OUTROS ANTIVIRAIS;ACICLOVIR RAN;RANBAXY
A05A PRODUTOS PARA DISTURBIOS DO TRATO BILIAR;ACIDO URSODESOXICOLICO RAN;RANBAXY
N06A A DEPRESSIVOS E REGUL DE HUMOR;AMITRIPTILINA RAN;RANBAXY
J01C PENICILINAS DE AMPLO ESPECTRO;AMOXICILINA CLAVULANATO RAN;RANBAXY
J01C PENICILINAS DE AMPLO ESPECTRO;AMOXICILINA RAN;RANBAXY
J01D CEFALOSPORINAS;AXETILCEFUROXIMA RAN;RANBAXY
G02D INIBIDORES DA PROLACTINA;CABERGOLINA RAN;RANBAXY
M01A ANTI REUMATICOS SEM ESTEROIDES;CELECOXIBE RAN;RANBAXY
D07B ASSOCIACOES DE CORTICOIDES;CETOC+BETAM+NEO. RXY;RANBAXY
D01A ANTIMICOTICOS DERMATOLOGICOS;CETOCONAZOL BETAMETASONA NEOMICINA RYX;RANBAXY
C04A VASOTERAPIA CEREBRAL E PERIFERICA;CINARIZINA RAN;RANBAXY
N06A A DEPRESSIVOS E REGUL DE HUMOR;CITALOPRAM RAN;RANBAXY
B01C INIBIDORES DA AGREGACAO PLAQUETARIA;CLOPIDOGREL RAN;RANBAXY
C01B ANTIARRITMICOS;CLOR DE AMIODARONA RAN;RANBAXY
N06A A DEPRESSIVOS E REGUL DE HUMOR;CLOR DE BUPROPIONA RAN;RANBAXY
N07D PRODUTOS ANTI ALZHEIMER;CLOR DE DORZOLAMIDA RAN;RANBAXY
R06A ANTIHISTAMINICOS SISTEMICOS;CLOR DE FEXOFENADINA RAN;RANBAXY
J01A TETRACICLINAS E ASSOCIACOES;CLOR DE MINOCICLINA RAN;RANBAXY
N06A A DEPRESSIVOS E REGUL DE HUMOR;CLOR DE NORTRIPTILINA RAN;RANBAXY
S01G PREPARADOS PARA O TRATAMENTO DE CONJUNTIVITES NAO;CLOR DE OLOPATADINA COLIRIO RAN;RANBAXY
N06A A DEPRESSIVOS E REGUL DE HUMOR;CLOR DE SERTRALINA RAN;RANBAXY
M03B RELAXANTES MUSCULARES ACAO CENTRAL;CLOR DE TIZANIDINA RAN;RANBAXY
J05B OUTROS ANTIVIRAIS;CLOR DE VALACICLOVIR RAN;RANBAXY
N06A A DEPRESSIVOS E REGUL DE HUMOR;CLOR DE VENLAFAXINA RAN;RANBAXY
N05A ANTIPSICOTICOS;CLORIDRATO DE LURASIDONA RAN;RANBAXY
M01A ANTI REUMATICOS SEM ESTEROIDES;DICLOFENACO RAN;RANBAXY
R06A ANTIHISTAMINICOS SISTEMICOS;DICLOR DE LEVOCETIRIZINA RAN;RANBAXY
N03A ANTICONVULSIVANTES;DIVALPROATO DE SODIO RAN;RANBAXY
A03F GASTROPROCINETICOS;DOMPERIDONA RAN;RANBAXY
N07D PRODUTOS ANTI ALZHEIMER;DONEPEZILA RAN;RANBAXY
S01E MIOTICOS E PRAPARADOS ANTIGLAUCOMA;DORZOLAMIDA RAN;RANBAXY
A02B ANTIULCEROSOS;ESOMEPRAZOL RAN;RANBAXY
C10A PREPARADOS PARA REGULACAO COLESTEROL E TRIGLICERID;FENOFIBRATO RAN;RANBAXY
A10N INIBIDOR DPP IV;FOSF DE SITAGLIPTINA RAN;RANBAXY
A10H SULFONILOUREIA A DIABETICOS;GLICLAZIDA RAN;RANBAXY
C07A AGENTES BETA BLOQUEADORES PUROS;HEMIFUMARATO DE BISOPROLOL RAN;RANBAXY
N07D PRODUTOS ANTI ALZHEIMER;HEMITARTARATO DE RIVASTIGMINA RAN;RANBAXY
N07D PRODUTOS ANTI ALZHEIMER;HIDROGENOTARTARATO DE RIVASTIGMINA RAN;RANBAXY
D10B PREPARACOES ANTIACNE ORAIS;ISOTRETINOINA RAN;RANBAXY
N03A ANTICONVULSIVANTES;LAMOTRIGINA RAN;RANBAXY
R06A ANTIHISTAMINICOS SISTEMICOS;LORATADINA RAN;RANBAXY
C09D ANTAGONISTAS DE LA ANGIOTENSINA II COMBINADOS;LOSARTANA HIDROCLOROTIAZIDA RAN;RANBAXY
C09C ANTAGONISTAS DE LA ANGIOTENSINA II PUROS;LOSARTANA RAN;RANBAXY
C09D ANTAGONISTAS DE LA ANGIOTENSINA II COMBINADOS;LOSARTANA RAN;RANBAXY
A07E PRODUTOS PARA DOENCA INFLAMATORIA INTESTINAL;MESALAZINA RAN;RANBAXY
C02A ANTIHIPERTENSIVOS NAO HERBACEOS PUROS;MESILATO DE DOXAZOSINA RAN;RANBAXY
D11A OUTRAS PREPARACOES DERMATOLOGICAS INCL XAMPUS MED;MINOXIDIL RAN;RANBAXY
R03J ANTI ASMATICOS ANTAGONISTAS DE LEUCOTRIENE;MONTELUCASTE RAN;RANBAXY
J01G FLUOROQUINOLONAS;NORFLOXACINO RAN;RANBAXY
A04A ANTIEMETICOS E ANTINAUSEOSOS;ONDANSETRONA RAN;RANBAXY
N06A A DEPRESSIVOS E REGUL DE HUMOR;OXALATO DE ESCITALOPRAM RAN;RANBAXY
N03A ANTICONVULSIVANTES;OXCARBAZEPINA RAN;RANBAXY
C10A PREPARADOS PARA REGULACAO COLESTEROL E TRIGLICERID;PRAVASTATINA RAN;RANBAXY
N02D PROD GABAPENTINOIDES;PREGABALINA RAN;RANBAXY
A10H SULFONILOUREIA A DIABETICOS;RANBAXY;RANBAXY
A10N INIBIDOR DPP IV;RANBAXY;RANBAXY
C10A PREPARADOS PARA REGULACAO COLESTEROL E TRIGLICERID;RANBAXY;RANBAXY
J01C PENICILINAS DE AMPLO ESPECTRO;RANBAXY;RANBAXY
N06A A DEPRESSIVOS E REGUL DE HUMOR;RANBAXY;RANBAXY
N05A ANTIPSICOTICOS;RISPERIDONA RAN;RANBAXY
C10A PREPARADOS PARA REGULACAO COLESTEROL E TRIGLICERID;ROSUVASTATINA CALCICA RAN;RANBAXY
G01A TRICOMONICIDAS;SECNIDAZOL RAN;RANBAXY
A10N INIBIDOR DPP IV;SITAGLIPTINA RAN;RANBAXY
G04D PRODUTOS PARA INCONTINENCIA URINARIA;SUCCINATO DE SOLIFENACINA RAN;RANBAXY
C09C ANTAGONISTAS DE LA ANGIOTENSINA II PUROS;TELMISARTANA RAN;RANBAXY
B01C INIBIDORES DA AGREGACAO PLAQUETARIA;TICAGRELOR RAN;RANBAXY
A10N INIBIDOR DPP IV;VILDAGLIPTINA RAN;RANBAXY
A10S AGONISTAS GLP 1;WOSULIN RAN;RANBAXY
G02X OTROS PRODUTOS GINECOLOGICOS;LUFTAFEMM RB;RB
A02A ANTIACIDOS ANTIFISETICOS;LUFTAGASTROPRO RB;RB
A02A ANTIACIDOS ANTIFISETICOS;LUFTAL RB;RB
A03E OUTRAS ASSOCIACOES;LUFTAL RB;RB
R05A ANTIGRIPAIS EXCLUINDO ANTINFECCIOSOS;NALDECON PACK;RB
N02B NAO NARCOTICOS ANTIPIRETICOS;NALDECON RB;RB
R05A ANTIGRIPAIS EXCLUINDO ANTINFECCIOSOS;NALDECON RB;RB
N02B NAO NARCOTICOS ANTIPIRETICOS;NALDECONN RB;RB
R05A ANTIGRIPAIS EXCLUINDO ANTINFECCIOSOS;NALDECONN RB;RB
M01A ANTI REUMATICOS SEM ESTEROIDES;NUROMOLL RB;RB
N02B NAO NARCOTICOS ANTIPIRETICOS;NUROMOLL RB;RB
R02A PREPARACOES PARA GARGANTA;STREPSILSS RB;RB
B06D PRODUTOS PARA ANGIODERMA HEREDITARIO;PANHEMATIN;RECORDATI
A12A CALCIO;SEAME;REDE ECONOMIZE
A12C OUTROS SUPLEMENTOS MINERAIS;MASTER FORCE;REDE MASTERFARMA
H04X OUTRAS HORMONIOS E PREPARACAO COM ACOES SIMILARES;MASTERFORCE;REDE MASTERFARMA
R05C EXPECTORANTES;MASTERFORCE;REDE MASTERFARMA
A07F MICROORGANISMOS ANTIDIARREICOS;MASTERFORCE PRO;REDE MASTERFARMA
R05C EXPECTORANTES;MASTERFORCE PRO;REDE MASTERFARMA
M01A ANTI REUMATICOS SEM ESTEROIDES;AMIL;REGINALDO ALVES DE LIMA
A06A DROGAS PARA A CONSTIPACAO;REI DOS CONDIMENTOS;REI DOS CONDIMENTOS
M01A ANTI REUMATICOS SEM ESTEROIDES;REI DOS CONDIMENTOS;REI DOS CONDIMENTOS
A07G REPOSITORES ELECTROLITICOS ORAIS;REIDRAT;REIDRAT IND E COM DE PROD ALIM LTDA
M02A ANTIREUMATICOS TOPICOS COM ANALGESICOS;RHENUKS;RHENUKS
A06A DROGAS PARA A CONSTIPACAO;OLEO RIO;RIOQUIMICA
D08A ANTISSEPTICOS E DESINFETANTES EXCL CURATIVOS MEDIC;RIOHEX RIO;RIOQUIMICA
A06A DROGAS PARA A CONSTIPACAO;RN;RN SUPLEMENTOS
A06A DROGAS PARA A CONSTIPACAO;ROCHA;ROCHA
M02A ANTIREUMATICOS TOPICOS COM ANALGESICOS;D AGUA NATURAL;ROCHADEL COM IND
M01A ANTI REUMATICOS SEM ESTEROIDES;ACTEMRA ROC;ROCHE
M01C ANTIREUMATICOS ESPECIFICOS;ACTEMRA ROC;ROCHE
L01H ANTINEOPLASICOS INIBIDORES DA PROTEINA QUINASE;ALECENSA ROC;ROCHE
L01G ANTICORPOS MONOCLONAIS ANTINEOPLASICOS;AVASTIN ROC;ROCHE
M05B REGULADORES DO CALCIO OSSEO;BONVIVA ROC;ROCHE
L04X OUTROS IMUNOSSUPRESORES;CELLCEPT ROC;ROCHE
L01H ANTINEOPLASICOS INIBIDORES DA PROTEINA QUINASE;COTELLIC ROC;ROCHE
L01X OUTROS ANTINEOPLASICOS;ERIVEDGE ROC;ROCHE
R07D PRODUTOS PRA FIBROSE PULMONAR IDIOPATICA;ESBRIET ROC;ROCHE
M05X OUTROS PRODUTOS SISTEMA MUSCULO ESQUELETICO;EVRYSDI ROC;ROCHE
L01G ANTICORPOS MONOCLONAIS ANTINEOPLASICOS;KADCYLA ROC;ROCHE
L01G ANTICORPOS MONOCLONAIS ANTINEOPLASICOS;MABTHERA ROC;ROCHE
N07A PRODUTOS PARA A ESCLEROSE MULTIPLA;OCREVUS ROC;ROCHE
J05D ANTIVIRAIS PARA HEPATITES;PEGASYS ROC;ROCHE
L01G ANTICORPOS MONOCLONAIS ANTINEOPLASICOS;PERJETA ROC;ROCHE
N04A ANTIPARKINSONIANOS;PROLOPA ROC;ROCHE
R05C EXPECTORANTES;PULMOZYME ROC;ROCHE
N03A ANTICONVULSIVANTES;RIVOTRIL ROC;ROCHE
N06A A DEPRESSIVOS E REGUL DE HUMOR;RIVOTRIL ROC;ROCHE
D10B PREPARACOES ANTIACNE ORAIS;ROACUTAN ROC;ROCHE
J01G FLUOROQUINOLONAS;ROACUTAN ROC;ROCHE
J01D CEFALOSPORINAS;ROCEFIN ROC;ROCHE
J05B OUTROS ANTIVIRAIS;ROCHE;ROCHE
L01G ANTICORPOS MONOCLONAIS ANTINEOPLASICOS;ROCHE;ROCHE
S01L PREPARADOS PARA USO COM LENTES DE CONTATO;ROCHE;ROCHE
J05B OUTROS ANTIVIRAIS;TAMIFLU ROC;ROCHE
L01H ANTINEOPLASICOS INIBIDORES DA PROTEINA QUINASE;TARCEVA ROC;ROCHE
C09C ANTAGONISTAS DE LA ANGIOTENSINA II PUROS;VASCASE ROC;ROCHE
A08A - PREPARADOS ANOREXICOS EXETO OS DIETETICOS;XENICAL ROC;ROCHE
L01H ANTINEOPLASICOS INIBIDORES DA PROTEINA QUINASE;ZELBORAF ROC;ROCHE
R05B ANTIGRIPAIS C ANTIINFECCIOSOS;ROKEE;ROKEE PROFESSIONAL
R05C EXPECTORANTES;KAMPEAO;ROSA RAIZ
R05C EXPECTORANTES;NAIAK;RTK COS E ALIM NATURAIS
M01A ANTI REUMATICOS SEM ESTEROIDES;ZYLORIC;SABOR DA SERRA CIA
L04B MEDICAMENTOS ANTI TNF;BRENZYS;SAMSUNG
K04A SOLUCOES ELETROLITICAS MENOR 100 ML;BICARBONATO DE SODIO STC;SAMTEC BIOTECNOLOGIA
K01B SOLUCOES PADRAO;GLICOSE STC;SAMTEC BIOTECNOLOGIA
M02A ANTIREUMATICOS TOPICOS COM ANALGESICOS;SAN JULLY;SAN JULLY COSMETICOS
R05C EXPECTORANTES;SANATIVO SNT;SANATIVO
D06D PRODUTOS PARA INFECOES VIRAIS;ACICLOVIR SDZ;SANDOZ
J05B OUTROS ANTIVIRAIS;ACICLOVIR SDZ;SANDOZ
M05B REGULADORES DO CALCIO OSSEO;ACLASTA SDZ;SANDOZ
M05B REGULADORES DO CALCIO OSSEO;ALENDRONATO DE SODIO SDZ;SANDOZ
M01A ANTI REUMATICOS SEM ESTEROIDES;ALOPURINOL SDZ;SANDOZ
M04A ANTIGOTOSOS;ALOPURINOL SDZ;SANDOZ
N05C TRANQUILIZANTES;ALPRAZOLAM SDZ;SANDOZ
R02A PREPARACOES PARA GARGANTA;AMIDALIN SDZ;SANDOZ
C08A ANTAGONISTAS DO CALCIO PUROS;AMLOVASC SDZ;SANDOZ
J01C PENICILINAS DE AMPLO ESPECTRO;AMOXICILINA CLAVULANATO SDZ;SANDOZ
J01C PENICILINAS DE AMPLO ESPECTRO;AMOXICILINA SDZ;SANDOZ
N06A A DEPRESSIVOS E REGUL DE HUMOR;ANAFRANIL SDZ;SANDOZ
L02B ANTAGONISTAS DE HORMONIOS CITOSTATICOS;ANASTROZOL SDZ;SANDOZ
C08A ANTAGONISTAS DO CALCIO PUROS;ANLODIPINO SDZ;SANDOZ
B01F INIBIDOR DIRETO DO FATOR XA;APIXABANA SDZ;SANDOZ
N05A ANTIPSICOTICOS;ARIPIPRAZOL SDZ;SANDOZ
C07B ASSOCIACOES DE BETA BLOQUEADORES;ATENOLOL CLORTALIDONA;SANDOZ
C07A AGENTES BETA BLOQUEADORES PUROS;ATENOLOL CLORTALIDONA SDZ;SANDOZ
C07A AGENTES BETA BLOQUEADORES PUROS;ATENOLOL SDZ;SANDOZ
C02A ANTIHIPERTENSIVOS NAO HERBACEOS PUROS;ATENOPRESS SDZ;SANDOZ
C07A AGENTES BETA BLOQUEADORES PUROS;ATENOPRESS SDZ;SANDOZ
C10A PREPARADOS PARA REGULACAO COLESTEROL E TRIGLICERID;ATORVASTATINA SDZ;SANDOZ
J01D CEFALOSPORINAS;AXETILCEFUROXIMA SDZ;SANDOZ
J01F MACROLIDEOS E SIMILARES;AZITROMICINA SDZ;SANDOZ
C08A ANTAGONISTAS DO CALCIO PUROS;BESILATO DE ANLODIPINO SDZ;SANDOZ
M05B REGULADORES DO CALCIO OSSEO;BONEPREV SDZ;SANDOZ
N05C TRANQUILIZANTES;BROMAZEPAM SDZ;SANDOZ
C09D ANTAGONISTAS DE LA ANGIOTENSINA II COMBINADOS;CANDESARTANA CIL HIDROCLOROTIAZIDA SDZ;SANDOZ
C09C ANTAGONISTAS DE LA ANGIOTENSINA II PUROS;CANDESARTANA CILEXETILA SDZ;SANDOZ
C09A INIBIDORES ACE PUROS;CAPTOPRIL SDZ;SANDOZ
J01D CEFALOSPORINAS;CEFADROXILA SDZ;SANDOZ
J01D CEFALOSPORINAS;CEFALEXINA SDZ;SANDOZ
M01A ANTI REUMATICOS SEM ESTEROIDES;CELECOXIBE SDZ;SANDOZ
D01A ANTIMICOTICOS DERMATOLOGICOS;CETOCONAZOL SDZ;SANDOZ
J01G FLUOROQUINOLONAS;CIPROBIOT SDZ;SANDOZ
J01G FLUOROQUINOLONAS;CIPROFLOXACINO SDZ;SANDOZ
N06A A DEPRESSIVOS E REGUL DE HUMOR;CITALOPRAM SDZ;SANDOZ
G04E PRODUTOS PARA DISFUNCAO ERETIL;CITRATO DE SILDENAFILA SDZ;SANDOZ
L02B ANTAGONISTAS DE HORMONIOS CITOSTATICOS;CITRATO DE TAMOXIFENO SDZ;SANDOZ
J01C PENICILINAS DE AMPLO ESPECTRO;CLAXAM SDZ;SANDOZ
B01C INIBIDORES DA AGREGACAO PLAQUETARIA;CLOPIDOGREL SDZ;SANDOZ
J01G FLUOROQUINOLONAS;CLOR DE CIPROFLOXACINO SDZ;SANDOZ
R03X TODOS OS OUTROS BRONCODILATADORES;CLOR DE CLOMIPRAMINA SDZ;SANDOZ
N07D PRODUTOS ANTI ALZHEIMER;CLOR DE DORZOLAMIDA SDZ;SANDOZ
J01A TETRACICLINAS E ASSOCIACOES;CLOR DE DOXICICLINA SDZ;SANDOZ
N06A A DEPRESSIVOS E REGUL DE HUMOR;CLOR DE DULOXETINA SDZ;SANDOZ
N06A A DEPRESSIVOS E REGUL DE HUMOR;CLOR DE FLUOXETINA SDZ;SANDOZ
A07H INIBIDORES DA MOTILIDADE;CLOR DE LOPERAMIDA SDZ;SANDOZ
N07D PRODUTOS ANTI ALZHEIMER;CLOR DE MEMANTINA SDZ;SANDOZ
C07A AGENTES BETA BLOQUEADORES PUROS;CLOR DE SOTALOL SDZ;SANDOZ
N02A ANALGESICOS NARCOTICOS;CLOR DE TRAMADOL SDZ;SANDOZ
R06A ANTIHISTAMINICOS SISTEMICOS;DESLORATADINA SDZ;SANDOZ
G03A CONTRACEPTIVOS HORMONAIS SISTEMICOS;DESOGESTREL SDZ;SANDOZ
D07A CORTICOIDES TOPICOS PUROS;DEXAMETONAL SDZ;SANDOZ
A07H INIBIDORES DA MOTILIDADE;DIASEC SDZ;SANDOZ
M01A ANTI REUMATICOS SEM ESTEROIDES;DICLAC SDZ;SANDOZ
N07D PRODUTOS ANTI ALZHEIMER;DONEPEZILA SDZ;SANDOZ
J01A TETRACICLINAS E ASSOCIACOES;DOXICICLINA SDZ;SANDOZ
C02A ANTIHIPERTENSIVOS NAO HERBACEOS PUROS;DOXURAN SDZ;SANDOZ
G03A CONTRACEPTIVOS HORMONAIS SISTEMICOS;DROSPIRENONA SDZ;SANDOZ
L04B MEDICAMENTOS ANTI TNF;ERELZI;SANDOZ
G03C ESTROGENOS E ASSOCIACOES EXCETO G03A G03E G03F;ESTRADOT SDZ;SANDOZ
G03A CONTRACEPTIVOS HORMONAIS SISTEMICOS;ETINILESTRADIOL DESOGESTREL SDZ;SANDOZ
C10A PREPARADOS PARA REGULACAO COLESTEROL E TRIGLICERID;EZETIMIBA SDZ;SANDOZ
D11A OUTRAS PREPARACOES DERMATOLOGICAS INCL XAMPUS MED;FINASTERIDA SDZ;SANDOZ
G04C PRODUTOS PARA HIPERPLASIA PROSTATICA BENIGNA HPB;FINASTERIDA SDZ;SANDOZ
J02A AGENTES ANTIMICOTICOS SISTEMICOS EXCLUINDO GRISEOF;FLUCONAZOL SDZ;SANDOZ
N06A A DEPRESSIVOS E REGUL DE HUMOR;FLUOXETINA SDZ;SANDOZ
R03F AGONISTAS BETA 2 E CORTICOIDES COMBINADO;FORASEQ SDZ;SANDOZ
N02D PROD GABAPENTINOIDES;GABAPENTINA SDZ;SANDOZ
G03A CONTRACEPTIVOS HORMONAIS SISTEMICOS;GESTODENO ETINILESTRADIOL SDZ;SANDOZ
A10H SULFONILOUREIA A DIABETICOS;GLIMEPIRIDA SDZ;SANDOZ
N05A ANTIPSICOTICOS;HEMIFUMARATO DE QUETIAPINA SDZ;SANDOZ
N05B HIPNOTICOS SEDATIVOS;HEMITARTARATO DE ZOLPIDEM SDZ;SANDOZ
J05B OUTROS ANTIVIRAIS;HERPESIL SDZ;SANDOZ
L04B MEDICAMENTOS ANTI TNF;HYRIMOZ SDZ;SANDOZ
A02B ANTIULCEROSOS;INIPARET SDZ;SANDOZ
L02A HORMONIOS CITOSTATICOS;LECTRUM SDZ;SANDOZ
N07D PRODUTOS ANTI ALZHEIMER;LECTRUM SDZ;SANDOZ
N03A ANTICONVULSIVANTES;LEVETIRACETAM SDZ;SANDOZ
J01G FLUOROQUINOLONAS;LEVOFLOXACINO SDZ;SANDOZ
R06A ANTIHISTAMINICOS SISTEMICOS;LORATADINA SDZ;SANDOZ
C09C ANTAGONISTAS DE LA ANGIOTENSINA II PUROS;LORSACOR SDZ;SANDOZ
C09C ANTAGONISTAS DE LA ANGIOTENSINA II PUROS;LOSARTANA SDZ;SANDOZ
M01A ANTI REUMATICOS SEM ESTEROIDES;MELOXICAM SDZ;SANDOZ
C02A ANTIHIPERTENSIVOS NAO HERBACEOS PUROS;MESILATO DE DOXAZOSINA SDZ;SANDOZ
N06A A DEPRESSIVOS E REGUL DE HUMOR;MIRTAZAPINA SDZ;SANDOZ
M01A ANTI REUMATICOS SEM ESTEROIDES;NAPROXENO SDZ;SANDOZ
N05A ANTIPSICOTICOS;NEOTIAPIM SDZ;SANDOZ
M01A ANTI REUMATICOS SEM ESTEROIDES;NIMESULIDA SDZ;SANDOZ
J01G FLUOROQUINOLONAS;NORFLOXACINO SDZ;SANDOZ
H04C HORMONIOS DO CRESCIMENTO;OMNITROPE SDZ;SANDOZ
N06A A DEPRESSIVOS E REGUL DE HUMOR;OXALATO DE ESCITALOPRAM SDZ;SANDOZ
A02B ANTIULCEROSOS;PANTOPAZ SDZ;SANDOZ
A02B ANTIULCEROSOS;PANTOPRAZOL SDZ;SANDOZ
N02B NAO NARCOTICOS ANTIPIRETICOS;PARACETAMOL SDZ;SANDOZ
B01F INIBIDOR DIRETO DO FATOR XA;PIRFENIDONA;SANDOZ
B01C INIBIDORES DA AGREGACAO PLAQUETARIA;PLAGREL SDZ;SANDOZ
N06A A DEPRESSIVOS E REGUL DE HUMOR;PRAMIPEXOL SDZ;SANDOZ
N02D PROD GABAPENTINOIDES;PREGABALINA SDZ;SANDOZ
A02B ANTIULCEROSOS;RABEPRAZOL SDZ;SANDOZ
N06A A DEPRESSIVOS E REGUL DE HUMOR;RAZAPINA MOK;SANDOZ
N06A A DEPRESSIVOS E REGUL DE HUMOR;RAZAPINA SDZ;SANDOZ
N05A ANTIPSICOTICOS;RISPERIDONA SDZ;SANDOZ
L01G ANTICORPOS MONOCLONAIS ANTINEOPLASICOS;RIXIMYO SDZ;SANDOZ
C10A PREPARADOS PARA REGULACAO COLESTEROL E TRIGLICERID;ROSULIB SDZ;SANDOZ
C10A PREPARADOS PARA REGULACAO COLESTEROL E TRIGLICERID;ROSUVASTATINA CALCICA SDZ;SANDOZ
A10N INIBIDOR DPP IV;SANDOZ SDZ;SANDOZ
C07B ASSOCIACOES DE BETA BLOQUEADORES;SANDOZ SDZ;SANDOZ
C09A INIBIDORES ACE PUROS;SANDOZ SDZ;SANDOZ
C10A PREPARADOS PARA REGULACAO COLESTEROL E TRIGLICERID;SANDOZ SDZ;SANDOZ
N06A A DEPRESSIVOS E REGUL DE HUMOR;SANDOZ SDZ;SANDOZ
R02A PREPARACOES PARA GARGANTA;SANDOZ SDZ;SANDOZ
G01A TRICOMONICIDAS;SECNIDAZOL SDZ;SANDOZ
J05B OUTROS ANTIVIRAIS;SECNIDAZOL SDZ;SANDOZ
G01A TRICOMONICIDAS;SECNIHEXAL SDZ;SANDOZ
J05B OUTROS ANTIVIRAIS;SECNIHEXAL SDZ;SANDOZ
A02A ANTIACIDOS ANTIFISETICOS;SIMETICONA SDZ;SANDOZ
C10A PREPARADOS PARA REGULACAO COLESTEROL E TRIGLICERID;SINVASTACOR SDZ;SANDOZ
C10A PREPARADOS PARA REGULACAO COLESTEROL E TRIGLICERID;SINVASTATINA SDZ;SANDOZ
A10N INIBIDOR DPP IV;SITAGLIP SDZ;SANDOZ
A10N INIBIDOR DPP IV;SITAGLIPTINA SDZ;SANDOZ
C07A AGENTES BETA BLOQUEADORES PUROS;SOTALOL SDZ;SANDOZ
N04A ANTIPARKINSONIANOS;STALEVO NOV;SANDOZ
N04A ANTIPARKINSONIANOS;STALEVO SDZ;SANDOZ
C04A VASOTERAPIA CEREBRAL E PERIFERICA;STUGERINA SDZ;SANDOZ
C07A AGENTES BETA BLOQUEADORES PUROS;SUCCINATO DE METOPROLOL SDZ;SANDOZ
J01E ASSOCIACOES DE TRIMETOPRIM E SIMILARES;SULFAMETAXAZOL SDZ;SANDOZ
M01A ANTI REUMATICOS SEM ESTEROIDES;TENOXICAM SDZ;SANDOZ
N03A ANTICONVULSIVANTES;TOPIRAMATO SDZ;SANDOZ
M03B RELAXANTES MUSCULARES ACAO CENTRAL;TRILAX SDZ;SANDOZ
C09D ANTAGONISTAS DE LA ANGIOTENSINA II COMBINADOS;VALSARTANA ANLODIPINO SDZ;SANDOZ
G04E PRODUTOS PARA DISFUNCAO ERETIL;VIDENFIL SDZ;SANDOZ
S01G PREPARADOS PARA O TRATAMENTO DE CONJUNTIVITES NAO;VISUAL SDZ;SANDOZ
J01D CEFALOSPORINAS;ZINNAT GSK;SANDOZ
J01D CEFALOSPORINAS;ZINNAT SDZ;SANDOZ
N05B HIPNOTICOS SEDATIVOS;ZOLPIDEM SDZ;SANDOZ
R05B ANTIGRIPAIS C ANTIINFECCIOSOS;CICATRISAN SAN;SANFARMA LTDA
M02A ANTIREUMATICOS TOPICOS COM ANALGESICOS;DOUTORSAN SAN;SANFARMA LTDA
M05B REGULADORES DO CALCIO OSSEO;ACTONEL SNF;SANOFI FARMACEUTICA
N05A ANTIPSICOTICOS;AMPLICTIL SNF;SANOFI FARMACEUTICA
A10C INSULINAS HUMANAS E ANALOGAS;APIDRA SNF;SANOFI FARMACEUTICA
C09C ANTAGONISTAS DE LA ANGIOTENSINA II PUROS;APROVEL SNF;SANOFI FARMACEUTICA
C09D ANTAGONISTAS DE LA ANGIOTENSINA II COMBINADOS;APROZIDE SNF;SANOFI FARMACEUTICA
L04X OUTROS IMUNOSSUPRESORES;ARAVA SNF;SANOFI FARMACEUTICA
C01B ANTIARRITMICOS;ATLANSIL SNF;SANOFI FARMACEUTICA
J06H IMUNO GLOBULINAS ESPECIFICAS ANTIVIROTICAS;BEYFORTUS SNF;SANOFI FARMACEUTICA
R05D ANTITUSSIGENOS;BISOLVON SNF;SANOFI FARMACEUTICA
H02A CORTICOSTEROIDES PUROS;CALCORT SNF;SANOFI FARMACEUTICA
L01H ANTINEOPLASICOS INIBIDORES DA PROTEINA QUINASE;CAPRELSA SNF;SANOFI FARMACEUTICA
M01A ANTI REUMATICOS SEM ESTEROIDES;CETOPROFENO SNF;SANOFI FARMACEUTICA
B01B ANTICOAGULANTES INJETAVEIS;CLEXANE SNF;SANOFI FARMACEUTICA
C03A DIURETICOS;CLORANA SNF;SANOFI FARMACEUTICA
M03B RELAXANTES MUSCULARES ACAO CENTRAL;COLTRAX SNF;SANOFI FARMACEUTICA
A03A ANTIESPASMODICOS E ANTICOLINERGICOS PUROS;DACTIL SNF;SANOFI FARMACEUTICA
A10H SULFONILOUREIA A DIABETICOS;DAONIL SNF;SANOFI FARMACEUTICA
D07A CORTICOIDES TOPICOS PUROS;DERMATOP SNF;SANOFI FARMACEUTICA
A03F GASTROPROCINETICOS;DIGESAN SNF;SANOFI FARMACEUTICA
N02B NAO NARCOTICOS ANTIPIRETICOS;DIPIRONA SNF;SANOFI FARMACEUTICA
N02A ANALGESICOS NARCOTICOS;DORFLEX SNF;SANOFI FARMACEUTICA
L04C INIBIDORES DE INTERLEUCINA;DUPIXENT SNF;SANOFI FARMACEUTICA
A05B PRODUTOS PARA DOENCAS DO FIGADO HEPATOPROTETORES;ENTEROCLER SNF;SANOFI FARMACEUTICA
N05A ANTIPSICOTICOS;EQUILID SNF;SANOFI FARMACEUTICA
D07A CORTICOIDES TOPICOS PUROS;ESPERSON SNF;SANOFI FARMACEUTICA
D07B ASSOCIACOES DE CORTICOIDES;ESPERSON SNF;SANOFI FARMACEUTICA
A16A OUTROS PRODUTOS PARA O APARELHO DIGESTIVO E METAB;FABRAZYME SNF;SANOFI FARMACEUTICA
G01A TRICOMONICIDAS;FLAGYL SNF;SANOFI FARMACEUTICA
J07E VACINAS VIRAIS;FLUQUADRI SNF;SANOFI FARMACEUTICA
R03B XANTINAS;FRANOL SNF;SANOFI FARMACEUTICA
N05B HIPNOTICOS SEDATIVOS;FRISIUM ATN;SANOFI FARMACEUTICA
N05B HIPNOTICOS SEDATIVOS;FRISIUM SNF;SANOFI FARMACEUTICA
N05C TRANQUILIZANTES;FRISIUM SNF;SANOFI FARMACEUTICA
C03A DIURETICOS;FUROSEMIDA SNF;SANOFI FARMACEUTICA
N03A ANTICONVULSIVANTES;GARDENAL SNF;SANOFI FARMACEUTICA
J07B COMBINACOES DE VACINAS;HEXAXIM SNF;SANOFI FARMACEUTICA
C03A DIURETICOS;HIDROCLOROTIAZIDA SNF;SANOFI FARMACEUTICA
N05B HIPNOTICOS SEDATIVOS;IMOVANE SNF;SANOFI FARMACEUTICA
R02A PREPARACOES PARA GARGANTA;ISET DE HEXAMIDINA CLOR DE TETRACAINA SNF;SANOFI FARMACEUTICA
L01C ANTINEOPLASICOS DE ORIGEM VEGETAL;JEVTANA SNF;SANOFI FARMACEUTICA
G03X OUT HORMONIOS SEXUAIS E PRODS SIMILARES;LADOGAL SNF;SANOFI FARMACEUTICA
A10C INSULINAS HUMANAS E ANALOGAS;LANTUS SNF;SANOFI FARMACEUTICA
C03A DIURETICOS;LASIX SNF;SANOFI FARMACEUTICA
R05C EXPECTORANTES;MUCOSOLVAN SNF;SANOFI FARMACEUTICA
N05A ANTIPSICOTICOS;NEOZINE SNF;SANOFI FARMACEUTICA
N05B HIPNOTICOS SEDATIVOS;NEOZINE SNF;SANOFI FARMACEUTICA
N05A ANTIPSICOTICOS;NEULEPTIL SNF;SANOFI FARMACEUTICA
N06D NOOTROPICOS;NOOTROPIL SNF;SANOFI FARMACEUTICA
C10A PREPARADOS PARA REGULACAO COLESTEROL E TRIGLICERID;OROXADIN SNF;SANOFI FARMACEUTICA
A02B ANTIULCEROSOS;PANTOPRAZOL SNF;SANOFI FARMACEUTICA
J07B COMBINACOES DE VACINAS;PENTAXIM SNF;SANOFI FARMACEUTICA
P01D ANTIMALARICOS;PLAQUINOL SNF;SANOFI FARMACEUTICA
A03F GASTROPROCINETICOS;PLASIL SNF;SANOFI FARMACEUTICA
B01C INIBIDORES DA AGREGACAO PLAQUETARIA;PLAVIX SNF;SANOFI FARMACEUTICA
C10A PREPARADOS PARA REGULACAO COLESTEROL E TRIGLICERID;PRALUENT SNF;SANOFI FARMACEUTICA
M01A ANTI REUMATICOS SEM ESTEROIDES;PROFENID SNF;SANOFI FARMACEUTICA
J01M RIFAMPICINA RIFAMICINA;RIFALDIN SNF;SANOFI FARMACEUTICA
D06A ANTIBACTERIANOS TOPICOS;RIFOCINA SNF;SANOFI FARMACEUTICA
B01F INIBIDOR DIRETO DO FATOR XA;RIVAROXABANA SNF;SANOFI FARMACEUTICA
J01F MACROLIDEOS E SIMILARES;ROVAMICINA SNF;SANOFI FARMACEUTICA
N03A ANTICONVULSIVANTES;SABRIL SNF;SANOFI FARMACEUTICA
A06A DROGAS PARA A CONSTIPACAO;SANOFI;SANOFI FARMACEUTICA
A10H SULFONILOUREIA A DIABETICOS;SANOFI;SANOFI FARMACEUTICA
L01G ANTICORPOS MONOCLONAIS ANTINEOPLASICOS;SANOFI;SANOFI FARMACEUTICA
L01X OUTROS ANTINEOPLASICOS;SANOFI;SANOFI FARMACEUTICA
L03A AGENTES IMUNOESTIMULANTES EXCL INTERFERON;SANOFI;SANOFI FARMACEUTICA
M05B REGULADORES DO CALCIO OSSEO;SANOFI;SANOFI FARMACEUTICA
R06A ANTIHISTAMINICOS SISTEMICOS;SANOFI;SANOFI FARMACEUTICA
S01K PRODUTOS PARA OLHO SECO;SANOFI;SANOFI FARMACEUTICA
N05A ANTIPSICOTICOS;SANOFI AVENTIS;SANOFI FARMACEUTICA
S01E MIOTICOS E PRAPARADOS ANTIGLAUCOMA;SANOFIAVENTIS SNF;SANOFI FARMACEUTICA
L01H ANTINEOPLASICOS INIBIDORES DA PROTEINA QUINASE;SARCLISA SNF;SANOFI FARMACEUTICA
G01A TRICOMONICIDAS;SECNIDAL SNF;SANOFI FARMACEUTICA
P01A AMEBICIDAS;SECNIDAL SNF;SANOFI FARMACEUTICA
N05A ANTIPSICOTICOS;SOCIAN SNF;SANOFI FARMACEUTICA
A10C INSULINAS HUMANAS E ANALOGAS;SOLIQUA SNF;SANOFI FARMACEUTICA
J07E VACINAS VIRAIS;STAMARIL SNF;SANOFI FARMACEUTICA
N05B HIPNOTICOS SEDATIVOS;STILNOX SNF;SANOFI FARMACEUTICA
C07A AGENTES BETA BLOQUEADORES PUROS;SUCCINATO DE METOPROLOL SNF;SANOFI FARMACEUTICA
M05X OUTROS PRODUTOS SISTEMA MUSCULO ESQUELETICO;SYNVISC SNF;SANOFI FARMACEUTICA
J01X OUTROS ANTI BACTERIANOS;TARGOCID SNF;SANOFI FARMACEUTICA
L01C ANTINEOPLASICOS DE ORIGEM VEGETAL;TAXOTERE SNF;SANOFI FARMACEUTICA
T02X TODOS OS OUTROS TEST DIAGNOSTICOS;THYROGEN SNF;SANOFI FARMACEUTICA
G03A CONTRACEPTIVOS HORMONAIS SISTEMICOS;TOP LINE SNF;SANOFI FARMACEUTICA
A10C INSULINAS HUMANAS E ANALOGAS;TOUJEO SNF;SANOFI FARMACEUTICA
N05C TRANQUILIZANTES;URBANIL SNF;SANOFI FARMACEUTICA
J07E VACINAS VIRAIS;VAXIGRIP DIM;SANOFI FARMACEUTICA
J07E VACINAS VIRAIS;VAXIGRIP SNF;SANOFI FARMACEUTICA
N07A PRODUTOS PARA A ESCLEROSE MULTIPLA;LEMTRADA SNF;SANOFI FARMACEUTICA LTDA
A02A ANTIACIDOS ANTIFISETICOS;SIMETICONA SNF;SANOFI FARMACEUTICA LTDA
A12A CALCIO;CALCIO DE OSTRA LSL;SAO LUCAS
R02A PREPARACOES PARA GARGANTA;SATYA STY;SATYA
N05B HIPNOTICOS SEDATIVOS;PASILEZ;SCELTI
G03A CONTRACEPTIVOS HORMONAIS SISTEMICOS;IMPLANON SCH;SCHERING PLOUGH
G03A CONTRACEPTIVOS HORMONAIS SISTEMICOS;MERCILON SCH;SCHERING PLOUGH
G03A CONTRACEPTIVOS HORMONAIS SISTEMICOS;MICRODIOL;SCHERING PLOUGH
G03A CONTRACEPTIVOS HORMONAIS SISTEMICOS;MICRODIOL SCH;SCHERING PLOUGH
R01A PREPARACOES NASAIS TOPICAS;NASONEX SCH;SCHERING PLOUGH
G03A CONTRACEPTIVOS HORMONAIS SISTEMICOS;SCHERING PLOUGH SCH;SCHERING PLOUGH
C10A PREPARADOS PARA REGULACAO COLESTEROL E TRIGLICERID;SCHERINPLOUGH SCH;SCHERING PLOUGH
G03A CONTRACEPTIVOS HORMONAIS SISTEMICOS;SCHERINPLOUGH SCH;SCHERING PLOUGH
N06A A DEPRESSIVOS E REGUL DE HUMOR;SCHERINPLOUGH SCH;SCHERING PLOUGH
R01A PREPARACOES NASAIS TOPICAS;SCHERINPLOUGH SCH;SCHERING PLOUGH
R05C EXPECTORANTES;XUK;SCHUCK
N02A ANALGESICOS NARCOTICOS;SEM;SEM
M02A ANTIREUMATICOS TOPICOS COM ANALGESICOS;SERGIOPARIS SEP;SERGIO PARIS
C09B INIBIDORES ACE COMBINADOS;ACERTALIX SER;SERVIER
C09B INIBIDORES ACE COMBINADOS;ACERTANLO SER;SERVIER
C09D ANTAGONISTAS DE LA ANGIOTENSINA II COMBINADOS;ACERTANLO SER;SERVIER
C09A INIBIDORES ACE PUROS;ACERTIL SER;SERVIER
N06A A DEPRESSIVOS E REGUL DE HUMOR;AGOXOM SER;SERVIER
N06E NEUROTONICOS E OUTROS;ARCALION SER;SERVIER
C09A INIBIDORES ACE PUROS;COVERSYL SER;SERVIER
C09B INIBIDORES ACE COMBINADOS;COVERSYL SER;SERVIER
C05C TERAPIA VARICOSA SISTEMICA;DAFLON SER;SERVIER
A10H SULFONILOUREIA A DIABETICOS;DIAMICRON SER;SERVIER
A10H SULFONILOUREIA A DIABETICOS;DIATARCOM MR SER;SERVIER
C02A ANTIHIPERTENSIVOS NAO HERBACEOS PUROS;HYPERIUM SER;SERVIER
L01B ANTIMETABOLITOS;LONSURF SER;SERVIER
C03A DIURETICOS;NATRILIX SER;SERVIER
C01D TERAPIA CORONARIA EXCLUINDO ANTAGONISTAS DO CALCIO;PROCORALAN SER;SERVIER
N06A A DEPRESSIVOS E REGUL DE HUMOR;SERVIER;SERVIER
C09B INIBIDORES ACE COMBINADOS;TRIPLIXAM SER;SERVIER
N06A A DEPRESSIVOS E REGUL DE HUMOR;VALDOXAN SER;SERVIER
C01D TERAPIA CORONARIA EXCLUINDO ANTAGONISTAS DO CALCIO;VASTAREL SER;SERVIER
A06A DROGAS PARA A CONSTIPACAO;SETE ERVAS;SETE ERVAS
R05B ANTIGRIPAIS C ANTIINFECCIOSOS;SETE ERVAS;SETE ERVAS
R05C EXPECTORANTES;SETE ERVAS;SETE ERVAS
R05C EXPECTORANTES;FLUVITTAN SHL;SHELL NUTRI LTDA
N06B PSICOESTIMULANTES;SHIRE SHI;SHIRE
A05B PRODUTOS PARA DOENCAS DO FIGADO HEPATOPROTETORES;SHOOPNATU;SHOOPNATU
A10S AGONISTAS GLP 1;SHOOPNATU;SHOOPNATU
A12C OUTROS SUPLEMENTOS MINERAIS;SHOOPNATU;SHOOPNATU
A03F GASTROPROCINETICOS;PRAZY;SIGMA PHARMA
D06A ANTIBACTERIANOS TOPICOS;DERMACERIUM CRI;SILVESTRE
D06A ANTIBACTERIANOS TOPICOS;DERMAZINE CRI;SILVESTRE
S01E MIOTICOS E PRAPARADOS ANTIGLAUCOMA;SIMILASAN;SIMILASAN
S01K PRODUTOS PARA OLHO SECO;SIMILASAN;SIMILASAN
A12A CALCIO;CENTRIX;SINMAX INDUSTRIA DE ALIM LTDA
A12C OUTROS SUPLEMENTOS MINERAIS;SMART LIFE;SMART LIFE
R05C EXPECTORANTES;SO MEL;SO MEL
B01C INIBIDORES DA AGREGACAO PLAQUETARIA;ACETILDOR SOB;SOBRAL
N02B NAO NARCOTICOS ANTIPIRETICOS;PARACETAMOL SOB;SOBRAL
A06A DROGAS PARA A CONSTIPACAO;SOBRAL SOB;SOBRAL
A07G REPOSITORES ELECTROLITICOS ORAIS;SORALYT SOB;SOBRAL
A07G REPOSITORES ELECTROLITICOS ORAIS;VULCANO;SOL BEBIDAS LTDA
A16A OUTROS PRODUTOS PARA O APARELHO DIGESTIVO E METAB;VULCANO;SOL BEBIDAS LTDA
A07G REPOSITORES ELECTROLITICOS ORAIS;FESTOU;SOLARIS IND E COM DE ALIM
R05C EXPECTORANTES;FLUXTEIL;SOLARIS PHARMA
A02A ANTIACIDOS ANTIFISETICOS;SOLARIS;SOLARIS PHARMA
A07F MICROORGANISMOS ANTIDIARREICOS;SOLARIS;SOLARIS PHARMA
A11X OUTRAS VITAMINAS PURAS;SUKEPAR;SOLARIS PHARMA
A10S AGONISTAS GLP 1;SOLIDOR;SOLIDOR
P03A ECTOPARASITICIDAS INCL ESCAB;DELTACID SVY;SOLVAY FARMA
R05C EXPECTORANTES;SOMALIFE;SOMALIFE
H04X OUTRAS HORMONIOS E PREPARACAO COM ACOES SIMILARES;MODENA SOR;SOROCAPS IND FARMACEUTICA
A12C OUTROS SUPLEMENTOS MINERAIS;NUTRA VITTA;SOROCAPS IND FARMACEUTICA
R02A PREPARACOES PARA GARGANTA;NUTRAVITTA;SOROCAPS IND FARMACEUTICA
A11F VITAMINAS B12 PURA;REVIGORMIL;SOROCAPS IND FARMACEUTICA
A11G VITAMINA C INCLUSIVE ASSOCIADA A MINERAIS;REVIGORMIL;SOROCAPS IND FARMACEUTICA
A12C OUTROS SUPLEMENTOS MINERAIS;REVIGORMIL;SOROCAPS IND FARMACEUTICA
H04X OUTRAS HORMONIOS E PREPARACAO COM ACOES SIMILARES;REVIGORMIL;SOROCAPS IND FARMACEUTICA
M02A ANTIREUMATICOS TOPICOS COM ANALGESICOS;SOUL;SOUL COSMETICOS
A12A CALCIO;BENDCAL K2;STARTFARMA
R05C EXPECTORANTES;SULMEL;SULMEL
P03A ECTOPARASITICIDAS INCL ESCAB;SUMITOMO CHEMICAL;SUMITOMO CHEMICAL BRASIL
L01A AGENTES ALQUILINIZANTES;SUNPHARMA;SUN FARMACEUTICA DO BRASIL
L02B ANTAGONISTAS DE HORMONIOS CITOSTATICOS;ACETATO DE ABIRATERONA SUN;SUN PHARMA
M05B REGULADORES DO CALCIO OSSEO;ACIDO ZOLEDRONICO SUN;SUN PHARMA
C02A ANTIHIPERTENSIVOS NAO HERBACEOS PUROS;BOSPULMO SUN;SUN PHARMA
L01B ANTIMETABOLITOS;CAPECITABINA SUN;SUN PHARMA
R07D PRODUTOS PRA FIBROSE PULMONAR IDIOPATICA;ESILATO DE NINTEDANIBE SUN;SUN PHARMA
L02B ANTAGONISTAS DE HORMONIOS CITOSTATICOS;EXEMESTANO SUN;SUN PHARMA
L01H ANTINEOPLASICOS INIBIDORES DA PROTEINA QUINASE;LENVATINIBE SUN;SUN PHARMA
L02B ANTAGONISTAS DE HORMONIOS CITOSTATICOS;LETROZOL SUN;SUN PHARMA
L01A AGENTES ALQUILINIZANTES;MINNA SUN;SUN PHARMA
R07D PRODUTOS PRA FIBROSE PULMONAR IDIOPATICA;NIDHI SUN;SUN PHARMA
G02D INIBIDORES DA PROLACTINA;RANBAXYC EUR;SUN PHARMA
L01H ANTINEOPLASICOS INIBIDORES DA PROTEINA QUINASE;SARRA SUN;SUN PHARMA
L01H ANTINEOPLASICOS INIBIDORES DA PROTEINA QUINASE;SAUMYA SUN;SUN PHARMA
L01A AGENTES ALQUILINIZANTES;TEMOZOLOMIDA SUN;SUN PHARMA
A07F MICROORGANISMOS ANTIDIARREICOS;PRATILE;SUPER REDE
G03A CONTRACEPTIVOS HORMONAIS SISTEMICOS;ALDIJET SPR;SUPERA
J01G FLUOROQUINOLONAS;ALEVO SPR;SUPERA
A12C OUTROS SUPLEMENTOS MINERAIS;ALONG C SPR;SUPERA
N06A A DEPRESSIVOS E REGUL DE HUMOR;ALPES XL SPR;SUPERA
N06A A DEPRESSIVOS E REGUL DE HUMOR;AMYTRIL;SUPERA
N06A A DEPRESSIVOS E REGUL DE HUMOR;AMYTRIL CRI;SUPERA
N06A A DEPRESSIVOS E REGUL DE HUMOR;AMYTRIL SPR;SUPERA
N06A A DEPRESSIVOS E REGUL DE HUMOR;ANDES SPR;SUPERA
N02D PROD GABAPENTINOIDES;APICE SPR;SUPERA
M01A ANTI REUMATICOS SEM ESTEROIDES;ARCOXIA;SUPERA
M01A ANTI REUMATICOS SEM ESTEROIDES;ARCOXIA SPR;SUPERA
C09D ANTAGONISTAS DE LA ANGIOTENSINA II COMBINADOS;ASEA HCT SPR;SUPERA
C09C ANTAGONISTAS DE LA ANGIOTENSINA II PUROS;ASEA SPR;SUPERA
C10A PREPARADOS PARA REGULACAO COLESTEROL E TRIGLICERID;ATEROMA SPR;SUPERA
G03B ANDROGENOS E ASSOCIACOES EXCETO G3E G3F;ATESTO SPR;SUPERA
N05A ANTIPSICOTICOS;ATIP SPR;SUPERA
N05A ANTIPSICOTICOS;ATIP XR;SUPERA
C09C ANTAGONISTAS DE LA ANGIOTENSINA II PUROS;AVAL SPR;SUPERA
N06A A DEPRESSIVOS E REGUL DE HUMOR;AZOD SPR;SUPERA
N05A ANTIPSICOTICOS;BIQUIZ SPR;SUPERA
N06A A DEPRESSIVOS E REGUL DE HUMOR;CARLIT SPR;SUPERA
M01A ANTI REUMATICOS SEM ESTEROIDES;CIBEX SPR;SUPERA
N02A ANALGESICOS NARCOTICOS;COD;SUPERA
N02A ANALGESICOS NARCOTICOS;COD PAR SPR;SUPERA
N02A ANALGESICOS NARCOTICOS;COD SPR;SUPERA
G04E PRODUTOS PARA DISFUNCAO ERETIL;DALI SPR;SUPERA
B01F INIBIDOR DIRETO DO FATOR XA;DARTRIAL SPR;SUPERA
D03A AGENTES CURATIVOS FERIDAS;DBRIZ SPR;SUPERA
G01C ANTIBACTERIANOS GINECOLOGICOS;DBRIZ SPR;SUPERA
N07C OUTROS MEDICAMENTOS ANTIVERTIGINOSOS;DEBET SPR;SUPERA
N06B PSICOESTIMULANTES;DEKSA SPR;SUPERA
N06A A DEPRESSIVOS E REGUL DE HUMOR;DENYL SPR;SUPERA
C05C TERAPIA VARICOSA SISTEMICA;DHIVAS SPR;SUPERA
G03A CONTRACEPTIVOS HORMONAIS SISTEMICOS;DIOLESS SPR;SUPERA
H02A CORTICOSTEROIDES PUROS;DUOFLAM SPR;SUPERA
D03A AGENTES CURATIVOS FERIDAS;FIBRINASE SPR;SUPERA
A08A - PREPARADOS ANOREXICOS EXETO OS DIETETICOS;GRECE SPR;SUPERA
G04E PRODUTOS PARA DISFUNCAO ERETIL;HELLEVA SPR;SUPERA
N05B HIPNOTICOS SEDATIVOS;HEZO SPR;SUPERA
M05B REGULADORES DO CALCIO OSSEO;IBANUNO SPR;SUPERA
D03A AGENTES CURATIVOS FERIDAS;KATRIZ SPR;SUPERA
M01A ANTI REUMATICOS SEM ESTEROIDES;KETALGI SPR;SUPERA
D03A AGENTES CURATIVOS FERIDAS;KTRIZ SPR;SUPERA
G01C ANTIBACTERIANOS GINECOLOGICOS;KTRIZGINO SPR;SUPERA
J01C PENICILINAS DE AMPLO ESPECTRO;LANICO SPR;SUPERA
C10A PREPARADOS PARA REGULACAO COLESTEROL E TRIGLICERID;LESTER SPR;SUPERA
G03X OUT HORMONIOS SEXUAIS E PRODS SIMILARES;LIVIAL SPR;SUPERA
N04A ANTIPARKINSONIANOS;MINERGI SPR;SUPERA
A07F MICROORGANISMOS ANTIDIARREICOS;MULTI BI SPR;SUPERA
C01D TERAPIA CORONARIA EXCLUINDO ANTAGONISTAS DO CALCIO;MUSKARD SPR;SUPERA
R01A PREPARACOES NASAIS TOPICAS;NAZZO;SUPERA
R01A PREPARACOES NASAIS TOPICAS;NAZZO SPR;SUPERA
J01G FLUOROQUINOLONAS;NEUMOSIN SPR;SUPERA
A10N INIBIDOR DPP IV;NIMEGON MET SPR;SUPERA
A10N INIBIDOR DPP IV;NIMEGON SPR;SUPERA
G04D PRODUTOS PARA INCONTINENCIA URINARIA;NOURIN SPR;SUPERA
N05A ANTIPSICOTICOS;OKOTICO SPR;SUPERA
P01B ANTIHELMINTICOS EXCETO OS ESQUISTOSOMICIDAS;PARA SPR;SUPERA
J01H PENICILINAS DE PEQUENO E MEDIO ESPECTRO;PEN VE ORAL SPR;SUPERA
A06A DROGAS PARA A CONSTIPACAO;PHOSFOENEMA SPR;SUPERA
G02F HORMONIOS SEXUAIS TOPICOS;PROMIM SPR;SUPERA
G04C PRODUTOS PARA HIPERPLASIA PROSTATICA BENIGNA HPB;PROS HP SPR;SUPERA
C02A ANTIHIPERTENSIVOS NAO HERBACEOS PUROS;PROS SPR;SUPERA
A07G REPOSITORES ELECTROLITICOS ORAIS;REHIDRAT EUR;SUPERA
N06A A DEPRESSIVOS E REGUL DE HUMOR;REMERON MER;SUPERA
N06A A DEPRESSIVOS E REGUL DE HUMOR;REMERON SPR;SUPERA
M01B ANTI REUMATICOS ASSOCIADOS COM CORTICOSTEROIDES;RENOVI B PLUS SPR;SUPERA
N05A ANTIPSICOTICOS;RISPERIDON MED;SUPERA
N05A ANTIPSICOTICOS;RISPERIDON SPR;SUPERA
N06A A DEPRESSIVOS E REGUL DE HUMOR;ROXETIN CRI;SUPERA
N06A A DEPRESSIVOS E REGUL DE HUMOR;ROXETIN SPR;SUPERA
N07D PRODUTOS ANTI ALZHEIMER;SENES SPR;SUPERA
C09C ANTAGONISTAS DE LA ANGIOTENSINA II PUROS;SUPERA;SUPERA
D03A AGENTES CURATIVOS FERIDAS;SUPERA;SUPERA
H02A CORTICOSTEROIDES PUROS;SUPERA;SUPERA
N03A ANTICONVULSIVANTES;SUPERA;SUPERA
N05A ANTIPSICOTICOS;SUPERA;SUPERA
N05B HIPNOTICOS SEDATIVOS;SUPERA;SUPERA
N06A A DEPRESSIVOS E REGUL DE HUMOR;SUPERA;SUPERA
P01B ANTIHELMINTICOS EXCETO OS ESQUISTOSOMICIDAS;SUPERA;SUPERA
R01B DESCONGESTIONANTES NASAIS SISTEMICOS;SUPERA;SUPERA
R06A ANTIHISTAMINICOS SISTEMICOS;SUPERA;SUPERA
N06A A DEPRESSIVOS E REGUL DE HUMOR;TAGUE SUP;SUPERA
N03A ANTICONVULSIVANTES;TAM SPR;SUPERA
N03A ANTICONVULSIVANTES;TAM XR SPR;SUPERA
M01A ANTI REUMATICOS SEM ESTEROIDES;TRIPLOA SPR;SUPERA
N02A ANALGESICOS NARCOTICOS;TROL SPR;SUPERA
R06A ANTIHISTAMINICOS SISTEMICOS;TYNNA SPR;SUPERA
N02B NAO NARCOTICOS ANTIPIRETICOS;ULTROX SPR;SUPERA
G01B ANTIMICOTICOS GINECOLOGICOS;VAGICAND SPR;SUPERA
J05B OUTROS ANTIVIRAIS;VALASKI SPR;SUPERA
N06A A DEPRESSIVOS E REGUL DE HUMOR;VORXE SPR;SUPERA
C10A PREPARADOS PARA REGULACAO COLESTEROL E TRIGLICERID;ZETIA;SUPERA
C10A PREPARADOS PARA REGULACAO COLESTEROL E TRIGLICERID;ZETIA MAZ;SUPERA
C10A PREPARADOS PARA REGULACAO COLESTEROL E TRIGLICERID;ZETIA SPR;SUPERA
C10C REGUL DE LIPIDEOS EM COMB C OUT LIPIDOS REGUL;ZETSIM;SUPERA
C10C REGUL DE LIPIDEOS EM COMB C OUT LIPIDOS REGUL;ZETSIM MER;SUPERA
C10C REGUL DE LIPIDEOS EM COMB C OUT LIPIDOS REGUL;ZETSIM SPR;SUPERA
N05B HIPNOTICOS SEDATIVOS;ZOUP SL SPR;SUPERA
M01A ANTI REUMATICOS SEM ESTEROIDES;DONA NENA;SUPERIORE INDUSTRIA DE PRODUTOS ALIMENTICIOS
R05C EXPECTORANTES;SUPERMAX;SUPERMAX BRASIL
R02A PREPARACOES PARA GARGANTA;SUPERMEL;SUPERMEL
R05C EXPECTORANTES;SUPERMEL;SUPERMEL
A12C OUTROS SUPLEMENTOS MINERAIS;SUPERVITAN;SUPERVITAN
R02A PREPARACOES PARA GARGANTA;SUPERVITAN;SUPERVITAN
A07G REPOSITORES ELECTROLITICOS ORAIS;REHYDRON SPN;SUPLAN LAB DE SUPLEMENTOS
A05B PRODUTOS PARA DOENCAS DO FIGADO HEPATOPROTETORES;REVIGON SPL;SUPLAN LAB DE SUPLEMENTOS
A05B PRODUTOS PARA DOENCAS DO FIGADO HEPATOPROTETORES;MODO ON;SUPRA ERVAS BEBIDAS
R05C EXPECTORANTES;FLUIXPEC SUP;SUPRAERVAS
A03E OUTRAS ASSOCIACOES;SUPRAERVAS;SUPRAERVAS
A16A OUTROS PRODUTOS PARA O APARELHO DIGESTIVO E METAB;SUPRAERVAS;SUPRAERVAS
L01G ANTICORPOS MONOCLONAIS ANTINEOPLASICOS;ADCETRIS TKD;TAKEDA PHARMA
A03G MODELADORES SENSOMOTORES GASTRO INTESTINAIS;AMITIZA TKD;TAKEDA PHARMA
A06A DROGAS PARA A CONSTIPACAO;AMITIZA TKD;TAKEDA PHARMA
J07X OUTROS PRODUTOS TAIS COMO VACINAS;BRONCHOVAXOM TKD;TAKEDA PHARMA
D11A OUTRAS PREPARACOES DERMATOLOGICAS INCL XAMPUS MED;COLPOTROFINE TKD;TAKEDA PHARMA
A02B ANTIULCEROSOS;DEXILANT TKD;TAKEDA PHARMA
A07E PRODUTOS PARA DOENCA INFLAMATORIA INTESTINAL;ENTYVIO TKD;TAKEDA PHARMA
L01H ANTINEOPLASICOS INIBIDORES DA PROTEINA QUINASE;EVOBRIG TKD;TAKEDA PHARMA
A06A DROGAS PARA A CONSTIPACAO;FIBERNORM TKD;TAKEDA PHARMA
B06D PRODUTOS PARA ANGIODERMA HEREDITARIO;FIRAZYR TKD;TAKEDA PHARMA
N06B PSICOESTIMULANTES;FQM;TAKEDA PHARMA
R05C EXPECTORANTES;HEVELAIR TKD;TAKEDA PHARMA
A07G REPOSITORES ELECTROLITICOS ORAIS;HIDRAFIX TKD;TAKEDA PHARMA
J06J OUTRAS IMUNO GLOBULINAS ESPECIFICAS;HYQVIA TKD;TAKEDA PHARMA
A02B ANTIULCEROSOS;INZELM TKD;TAKEDA PHARMA
N06B PSICOESTIMULANTES;JUNEVE TKD;TAKEDA PHARMA
N06B PSICOESTIMULANTES;JUVENE TKD;TAKEDA PHARMA
N06D NOOTROPICOS;JUVENE TKD;TAKEDA PHARMA
A07E PRODUTOS PARA DOENCA INFLAMATORIA INTESTINAL;MESACOL TKD;TAKEDA PHARMA
R01A PREPARACOES NASAIS TOPICAS;OMNARIS TKD;TAKEDA PHARMA
A02B ANTIULCEROSOS;PANTOZOL;TAKEDA PHARMA
A02B ANTIULCEROSOS;PANTOZOL TKD;TAKEDA PHARMA
C05A ANTIHEMORROIDARIOS TOPICOS;PROCTYL TKD;TAKEDA PHARMA
M01A ANTI REUMATICOS SEM ESTEROIDES;PROCTYL TKD;TAKEDA PHARMA
J07E VACINAS VIRAIS;QDENGA TKD;TAKEDA PHARMA
N07D PRODUTOS ANTI ALZHEIMER;REPLAGAL TKD;TAKEDA PHARMA
A02A ANTIACIDOS ANTIFISETICOS;RIOPAN PLUS TKD;TAKEDA PHARMA
A02A ANTIACIDOS ANTIFISETICOS;RIOPAN TKD;TAKEDA PHARMA
H04X OUTRAS HORMONIOS E PREPARACAO COM ACOES SIMILARES;ROZEREM TKD;TAKEDA PHARMA
A03A ANTIESPASMODICOS E ANTICOLINERGICOS PUROS;SIILIF TKD;TAKEDA PHARMA
C04A VASOTERAPIA CEREBRAL E PERIFERICA;TEBONIN TKD;TAKEDA PHARMA
A02B ANTIULCEROSOS;TECTA TKD;TAKEDA PHARMA
N06B PSICOESTIMULANTES;VENVANCE TKD;TAKEDA PHARMA
N06B PSICOESTIMULANTES;VENVANSE TKD;TAKEDA PHARMA
R05C EXPECTORANTES;TAUENS;TAUENS
R05C EXPECTORANTES;TAUENS TAU;TAUENS
A07G REPOSITORES ELECTROLITICOS ORAIS;ADV TAY;TAYUYNA
G04E PRODUTOS PARA DISFUNCAO ERETIL;TRIBULUS MACA PERU GEN;TERRA E SAUDE
R05C EXPECTORANTES;ACEBROFILINA TEU;TEUTO
D07A CORTICOIDES TOPICOS PUROS;ACETATO DE HIDROCORTISONA TEU;TEUTO
R05C EXPECTORANTES;ACETILCISTEINA TEU;TEUTO
D06D PRODUTOS PARA INFECOES VIRAIS;ACICLOVIR TEU;TEUTO
J05B OUTROS ANTIVIRAIS;ACICLOVIR TEU;TEUTO
D10A PREPARACOES ANTIACNE TOPICOS;ACNEFIN TEU;TEUTO
R03A AGONISTAS BETA 2;AERODINI TEU;TEUTO
P01B ANTIHELMINTICOS EXCETO OS ESQUISTOSOMICIDAS;ALBENDAZOL TEU;TEUTO
P01B ANTIHELMINTICOS EXCETO OS ESQUISTOSOMICIDAS;ALBENTEL TEU;TEUTO
M05B REGULADORES DO CALCIO OSSEO;ALENDRONATO SODIO TEU;TEUTO
N02B NAO NARCOTICOS ANTIPIRETICOS;ALIVDIP TEU;TEUTO
N05C TRANQUILIZANTES;ALPRAZOLAM TEU;TEUTO
R05C EXPECTORANTES;AMBROXOL TEU;TEUTO
J01G FLUOROQUINOLONAS;AMICACINA TEU;TEUTO
R03B XANTINAS;AMINILIV TEU;TEUTO
R03A AGONISTAS BETA 2;AMINOFILINA TEU;TEUTO
R03B XANTINAS;AMINOFILINA TEU;TEUTO
N06A A DEPRESSIVOS E REGUL DE HUMOR;AMITRIPTILINA TEU;TEUTO
J01C PENICILINAS DE AMPLO ESPECTRO;AMOXICILINA CLAVULANATO TEU;TEUTO
J01C PENICILINAS DE AMPLO ESPECTRO;AMOXICILINA TEU;TEUTO
N02B NAO NARCOTICOS ANTIPIRETICOS;ANALGESIN TEU;TEUTO
C08A ANTAGONISTAS DO CALCIO PUROS;ANLODIPINO TEU;TEUTO
M02A ANTIREUMATICOS TOPICOS COM ANALGESICOS;ARNICA TEU;TEUTO
R03A AGONISTAS BETA 2;ASMOFEN TEU;TEUTO
R03C ANTIINFLAMATORIOS RESPIRATORIOS NAO ESTEROIDES;ASMOFEN TEU;TEUTO
C07A AGENTES BETA BLOQUEADORES PUROS;ATENOLOL TEU;TEUTO
C10A PREPARADOS PARA REGULACAO COLESTEROL E TRIGLICERID;ATORVASTATINA TEU;TEUTO
J01D CEFALOSPORINAS;AXETILCEFUROXIMA TEU;TEUTO
J01F MACROLIDEOS E SIMILARES;AZITROMICINA TEU;TEUTO
M03B RELAXANTES MUSCULARES ACAO CENTRAL;BACLOFEN TEU;TEUTO
M03B RELAXANTES MUSCULARES ACAO CENTRAL;BACLOFENO TEU;TEUTO
J01E ASSOCIACOES DE TRIMETOPRIM E SIMILARES;BACTERACIN TEU;TEUTO
P01A AMEBICIDAS;BENZOILMETRONIDAZOL TEU;TEUTO
J01H PENICILINAS DE PEQUENO E MEDIO ESPECTRO;BEPEBEN TEU;TEUTO
C08A ANTAGONISTAS DO CALCIO PUROS;BESILATO DE ANLODIPINO TEU;TEUTO
D07B ASSOCIACOES DE CORTICOIDES;BETAMETASONA GETAMICINA TOLNAFTATO CLIOQUINOL TEU;TEUTO
S01L PREPARADOS PARA USO COM LENTES DE CONTATO;BIO LENT TEU;TEUTO
S01L PREPARADOS PARA USO COM LENTES DE CONTATO;BIO SOAK;TEUTO
S01K PRODUTOS PARA OLHO SECO;BIOLAGRIMA TEU;TEUTO
S01X OUTROS OFTALMOLOGICOS;BIOLAGRIMA TEU;TEUTO
S01L PREPARADOS PARA USO COM LENTES DE CONTATO;BIOSOAK TEU;TEUTO
N05C TRANQUILIZANTES;BROMAZEPAM TEU;TEUTO
R03K ANTICOLINERGICOS SIMPLES;BROMETO DE IPRATROPIO TEU;TEUTO
A03F GASTROPROCINETICOS;BROMOPRIDA TEU;TEUTO
D11A OUTRAS PREPARACOES DERMATOLOGICAS INCL XAMPUS MED;CANDISTATIN TEU;TEUTO
A01B ANTIFUNGICOS ORAIS TOPICOS;CANDITRAT TEU;TEUTO
C09A INIBIDORES ACE PUROS;CAPTOPRIL TEU;TEUTO
N03A ANTICONVULSIVANTES;CARBAMAZEPINA TEU;TEUTO
N04A ANTIPARKINSONIANOS;CARBIDOL TEU;TEUTO
R05C EXPECTORANTES;CARBOCISTEINA XAROPE TEU;TEUTO
C01E NITRITOS E NITRATOS;CARDCOR TEU;TEUTO
J01D CEFALOSPORINAS;CEFADROXILA TEU;TEUTO
J01D CEFALOSPORINAS;CEFALEXINA TEU;TEUTO
J01D CEFALOSPORINAS;CEFANAXIL TEU;TEUTO
J01D CEFALOSPORINAS;CEFTRIAXONA TEU;TEUTO
M01A ANTI REUMATICOS SEM ESTEROIDES;CELECOXIBE TEU;TEUTO
R06A ANTIHISTAMINICOS SISTEMICOS;CETIRIZINA TEU;TEUTO
D07B ASSOCIACOES DE CORTICOIDES;CETOCONAZOL BETAMETASONA NEOMICINA TEU;TEUTO
D07B ASSOCIACOES DE CORTICOIDES;CETOCONAZOL DIPR DE BETAMETASONA TEU;TEUTO
D01A ANTIMICOTICOS DERMATOLOGICOS;CETOCONAZOL TEU;TEUTO
J02A AGENTES ANTIMICOTICOS SISTEMICOS EXCLUINDO GRISEOF;CETOCONAZOL TEU;TEUTO
D07B ASSOCIACOES DE CORTICOIDES;CETOCORT TEU;TEUTO
M01A ANTI REUMATICOS SEM ESTEROIDES;CETOFENID TEU;TEUTO
M01A ANTI REUMATICOS SEM ESTEROIDES;CETOPROFENO TEU;TEUTO
M02A ANTIREUMATICOS TOPICOS COM ANALGESICOS;CETOPROFENO TEU;TEUTO
M01A ANTI REUMATICOS SEM ESTEROIDES;CETOTIFENO TEU;TEUTO
R03C ANTIINFLAMATORIOS RESPIRATORIOS NAO ESTEROIDES;CETOTIFENO TEU;TEUTO
A02B ANTIULCEROSOS;CIMETIDINA TEU;TEUTO
J01G FLUOROQUINOLONAS;CIPROFLONAX TEU;TEUTO
N06A A DEPRESSIVOS E REGUL DE HUMOR;CITALOPRAM TEU;TEUTO
G04E PRODUTOS PARA DISFUNCAO ERETIL;CITRATO DE SILDENAFILA TEU;TEUTO
J01F MACROLIDEOS E SIMILARES;CLINDAMIN TEU;TEUTO
N03A ANTICONVULSIVANTES;CLONAZEPAM TEU;TEUTO
B01C INIBIDORES DA AGREGACAO PLAQUETARIA;CLOPIDOGREL TEU;TEUTO
R05C EXPECTORANTES;CLOR DE AMBROXOL TEU;TEUTO
R05C EXPECTORANTES;CLOR DE AMBROXOL XAROPE TEU;TEUTO
N06A A DEPRESSIVOS E REGUL DE HUMOR;CLOR DE AMITRIPTILINA TEU;TEUTO
J01G FLUOROQUINOLONAS;CLOR DE CIPROFLOXACINO TEU;TEUTO
J01F MACROLIDEOS E SIMILARES;CLOR DE CLINDAMICINA TEU;TEUTO
C08A ANTAGONISTAS DO CALCIO PUROS;CLOR DE DILTIAZEM TEU;TEUTO
S01E MIOTICOS E PRAPARADOS ANTIGLAUCOMA;CLOR DE DORZOLAMIDA TIMOLOL COLIRIO TEU;TEUTO
J01A TETRACICLINAS E ASSOCIACOES;CLOR DE DOXICICLINA TEU;TEUTO
R06A ANTIHISTAMINICOS SISTEMICOS;CLOR DE FEXOFENADINA TEU;TEUTO
N06A A DEPRESSIVOS E REGUL DE HUMOR;CLOR DE FLUOXETINA TEU;TEUTO
N07D PRODUTOS ANTI ALZHEIMER;CLOR DE MEMANTINA TEU;TEUTO
A10J BIGUANIDA A DIABETICOS;CLOR DE METFORMINA TEU;TEUTO
A03F GASTROPROCINETICOS;CLOR DE METOCLOPRAMIDA TEU;TEUTO
C07A AGENTES BETA BLOQUEADORES PUROS;CLOR DE NEBIVOLOL TEU;TEUTO
R01A PREPARACOES NASAIS TOPICAS;CLOR DE OXIMETAZOLINA TEU;TEUTO
N06A A DEPRESSIVOS E REGUL DE HUMOR;CLOR DE PAROXETINA TEU;TEUTO
A10K GLITAZONA A DIABETICOS;CLOR DE PIOGLITAZONA TEU;TEUTO
C07A AGENTES BETA BLOQUEADORES PUROS;CLOR DE PROPRANOLOL TEU;TEUTO
N06A A DEPRESSIVOS E REGUL DE HUMOR;CLOR DE SERTRALINA TEU;TEUTO
A08A - PREPARADOS ANOREXICOS EXETO OS DIETETICOS;CLOR DE SIBUTRAMINA TEU;TEUTO
D01A ANTIMICOTICOS DERMATOLOGICOS;CLOR DE TERBINAFINA TEU;TEUTO
J02A AGENTES ANTIMICOTICOS SISTEMICOS EXCLUINDO GRISEOF;CLOR DE TERBINAFINA TEU;TEUTO
J01A TETRACICLINAS E ASSOCIACOES;CLOR DE TETRACICLINA TEU;TEUTO
N02A ANALGESICOS NARCOTICOS;CLOR DE TRAMADOL TEU;TEUTO
N06A A DEPRESSIVOS E REGUL DE HUMOR;CLOR DE VENLAFAXINA TEU;TEUTO
D01A ANTIMICOTICOS DERMATOLOGICOS;CLOTREN TEU;TEUTO
D01A ANTIMICOTICOS DERMATOLOGICOS;CLOTRIMAZOL TEU;TEUTO
S01G PREPARADOS PARA O TRATAMENTO DE CONJUNTIVITES NAO;COLIRIO TEUTO TEU;TEUTO
G01A TRICOMONICIDAS;COLPATRIN TEU;TEUTO
C08A ANTAGONISTAS DO CALCIO PUROS;CORDIL TEU;TEUTO
C09C ANTAGONISTAS DE LA ANGIOTENSINA II PUROS;CORDIL TEU;TEUTO
R06A ANTIHISTAMINICOS SISTEMICOS;DESLORATADINA TEU;TEUTO
H02A CORTICOSTEROIDES PUROS;DEXADOZE TEU;TEUTO
D07A CORTICOIDES TOPICOS PUROS;DEXAMETASONA TEU;TEUTO
H02A CORTICOSTEROIDES PUROS;DEXAMETASONA TEU;TEUTO
D07A CORTICOIDES TOPICOS PUROS;DEXASON TEU;TEUTO
H02A CORTICOSTEROIDES PUROS;DEXASON TEU;TEUTO
M01A ANTI REUMATICOS SEM ESTEROIDES;DEXASON TEU;TEUTO
S01C COMBINACOES DE ANTI INFLAMATORIOS OFTALMICOS E ANT;DEXAVISON TEU;TEUTO
H02B ASSOCIACOES CORTICOSTEROIDES SISTEMICOS;DEXCLORFENIRAMINA BETAMETASONA TEU;TEUTO
D04A ANTIPRURIGINOSOS,INCLUSIVE ANTIHISTAMINICOS ANESTE;DEXCLORFENIRAMINA TEU;TEUTO
R06A ANTIHISTAMINICOS SISTEMICOS;DEXCLORFENIRAMINA TEU;TEUTO
M01A ANTI REUMATICOS SEM ESTEROIDES;DICLOFENACO POTASSICO TEU;TEUTO
M01A ANTI REUMATICOS SEM ESTEROIDES;DICLOFENACO SODICO TEU;TEUTO
M01A ANTI REUMATICOS SEM ESTEROIDES;DICLOFENACO TEU;TEUTO
M02A ANTIREUMATICOS TOPICOS COM ANALGESICOS;DICLOFENACO TEU;TEUTO
A03F GASTROPROCINETICOS;DIGESTIL TEU;TEUTO
C01A GLICOSIDEOS CARDIACOS E ASSOCIACOES;DIGOXINA TEU;TEUTO
A02A ANTIACIDOS ANTIFISETICOS;DIMEZIN TEU;TEUTO
D05A PRODUTOS ANTIPSORIASE TOPICOS;DIPBET ACSALI TEU;TEUTO
N02B NAO NARCOTICOS ANTIPIRETICOS;DIPIRONA TEU;TEUTO
N02B NAO NARCOTICOS ANTIPIRETICOS;DIPIRONA XAROPE TEU;TEUTO
D07B ASSOCIACOES DE CORTICOIDES;DIPR DE BETAMETASONA SUL DE GENTAMICINA TEU;TEUTO
D07A CORTICOIDES TOPICOS PUROS;DIPROSEN TEU;TEUTO
C03A DIURETICOS;DIURIX TEU;TEUTO
C09C ANTAGONISTAS DE LA ANGIOTENSINA II PUROS;DIURIX TEU;TEUTO
C09C ANTAGONISTAS DE LA ANGIOTENSINA II PUROS;ENALAPRIL;TEUTO
C09A INIBIDORES ACE PUROS;ENALAPRIL TEU;TEUTO
C09C ANTAGONISTAS DE LA ANGIOTENSINA II PUROS;ENALAPRIL TEU;TEUTO
A03A ANTIESPASMODICOS E ANTICOLINERGICOS PUROS;ESCOPOLAMINA TEU;TEUTO
G02X OTROS PRODUTOS GINECOLOGICOS;ESCOPOLAMINA TEU;TEUTO
C10A PREPARADOS PARA REGULACAO COLESTEROL E TRIGLICERID;EZETIMIBA TEU;TEUTO
D06D PRODUTOS PARA INFECOES VIRAIS;EZOPEN TEU;TEUTO
P01B ANTIHELMINTICOS EXCETO OS ESQUISTOSOMICIDAS;EZOPEN TEU;TEUTO
M01A ANTI REUMATICOS SEM ESTEROIDES;FENAFLAN TEU;TEUTO
M02A ANTIREUMATICOS TOPICOS COM ANALGESICOS;FENAFLAN TEU;TEUTO
N03A ANTICONVULSIVANTES;FENITOINA TEU;TEUTO
N03A ANTICONVULSIVANTES;FENOBARBITAL TEU;TEUTO
R06A ANTIHISTAMINICOS SISTEMICOS;FEXOFENADINA TEU;TEUTO
R06A ANTIHISTAMINICOS SISTEMICOS;FEXXOLYV TEU;TEUTO
G04C PRODUTOS PARA HIPERPLASIA PROSTATICA BENIGNA HPB;FINARID TEU;TEUTO
D11A OUTRAS PREPARACOES DERMATOLOGICAS INCL XAMPUS MED;FINASTERIDA TEU;TEUTO
G04C PRODUTOS PARA HIPERPLASIA PROSTATICA BENIGNA HPB;FINASTERIDA TEU;TEUTO
R05C EXPECTORANTES;FLEXTOSS TEU;TEUTO
A07F MICROORGANISMOS ANTIDIARREICOS;FLOBAC TEU;TEUTO
J02A AGENTES ANTIMICOTICOS SISTEMICOS EXCLUINDO GRISEOF;FLUCONAZOL TEU;TEUTO
R05C EXPECTORANTES;FLUITOSS TEU;TEUTO
L01X OUTROS ANTINEOPLASICOS;FLUMAZENIL TEU;TEUTO
M01A ANTI REUMATICOS SEM ESTEROIDES;FLUXIL TEU;TEUTO
C03A DIURETICOS;FUROSEMIDA;TEUTO
C03A DIURETICOS;FUROSEMIDA TEU;TEUTO
N02D PROD GABAPENTINOIDES;GABAPENTINA TEU;TEUTO
S01E MIOTICOS E PRAPARADOS ANTIGLAUCOMA;GLALFITAL TEU;TEUTO
A10H SULFONILOUREIA A DIABETICOS;GLIMEPIRIDA TEU;TEUTO
G01A TRICOMONICIDAS;HELMIZOL TEU;TEUTO
J01G FLUOROQUINOLONAS;HELMIZOL TEU;TEUTO
N05A ANTIPSICOTICOS;HEMIFUMARATO DE QUETIAPINA TEU;TEUTO
N05B HIPNOTICOS SEDATIVOS;HEMITARTARATO DE ZOLPIDEM TEU;TEUTO
C03A DIURETICOS;HIDROCLOROTIAZIDA TEU;TEUTO
D07A CORTICOIDES TOPICOS PUROS;HIDROCORTIZONA TEU;TEUTO
A03D ASSOCIACOES COM ANALGESICOS;HIOSPAN TEU;TEUTO
M01A ANTI REUMATICOS SEM ESTEROIDES;IBUPRIL TEU;TEUTO
N02B NAO NARCOTICOS ANTIPIRETICOS;IBUPRIL TEU;TEUTO
M01A ANTI REUMATICOS SEM ESTEROIDES;IBUPROFENO TEU;TEUTO
N02B NAO NARCOTICOS ANTIPIRETICOS;IBUPROFENO TEU;TEUTO
N03A ANTICONVULSIVANTES;LACOSAMIDA TEU;TEUTO
A09A DIGESTIVOS INCLUIDO ENZIMAS;LACTRAT TEU;TEUTO
N03A ANTICONVULSIVANTES;LAMOTRIGINA TEU;TEUTO
A02B ANTIULCEROSOS;LANSOPRAZOL CLARITROMICINA AMOXICILINA TEU;TEUTO
N07X TODAS OUTRAS DROGAS PARA SNC;LENAZEN TEU;TEUTO
H02B ASSOCIACOES CORTICOSTEROIDES SISTEMICOS;LESTALGYN TEU;TEUTO
D07A CORTICOIDES TOPICOS PUROS;LESTAMIL TEU;TEUTO
J01G FLUOROQUINOLONAS;LEVOFLOXACINO TEU;TEUTO
G03A CONTRACEPTIVOS HORMONAIS SISTEMICOS;LEVONORGESTREL TEU;TEUTO
J01D CEFALOSPORINAS;LEXIN TEU;TEUTO
C09A INIBIDORES ACE PUROS;LISINOPRIL TEU;TEUTO
A07H INIBIDORES DA MOTILIDADE;LOPERIN TEU;TEUTO
R06A ANTIHISTAMINICOS SISTEMICOS;LORADINE TEU;TEUTO
R06A ANTIHISTAMINICOS SISTEMICOS;LORATADINA TEU;TEUTO
R06A ANTIHISTAMINICOS SISTEMICOS;LORATADINA XAROPE TEU;TEUTO
N05C TRANQUILIZANTES;LORAZEPAN TEU;TEUTO
C09D ANTAGONISTAS DE LA ANGIOTENSINA II COMBINADOS;LOSARTANA HIDROCLOROTIAZIDA TEU;TEUTO
C09C ANTAGONISTAS DE LA ANGIOTENSINA II PUROS;LOSARTANA TEU;TEUTO
J02A AGENTES ANTIMICOTICOS SISTEMICOS EXCLUINDO GRISEOF;LOZAN TEU;TEUTO
P01B ANTIHELMINTICOS EXCETO OS ESQUISTOSOMICIDAS;MEBENDAZOL TEU;TEUTO
M01A ANTI REUMATICOS SEM ESTEROIDES;MELOXICAM TEU;TEUTO
M02A ANTIREUMATICOS TOPICOS COM ANALGESICOS;MEN FENAFLAN TEU;TEUTO
C02A ANTIHIPERTENSIVOS NAO HERBACEOS PUROS;MESILATO DE DOXAZOSINA TEU;TEUTO
A03F GASTROPROCINETICOS;METOCLOPRAMIDA TEU;TEUTO
G01A TRICOMONICIDAS;METRONIDAZOL TEU;TEUTO
D01A ANTIMICOTICOS DERMATOLOGICOS;MICONAZOL TEU;TEUTO
D01A ANTIMICOTICOS DERMATOLOGICOS;MICOSIL TEU;TEUTO
G01B ANTIMICOTICOS GINECOLOGICOS;MICOZEN TEU;TEUTO
N06A A DEPRESSIVOS E REGUL DE HUMOR;MIRTAZAPINA TEU;TEUTO
R03J ANTI ASMATICOS ANTAGONISTAS DE LEUCOTRIENE;MONTELUCASTE TEU;TEUTO
R05C EXPECTORANTES;MUCOXOLAN TEU;TEUTO
M01A ANTI REUMATICOS SEM ESTEROIDES;NAPROX TEU;TEUTO
M01A ANTI REUMATICOS SEM ESTEROIDES;NAPROXENO TEU;TEUTO
M01A ANTI REUMATICOS SEM ESTEROIDES;NIMESULIDA TEU;TEUTO
M01A ANTI REUMATICOS SEM ESTEROIDES;NIMESULIX TEU;TEUTO
A01B ANTIFUNGICOS ORAIS TOPICOS;NISTATINA TEU;TEUTO
G01B ANTIMICOTICOS GINECOLOGICOS;NISTATINA TEU;TEUTO
G01B ANTIMICOTICOS GINECOLOGICOS;NITRATO DE MICONAZOL TEU;TEUTO
G04A ANTISSEPTICOS E ANTINFECCIOSOS URINARIOS;NITROFEN TEU;TEUTO
G04A ANTISSEPTICOS E ANTINFECCIOSOS URINARIOS;NITROFURANTOINA TEU;TEUTO
R05A ANTIGRIPAIS EXCLUINDO ANTINFECCIOSOS;NOGRIPE TEU;TEUTO
J01G FLUOROQUINOLONAS;NORFLOXACINO TEU;TEUTO
N06A A DEPRESSIVOS E REGUL DE HUMOR;NORTRY TEU;TEUTO
D11A OUTRAS PREPARACOES DERMATOLOGICAS INCL XAMPUS MED;OLEO TEU;TEUTO
C09C ANTAGONISTAS DE LA ANGIOTENSINA II PUROS;OLMESARTANA MEDOXOMILA TEU;TEUTO
A02B ANTIULCEROSOS;OMEPRAZOL TEU;TEUTO
M05B REGULADORES DO CALCIO OSSEO;OSTRAZIL TEU;TEUTO
N06A A DEPRESSIVOS E REGUL DE HUMOR;OXALATO DE ESCITALOPRAM TEU;TEUTO
A02B ANTIULCEROSOS;PANTOPRAZOL TEU;TEUTO
N02B NAO NARCOTICOS ANTIPIRETICOS;PARACETAMOL TEU;TEUTO
A10K GLITAZONA A DIABETICOS;PIOGLITAZONA TEU;TEUTO
A03F GASTROPROCINETICOS;PLAGEX TEU;TEUTO
R05C EXPECTORANTES;PNEUMUCIL TEU;TEUTO
R06A ANTIHISTAMINICOS SISTEMICOS;POLARYN TEU;TEUTO
N02D PROD GABAPENTINOIDES;PREGABALINA TEU;TEUTO
R06A ANTIHISTAMINICOS SISTEMICOS;PROFERGAN TEU;TEUTO
R06A ANTIHISTAMINICOS SISTEMICOS;PROMETAZINA TEU;TEUTO
C09C ANTAGONISTAS DE LA ANGIOTENSINA II PUROS;PROPANOLOL TEU;TEUTO
D07A CORTICOIDES TOPICOS PUROS;PROPIONATO DE CLOBETASOL TEU;TEUTO
N01A ANESTESICOS GERAIS;PROPOFOL;TEUTO
C02A ANTIHIPERTENSIVOS NAO HERBACEOS PUROS;PROSTAFLUX TEU;TEUTO
A02B ANTIULCEROSOS;PYLORITRAT TEU;TEUTO
N05A ANTIPSICOTICOS;QUETIAPINA TEU;TEUTO
N05A ANTIPSICOTICOS;RISPERIDONA TEU;TEUTO
C10A PREPARADOS PARA REGULACAO COLESTEROL E TRIGLICERID;ROSUVASTATINA TEU;TEUTO
R03A AGONISTAS BETA 2;SALBUTAMOL TEU;TEUTO
G01A TRICOMONICIDAS;SECNIDAZOL TEU;TEUTO
M01A ANTI REUMATICOS SEM ESTEROIDES;SEDALEX TEU;TEUTO
M03B RELAXANTES MUSCULARES ACAO CENTRAL;SEDALEX TEU;TEUTO
N02B NAO NARCOTICOS ANTIPIRETICOS;SEDALEX TEU;TEUTO
M01A ANTI REUMATICOS SEM ESTEROIDES;SEDALGINA TEU;TEUTO
N02A ANALGESICOS NARCOTICOS;SEDALGINA TEU;TEUTO
M03B RELAXANTES MUSCULARES ACAO CENTRAL;SEDILAX;TEUTO
M01A ANTI REUMATICOS SEM ESTEROIDES;SEDILAX TEU;TEUTO
N06A A DEPRESSIVOS E REGUL DE HUMOR;SERTRALINA TEU;TEUTO
G04E PRODUTOS PARA DISFUNCAO ERETIL;SILDENAFILA TEU;TEUTO
A02A ANTIACIDOS ANTIFISETICOS;SIMETICONA TEU;TEUTO
R01A PREPARACOES NASAIS TOPICAS;SOROLIV TEU;TEUTO
N06A A DEPRESSIVOS E REGUL DE HUMOR;SUCCINATO DE DESVENLAFAXINA TEU;TEUTO
G04D PRODUTOS PARA INCONTINENCIA URINARIA;SUCCINATO DE SOLIFENACINA;TEUTO
J01K AMINOGLICOSIDEOS;SUL DE AMICACINA TEU;TEUTO
D06A ANTIBACTERIANOS TOPICOS;SUL DE NEOMICINA BACITRACINA TEU;TEUTO
J01E ASSOCIACOES DE TRIMETOPRIM E SIMILARES;SULFAMETOXAZOL TEU;TEUTO
J01E ASSOCIACOES DE TRIMETOPRIM E SIMILARES;SULFAMETOXAZOL TRIMETOPRIMA TEU;TEUTO
A06A DROGAS PARA A CONSTIPACAO;SUPOS GLICERINA TEU;TEUTO
C07A AGENTES BETA BLOQUEADORES PUROS;TARBET TEU;TEUTO
S01E MIOTICOS E PRAPARADOS ANTIGLAUCOMA;TARTARATO DE BRIMONIDINA COLIRIO TEU;TEUTO
A02A ANTIACIDOS ANTIFISETICOS;TENOFTAL TEU;TEUTO
S01E MIOTICOS E PRAPARADOS ANTIGLAUCOMA;TENOFTAL TEU;TEUTO
J01A TETRACICLINAS E ASSOCIACOES;TETRACLIN TEU;TEUTO
D02A EMOLIENTES E PROTETORES;TEUPANTOL TEU;TEUTO
D03A AGENTES CURATIVOS FERIDAS;TEUPANTOL TEU;TEUTO
A01B ANTIFUNGICOS ORAIS TOPICOS;TEUTO;TEUTO
A06A DROGAS PARA A CONSTIPACAO;TEUTO;TEUTO
C03A DIURETICOS;TEUTO;TEUTO
C08A ANTAGONISTAS DO CALCIO PUROS;TEUTO;TEUTO
C09B INIBIDORES ACE COMBINADOS;TEUTO;TEUTO
D04A ANTIPRURIGINOSOS,INCLUSIVE ANTIHISTAMINICOS ANESTE;TEUTO;TEUTO
G01B ANTIMICOTICOS GINECOLOGICOS;TEUTO;TEUTO
J01C PENICILINAS DE AMPLO ESPECTRO;TEUTO;TEUTO
J01D CEFALOSPORINAS;TEUTO;TEUTO
J01G FLUOROQUINOLONAS;TEUTO;TEUTO
J05B OUTROS ANTIVIRAIS;TEUTO;TEUTO
M01A ANTI REUMATICOS SEM ESTEROIDES;TEUTO;TEUTO
N02B NAO NARCOTICOS ANTIPIRETICOS;TEUTO;TEUTO
N03A ANTICONVULSIVANTES;TEUTO;TEUTO
N04A ANTIPARKINSONIANOS;TEUTO;TEUTO
A02B ANTIULCEROSOS;TEUTOZOL TEU;TEUTO
B01C INIBIDORES DA AGREGACAO PLAQUETARIA;TICLOPIDINA TEU;TEUTO
S01E MIOTICOS E PRAPARADOS ANTIGLAUCOMA;TIMOLOL COLIRIO TEU;TEUTO
G01A TRICOMONICIDAS;TINIDAZOL NITRATO DE MICONAZOL TEU;TEUTO
G01A TRICOMONICIDAS;TINIDAZOL TEU;TEUTO
S01E MIOTICOS E PRAPARADOS ANTIGLAUCOMA;TRAVOPROSTA COLIRIO TEU;TEUTO
J01D CEFALOSPORINAS;TRIAXON TEU;TEUTO
N02B NAO NARCOTICOS ANTIPIRETICOS;TYLIDOL TEU;TEUTO
N03A ANTICONVULSIVANTES;VALPROATO DE SODIO;TEUTO
C09C ANTAGONISTAS DE LA ANGIOTENSINA II PUROS;VALSARTANA TEU;TEUTO
B01A ANTICOAGULANTES NAO INJETAVEIS;VARFARINA TEU;TEUTO
C05C TERAPIA VARICOSA SISTEMICA;VENAFLON TEU;TEUTO
N06A A DEPRESSIVOS E REGUL DE HUMOR;VENLAFAXINA TEU;TEUTO
C08A ANTAGONISTAS DO CALCIO PUROS;VERAPAMIL TEU;TEUTO
A05B PRODUTOS PARA DOENCAS DO FIGADO HEPATOPROTETORES;VITCLER TEU;TEUTO
N06A A DEPRESSIVOS E REGUL DE HUMOR;AGOMELATINA TEV;TEVA
N02C CONTRA ENXAQUECA;AJOVY TEV;TEVA
N07X TODAS OUTRAS DROGAS PARA SNC;AUSTEDO TEV;TEVA
N04A ANTIPARKINSONIANOS;AZILECT TEV;TEVA
N06B PSICOESTIMULANTES;CLOR DE METILFENIDATO TEV;TEVA
N07A PRODUTOS PARA A ESCLEROSE MULTIPLA;COPAXONE TEV;TEVA
L01H ANTINEOPLASICOS INIBIDORES DA PROTEINA QUINASE;DASATINIBE TEV;TEVA
N06B PSICOESTIMULANTES;DIMESILATO DE LISDEXANFETAMINA TEV;TEVA
N06A A DEPRESSIVOS E REGUL DE HUMOR;ELENCOS TEV;TEVA
N06B PSICOESTIMULANTES;MONITUM TEV;TEVA
N06B PSICOESTIMULANTES;NUVIGIL TEV;TEVA
A12C OUTROS SUPLEMENTOS MINERAIS;RAGIONE;TEVA
N06B PSICOESTIMULANTES;RAGIONE TEV;TEVA
N04A ANTIPARKINSONIANOS;RASAGILINA TEV;TEVA
D11A OUTRAS PREPARACOES DERMATOLOGICAS INCL XAMPUS MED;VAGIDRAT TEV;TEVA
G02X OTROS PRODUTOS GINECOLOGICOS;VAGIDRAT TEV;TEVA
A11C VITAMINA A D INCLUINDO ASSOCIACOES DAS DUAS;SOBRAL;THEODORO F SOBRAL E CIA
A03A ANTIESPASMODICOS E ANTICOLINERGICOS PUROS;SOBRAL SOB;THEODORO F SOBRAL E CIA
A12C OUTROS SUPLEMENTOS MINERAIS;SOBRAL SOB;THEODORO F SOBRAL E CIA
G02F HORMONIOS SEXUAIS TOPICOS;COLPOTROFINE TRM;THERAMEX
G03A CONTRACEPTIVOS HORMONAIS SISTEMICOS;COLPOTROFINE TRM;THERAMEX
G03C ESTROGENOS E ASSOCIACOES EXCETO G03A G03E G03F;ESTREVA MER;THERAMEX
G03C ESTROGENOS E ASSOCIACOES EXCETO G03A G03E G03F;ESTREVA TRM;THERAMEX
G03D PROGESTOGENOS E ASSOCIACOES EXCLUINDO G3A G3F;LUTENIL TRM;THERAMEX
R01B DESCONGESTIONANTES NASAIS SISTEMICOS;FLORAL THERAPI THR;THERAPI
R05A ANTIGRIPAIS EXCLUINDO ANTINFECCIOSOS;FLORAL THERAPI THR;THERAPI
A01A ESTOMATOLOGICOS;THERAPI;THERAPI
A11A POLIVITAMINICOS COM MINERAIS;THERAPI THR;THERAPI
A12A CALCIO;THERAPI THR;THERAPI
D11A OUTRAS PREPARACOES DERMATOLOGICAS INCL XAMPUS MED;ALOXIDIL THE;THERASKIN
A01A ESTOMATOLOGICOS;CAMOMILINA THE;THERASKIN
R06A ANTIHISTAMINICOS SISTEMICOS;HIXIZINE THE;THERASKIN
D01A ANTIMICOTICOS DERMATOLOGICOS;MICOLAMINA THE;THERASKIN
A11A POLIVITAMINICOS COM MINERAIS;NOURKRIN;THERASKIN
D07A CORTICOIDES TOPICOS PUROS;THERAPSOR THE;THERASKIN
M01A ANTI REUMATICOS SEM ESTEROIDES;THERAPSOR THE;THERASKIN
D01A ANTIMICOTICOS DERMATOLOGICOS;THERASKIN;THERASKIN
D11A OUTRAS PREPARACOES DERMATOLOGICAS INCL XAMPUS MED;VERRUX THE;THERASKIN
D07B ASSOCIACOES DE CORTICOIDES;VITACID THE;THERASKIN
D10A PREPARACOES ANTIACNE TOPICOS;VITACID THE;THERASKIN
B02B ANTAGONISTAS ANTIDOTOS PARA ANTICOAGULANTES;TIARAJU;TIARAJU
M02A ANTIREUMATICOS TOPICOS COM ANALGESICOS;TOFF;TOFF
N02A ANALGESICOS NARCOTICOS;TOFF;TOFF
A07F MICROORGANISMOS ANTIDIARREICOS;TOPWAY;TOPWAY NUTRITION
H04X OUTRAS HORMONIOS E PREPARACAO COM ACOES SIMILARES;TOPWAY;TOPWAY NUTRITION
B01F INIBIDOR DIRETO DO FATOR XA;ACOG TOR;TORRENT
N06A A DEPRESSIVOS E REGUL DE HUMOR;ALCYTAM TOR;TORRENT
A10H SULFONILOUREIA A DIABETICOS;AZUKON MR TOR;TORRENT
C07A AGENTES BETA BLOQUEADORES PUROS;CARVEDILOL TOR;TORRENT
N06A A DEPRESSIVOS E REGUL DE HUMOR;CITALOPRAM TOR;TORRENT
N07D PRODUTOS ANTI ALZHEIMER;CLOR DE DORZOLAMIDA TOR;TORRENT
C07A AGENTES BETA BLOQUEADORES PUROS;CLOR DE NEBIVOLOL TOR;TORRENT
N06A A DEPRESSIVOS E REGUL DE HUMOR;CLOR DE SERTRALINA;TORRENT
N06A A DEPRESSIVOS E REGUL DE HUMOR;CLOR DE SERTRALINA TOR;TORRENT
A08A - PREPARADOS ANOREXICOS EXETO OS DIETETICOS;CLOR DE SIBUTRAMINA TOR;TORRENT
N06A A DEPRESSIVOS E REGUL DE HUMOR;CLOR DE TRAZODONA TOR;TORRENT
N06A A DEPRESSIVOS E REGUL DE HUMOR;CLOR DE VENLAFAXINA TOR;TORRENT
N06A A DEPRESSIVOS E REGUL DE HUMOR;DESDUO TOR;TORRENT
N07D PRODUTOS ANTI ALZHEIMER;EPEZ TOR;TORRENT
N06A A DEPRESSIVOS E REGUL DE HUMOR;ESPRAN TOR;TORRENT
C10A PREPARADOS PARA REGULACAO COLESTEROL E TRIGLICERID;FENOFIBRATO TOR;TORRENT
A10H SULFONILOUREIA A DIABETICOS;GLICAZIDA TOR;TORRENT
A10H SULFONILOUREIA A DIABETICOS;GLICLAZIDA TOR;TORRENT
C07A AGENTES BETA BLOQUEADORES PUROS;HEMIFUMARATO DE BISOPROLOL TOR;TORRENT
N05B HIPNOTICOS SEDATIVOS;HEMITARTARATO DE ZOLPIDEM TOR;TORRENT
C07A AGENTES BETA BLOQUEADORES PUROS;ICCOR TOR;TORRENT
C03A DIURETICOS;INDAPAMIDA TOR;TORRENT
C03A DIURETICOS;INDAPEN TOR;TORRENT
C01D TERAPIA CORONARIA EXCLUINDO ANTAGONISTAS DO CALCIO;IVAHART TOR;TORRENT
N03A ANTICONVULSIVANTES;LACOSAMIDA TOR;TORRENT
N03A ANTICONVULSIVANTES;LAMITOR CD TOR;TORRENT
N03A ANTICONVULSIVANTES;LAMITOR TOR;TORRENT
N03A ANTICONVULSIVANTES;LAMOTRIGINA TOR;TORRENT
N03A ANTICONVULSIVANTES;LEPS ER TOR;TORRENT
C09C ANTAGONISTAS DE LA ANGIOTENSINA II PUROS;LEVAMZ TOR;TORRENT
N03A ANTICONVULSIVANTES;LEVETIRACETAM TOR;TORRENT
N06B PSICOESTIMULANTES;LISVENX TOR;TORRENT
N06A A DEPRESSIVOS E REGUL DE HUMOR;LOREDON TOR;TORRENT
N06A A DEPRESSIVOS E REGUL DE HUMOR;LUBIP TOR;TORRENT
N07D PRODUTOS ANTI ALZHEIMER;MEALZ TOR;TORRENT
N06A A DEPRESSIVOS E REGUL DE HUMOR;MENELAT TOR;TORRENT
N06A A DEPRESSIVOS E REGUL DE HUMOR;MIRTAZAPINA TOR;TORRENT
C07A AGENTES BETA BLOQUEADORES PUROS;NEBLOCK TOR;TORRENT
N03A ANTICONVULSIVANTES;OLEPTAL TOR;TORRENT
C09C ANTAGONISTAS DE LA ANGIOTENSINA II PUROS;OLMECOR TOR;TORRENT
C09D ANTAGONISTAS DE LA ANGIOTENSINA II COMBINADOS;OLMECOR TOR;TORRENT
C09C ANTAGONISTAS DE LA ANGIOTENSINA II PUROS;OLMESARTANA MEDOXOMILA TOR;TORRENT
N03A ANTICONVULSIVANTES;OXCARBAZEPINA TOR;TORRENT
N02D PROD GABAPENTINOIDES;PREGABALINA TOR;TORRENT
B01X OUTROS AGENTES ANTITROMBOTICOS;RIVAROXABANA TOR;TORRENT
C10C REGUL DE LIPIDEOS EM COMB C OUT LIPIDOS REGUL;ROSUCOR EZE TOR;TORRENT
C10A PREPARADOS PARA REGULACAO COLESTEROL E TRIGLICERID;ROSUCOR TOR;TORRENT
C10A PREPARADOS PARA REGULACAO COLESTEROL E TRIGLICERID;ROSUVASTATINA CALCICA TOR;TORRENT
N03A ANTICONVULSIVANTES;SEIZLA TOR;TORRENT
N06A A DEPRESSIVOS E REGUL DE HUMOR;SERENATA TOR;TORRENT
A08A - PREPARADOS ANOREXICOS EXETO OS DIETETICOS;SLENFIG;TORRENT
N06A A DEPRESSIVOS E REGUL DE HUMOR;SUCCINATO DE DESVENLAFAXINA TOR;TORRENT
N06A A DEPRESSIVOS E REGUL DE HUMOR;TELMISARTANA TOR;TORRENT
B01C INIBIDORES DA AGREGACAO PLAQUETARIA;TIAG TOR;TORRENT
N05A ANTIPSICOTICOS;TOARIP TOR;TORRENT
C09C ANTAGONISTAS DE LA ANGIOTENSINA II PUROS;TORLOS TOR;TORRENT
B01X OUTROS AGENTES ANTITROMBOTICOS;TORRENT;TORRENT
C09D ANTAGONISTAS DE LA ANGIOTENSINA II COMBINADOS;TORRENT;TORRENT
N05A ANTIPSICOTICOS;TORRENT;TORRENT
N06A A DEPRESSIVOS E REGUL DE HUMOR;TORRENT;TORRENT
N03A ANTICONVULSIVANTES;TORVAL CR TOR;TORRENT
C09D ANTAGONISTAS DE LA ANGIOTENSINA II COMBINADOS;VALSARTANA HIDROCLOROTIAZIDA TOR;TORRENT
N03A ANTICONVULSIVANTES;VEEPI TOR;TORRENT
N06A A DEPRESSIVOS E REGUL DE HUMOR;VENLAFAXINA TOR;TORRENT
N06A A DEPRESSIVOS E REGUL DE HUMOR;VENLIFT OD TOR;TORRENT
N06A A DEPRESSIVOS E REGUL DE HUMOR;VENLIFT TOR;TORRENT
A10N INIBIDOR DPP IV;VILGLI TOR;TORRENT
R05C EXPECTORANTES;TOSHI;TOSHI
S01B CORTICOIDES;PRED TTQ;TOTAL QUIMICA
M05X OUTROS PRODUTOS SISTEMA MUSCULO ESQUELETICO;ARTRODAR TRB;TRB PHARMA
D03A AGENTES CURATIVOS FERIDAS;HYALUDERMIN TRB;TRB PHARMA
M05X OUTROS PRODUTOS SISTEMA MUSCULO ESQUELETICO;OSTEONIL TRB;TRB PHARMA
A06A DROGAS PARA A CONSTIPACAO;TROPICAL;TROPICAL CONDIMENTOS
A12C OUTROS SUPLEMENTOS MINERAIS;TRUE SOURCE;TRUE SOURCE
H04X OUTRAS HORMONIOS E PREPARACAO COM ACOES SIMILARES;TRUE SOURCE;TRUE SOURCE
A12C OUTROS SUPLEMENTOS MINERAIS;TRUECOLLAGEN TRU;TRUE SOURCE
R05C EXPECTORANTES;BROMELIMEL UBE;UBERPHARMA
C05C TERAPIA VARICOSA SISTEMICA;OLEUM;UBERPHARMA
B02D COAGULACAO DO SANGUE;8Y;UCB BIOPHARMA
M01A ANTI REUMATICOS SEM ESTEROIDES;CIMZIA UCB;UCB BIOPHARMA
G03G GONADOTROFINAS E OUTROS ESTIMULANTES DA OVULACAO;FOSTIMON-M UCB;UCB BIOPHARMA
N03A ANTICONVULSIVANTES;KEPPRA UCB;UCB BIOPHARMA
G03G GONADOTROFINAS E OUTROS ESTIMULANTES DA OVULACAO;MERIONAL HG UCB;UCB BIOPHARMA
N04A ANTIPARKINSONIANOS;NEUPRO UCB;UCB BIOPHARMA
N03A ANTICONVULSIVANTES;VIMPAT UCB;UCB BIOPHARMA
R06A ANTIHISTAMINICOS SISTEMICOS;ZYXEM UCB;UCB BIOPHARMA
A03F GASTROPROCINETICOS;BROMOPAN UCI;UCI FARMA
P01B ANTIHELMINTICOS EXCETO OS ESQUISTOSOMICIDAS;IVERMEC UCI;UCI FARMA
A03F GASTROPROCINETICOS;PERIDONA UCI;UCI FARMA
C04A VASOTERAPIA CEREBRAL E PERIFERICA;RITAPEELS ULT;ULTRAFARMA
R05A ANTIGRIPAIS EXCLUINDO ANTINFECCIOSOS;SAEDRA ULT;ULTRAFARMA
A12A CALCIO;SIDNEY OLIVEIRA;ULTRAFARMA
A12C OUTROS SUPLEMENTOS MINERAIS;SIDNEY OLIVEIRA;ULTRAFARMA
R02A PREPARACOES PARA GARGANTA;SIDNEY OLIVEIRA;ULTRAFARMA
R05B ANTIGRIPAIS C ANTIINFECCIOSOS;SIDNEY OLIVEIRA;ULTRAFARMA
R05F OUTROS ANTITUSSIGENOS E ANTIGRIPAIS;SIDNEY OLIVEIRA;ULTRAFARMA
A02A ANTIACIDOS ANTIFISETICOS;SIDNEY OLIVEIRA ULT;ULTRAFARMA
A06A DROGAS PARA A CONSTIPACAO;SIDNEY OLIVEIRA ULT;ULTRAFARMA
A07F MICROORGANISMOS ANTIDIARREICOS;SIDNEY OLIVEIRA ULT;ULTRAFARMA
A11A POLIVITAMINICOS COM MINERAIS;SIDNEY OLIVEIRA ULT;ULTRAFARMA
M02A ANTIREUMATICOS TOPICOS COM ANALGESICOS;SIDNEY OLIVEIRA ULT;ULTRAFARMA
R02A PREPARACOES PARA GARGANTA;SIDNEY OLIVEIRA ULT;ULTRAFARMA
R04A UNGUENTOS PERCUTANEOS E OUTROS INALANTES;SIDNEY OLIVEIRA ULT;ULTRAFARMA
M02A ANTIREUMATICOS TOPICOS COM ANALGESICOS;VARILESS;ULTRAFARMA
D11A OUTRAS PREPARACOES DERMATOLOGICAS INCL XAMPUS MED;A CURITYBINA;UNIAO QUIMICA
D07A CORTICOIDES TOPICOS PUROS;ACETATO DE HIDROCORTISONA UNI;UNIAO QUIMICA
R05C EXPECTORANTES;ACETILCISTEINA UNI;UNIAO QUIMICA
J05B OUTROS ANTIVIRAIS;ACICLOVIR UNI;UNIAO QUIMICA
N03A ANTICONVULSIVANTES;ACIDO VALPROICO UNI;UNIAO QUIMICA
D11A OUTRAS PREPARACOES DERMATOLOGICAS INCL XAMPUS MED;ACURITYBINA UNI;UNIAO QUIMICA
M05B REGULADORES DO CALCIO OSSEO;ALENDRONATO DE SODIO UNI;UNIAO QUIMICA
J01C PENICILINAS DE AMPLO ESPECTRO;AMCLAVU UNI;UNIAO QUIMICA
J01C PENICILINAS DE AMPLO ESPECTRO;AMOXICILINA CLAVULANATO UNI;UNIAO QUIMICA
J01C PENICILINAS DE AMPLO ESPECTRO;AMOXICILINA UNI;UNIAO QUIMICA
J01C PENICILINAS DE AMPLO ESPECTRO;AMPICILINA UNI;UNIAO QUIMICA
D01A ANTIMICOTICOS DERMATOLOGICOS;ANDRIODERMOL UNI;UNIAO QUIMICA
D11A OUTRAS PREPARACOES DERMATOLOGICAS INCL XAMPUS MED;ANDRIODERMOL UNI;UNIAO QUIMICA
M01A ANTI REUMATICOS SEM ESTEROIDES;ARTRINID UNI;UNIAO QUIMICA
J01F MACROLIDEOS E SIMILARES;AZIRAM UNI;UNIAO QUIMICA
A07G REPOSITORES ELECTROLITICOS ORAIS;BABYDRAX UNI;UNIAO QUIMICA
M03B RELAXANTES MUSCULARES ACAO CENTRAL;BACLOFENO UNI;UNIAO QUIMICA
M03B RELAXANTES MUSCULARES ACAO CENTRAL;BACLON UNI;UNIAO QUIMICA
H02A CORTICOSTEROIDES PUROS;BETALONG UNI;UNIAO QUIMICA
D07B ASSOCIACOES DE CORTICOIDES;BETAMETASONA GETAMICINA TOLNAFTATO CLIOQUINOL UNI;UNIAO QUIMICA
H02A CORTICOSTEROIDES PUROS;BETAMETASONA UNI;UNIAO QUIMICA
D07A CORTICOIDES TOPICOS PUROS;BETAPROSAN UNI;UNIAO QUIMICA
H02A CORTICOSTEROIDES PUROS;BETAPROSAN UNI;UNIAO QUIMICA
H02A CORTICOSTEROIDES PUROS;BETAPROSPAN UNI;UNIAO QUIMICA
A06A DROGAS PARA A CONSTIPACAO;BIO 5;UNIAO QUIMICA
A12C OUTROS SUPLEMENTOS MINERAIS;BIOFLEXIS UNI;UNIAO QUIMICA
R05A ANTIGRIPAIS EXCLUINDO ANTINFECCIOSOS;BIOGRIPE UNI;UNIAO QUIMICA
A06A DROGAS PARA A CONSTIPACAO;BISALAX UNI;UNIAO QUIMICA
S01X OUTROS OFTALMOLOGICOS;BLEPHAGEL UNI;UNIAO QUIMICA
S01E MIOTICOS E PRAPARADOS ANTIGLAUCOMA;BRITENS UNI;UNIAO QUIMICA
S01L PREPARADOS PARA USO COM LENTES DE CONTATO;BRITENS UNI;UNIAO QUIMICA
N05C TRANQUILIZANTES;BROMAZEPAM UNI;UNIAO QUIMICA
R03K ANTICOLINERGICOS SIMPLES;BROMETO DE IPRATROPIO UNI;UNIAO QUIMICA
A03F GASTROPROCINETICOS;BROMOPRIDA UNI;UNIAO QUIMICA
N06A A DEPRESSIVOS E REGUL DE HUMOR;BUPROPIONA GER;UNIAO QUIMICA
N06A A DEPRESSIVOS E REGUL DE HUMOR;BUPROPIONA UNI;UNIAO QUIMICA
A03D ASSOCIACOES COM ANALGESICOS;BUSCOVERAN UNI;UNIAO QUIMICA
N03A ANTICONVULSIVANTES;CARBAMAZEPINA UNI;UNIAO QUIMICA
A07B ADSORBENTES INTESTINALES ANTIDIARREICOS;CARVEROL UNI;UNIAO QUIMICA
J01D CEFALOSPORINAS;CEF UNI;UNIAO QUIMICA
J01D CEFALOSPORINAS;CEFALEXINA UNI;UNIAO QUIMICA
H02B ASSOCIACOES CORTICOSTEROIDES SISTEMICOS;CELESTRAT UNI;UNIAO QUIMICA
M01A ANTI REUMATICOS SEM ESTEROIDES;CETOPROFENO UNI;UNIAO QUIMICA
M01A ANTI REUMATICOS SEM ESTEROIDES;CETROLAC UNI;UNIAO QUIMICA
N02B NAO NARCOTICOS ANTIPIRETICOS;CETROLAC UNI;UNIAO QUIMICA
S01R ANTIINFLAMATORIOS OFTALMOLOGICOS NAO ESTEROIDES;CETROLAC UNI;UNIAO QUIMICA
G03A CONTRACEPTIVOS HORMONAIS SISTEMICOS;CICLO 21 UNI;UNIAO QUIMICA
G03A CONTRACEPTIVOS HORMONAIS SISTEMICOS;CICLOVULAR UNI;UNIAO QUIMICA
G03F ASSOCIACOES DE ESTROGENOS E PROGESTOGENOS EXCETO G;CLIMENE UNI;UNIAO QUIMICA
N06A A DEPRESSIVOS E REGUL DE HUMOR;CLOR DE BUPROPIONA UNI;UNIAO QUIMICA
J01F MACROLIDEOS E SIMILARES;CLOR DE CLINDAMICINA UNI;UNIAO QUIMICA
N07D PRODUTOS ANTI ALZHEIMER;CLOR DE DORZOLAMIDA UNI;UNIAO QUIMICA
N06A A DEPRESSIVOS E REGUL DE HUMOR;CLOR DE DULOXETINA UNI;UNIAO QUIMICA
N06A A DEPRESSIVOS E REGUL DE HUMOR;CLOR DE FLUOXETINA UNI;UNIAO QUIMICA
A04A ANTIEMETICOS E ANTINAUSEOSOS;CLOR DE ONDANSETRONA UNI;UNIAO QUIMICA
N06A A DEPRESSIVOS E REGUL DE HUMOR;CLOR DE PAROXETINA UNI;UNIAO QUIMICA
N02A ANALGESICOS NARCOTICOS;CODEX UNI;UNIAO QUIMICA
A06A DROGAS PARA A CONSTIPACAO;COLACT UNI;UNIAO QUIMICA
R01A PREPARACOES NASAIS TOPICAS;CONIDRIN UNI;UNIAO QUIMICA
D07A CORTICOIDES TOPICOS PUROS;CORTIGEN UNI;UNIAO QUIMICA
D07A CORTICOIDES TOPICOS PUROS;CORTISONAL UNI;UNIAO QUIMICA
H02A CORTICOSTEROIDES PUROS;CORTISONAL UNI;UNIAO QUIMICA
S01G PREPARADOS PARA O TRATAMENTO DE CONJUNTIVITES NAO;CRISTALIN UNI;UNIAO QUIMICA
A06A DROGAS PARA A CONSTIPACAO;CRONOPLEX UNI;UNIAO QUIMICA
S01C COMBINACOES DE ANTI INFLAMATORIOS OFTALMICOS E ANT;CYLOCORT UNI;UNIAO QUIMICA
G03A CONTRACEPTIVOS HORMONAIS SISTEMICOS;DEMEDROX UNI;UNIAO QUIMICA
N07D PRODUTOS ANTI ALZHEIMER;DEPZEL UNI;UNIAO QUIMICA
C01A GLICOSIDEOS CARDIACOS E ASSOCIACOES;DESLANOL UNI;UNIAO QUIMICA
G03A CONTRACEPTIVOS HORMONAIS SISTEMICOS;DESOGESTREL UNI;UNIAO QUIMICA
S01K PRODUTOS PARA OLHO SECO;DEWS UNI;UNIAO QUIMICA
M01B ANTI REUMATICOS ASSOCIADOS COM CORTICOSTEROIDES;DEXACOBAL UNI;UNIAO QUIMICA
D07A CORTICOIDES TOPICOS PUROS;DEXAMETASONA UNI;UNIAO QUIMICA
M01B ANTI REUMATICOS ASSOCIADOS COM CORTICOSTEROIDES;DEXANEURIN UNI;UNIAO QUIMICA
S01E MIOTICOS E PRAPARADOS ANTIGLAUCOMA;DIAMOX UNI;UNIAO QUIMICA
N05C TRANQUILIZANTES;DIAZEPAM UNI;UNIAO QUIMICA
M01A ANTI REUMATICOS SEM ESTEROIDES;DICLOFENACO UNI;UNIAO QUIMICA
M02A ANTIREUMATICOS TOPICOS COM ANALGESICOS;DICLOFENACO UNI;UNIAO QUIMICA
A03F GASTROPROCINETICOS;DIGESTINA UNI;UNIAO QUIMICA
C02A ANTIHIPERTENSIVOS NAO HERBACEOS PUROS;DOXAPROST UNI;UNIAO QUIMICA
C09C ANTAGONISTAS DE LA ANGIOTENSINA II PUROS;DOXAPROST UNI;UNIAO QUIMICA
R05D ANTITUSSIGENOS;DROPROPIZINA UNI;UNIAO QUIMICA
S01E MIOTICOS E PRAPARADOS ANTIGLAUCOMA;DRUSOLOL UNI;UNIAO QUIMICA
R05D ANTITUSSIGENOS;ECOS UNI;UNIAO QUIMICA
A03A ANTIESPASMODICOS E ANTICOLINERGICOS PUROS;ESCOPOLAMINA UNI;UNIAO QUIMICA
G02X OTROS PRODUTOS GINECOLOGICOS;ESPASMODID UNI;UNIAO QUIMICA
A03D ASSOCIACOES COM ANALGESICOS;ESPASMOPAN COMPOSTO UNI;UNIAO QUIMICA
N06A A DEPRESSIVOS E REGUL DE HUMOR;EUDOK UNI;UNIAO QUIMICA
G03A CONTRACEPTIVOS HORMONAIS SISTEMICOS;FEMIANE BAY;UNIAO QUIMICA
G03A CONTRACEPTIVOS HORMONAIS SISTEMICOS;FEMIANE UNI;UNIAO QUIMICA
M01A ANTI REUMATICOS SEM ESTEROIDES;FENAREN UNI;UNIAO QUIMICA
M02A ANTIREUMATICOS TOPICOS COM ANALGESICOS;FENAREN UNI;UNIAO QUIMICA
N03A ANTICONVULSIVANTES;FENOBARBITAL UNI;UNIAO QUIMICA
D06A ANTIBACTERIANOS TOPICOS;FERID UNI;UNIAO QUIMICA
J01G FLUOROQUINOLONAS;FERID UNI;UNIAO QUIMICA
D11A OUTRAS PREPARACOES DERMATOLOGICAS INCL XAMPUS MED;FINASTERIDA UNI;UNIAO QUIMICA
A12C OUTROS SUPLEMENTOS MINERAIS;FLEX OK;UNIAO QUIMICA
A07F MICROORGANISMOS ANTIDIARREICOS;FLORASTOR UNI;UNIAO QUIMICA
R05C EXPECTORANTES;FLUCISTEIN UNI;UNIAO QUIMICA
P01B ANTIHELMINTICOS EXCETO OS ESQUISTOSOMICIDAS;FOLDAN UNI;UNIAO QUIMICA
A02A ANTIACIDOS ANTIFISETICOS;FOR GAS UNI;UNIAO QUIMICA
A07F MICROORGANISMOS ANTIDIARREICOS;FORASTOR UNI;UNIAO QUIMICA
A02A ANTIACIDOS ANTIFISETICOS;FORGAS UNI;UNIAO QUIMICA
J05B OUTROS ANTIVIRAIS;FOSF DE OSELTAMIVIR UNI;UNIAO QUIMICA
H02A CORTICOSTEROIDES PUROS;FOSF DIS DE BETAMET DIPR DE BETAMET UNI;UNIAO QUIMICA
A02A ANTIACIDOS ANTIFISETICOS;FRUTAXX UNI;UNIAO QUIMICA
M02A ANTIREUMATICOS TOPICOS COM ANALGESICOS;GELO BIO UNI;UNIAO QUIMICA
S01E MIOTICOS E PRAPARADOS ANTIGLAUCOMA;GLAUB UNI;UNIAO QUIMICA
S01E MIOTICOS E PRAPARADOS ANTIGLAUCOMA;GLAUCOTRAT UNI;UNIAO QUIMICA
D01A ANTIMICOTICOS DERMATOLOGICOS;HEBRIN UNI;UNIAO QUIMICA
R06A ANTIHISTAMINICOS SISTEMICOS;HISLOR UNI;UNIAO QUIMICA
R01B DESCONGESTIONANTES NASAIS SISTEMICOS;HISTADIN UNI;UNIAO QUIMICA
R06A ANTIHISTAMINICOS SISTEMICOS;HISTADIN UNI;UNIAO QUIMICA
S01K PRODUTOS PARA OLHO SECO;HYABAK UNI;UNIAO QUIMICA
R05D ANTITUSSIGENOS;HYTOS PLUS UNI;UNIAO QUIMICA
N02B NAO NARCOTICOS ANTIPIRETICOS;IBUPROFENO UNI;UNIAO QUIMICA
D10B PREPARACOES ANTIACNE ORAIS;ISON UNI;UNIAO QUIMICA
S01K PRODUTOS PARA OLHO SECO;LACRIFILM UNI;UNIAO QUIMICA
S01X OUTROS OFTALMOLOGICOS;LACRIFILM UNI;UNIAO QUIMICA
N06A A DEPRESSIVOS E REGUL DE HUMOR;LEDUO UNI;UNIAO QUIMICA
A07F MICROORGANISMOS ANTIDIARREICOS;LEIBA UNI;UNIAO QUIMICA
N01B ANESTESICOS LOCAIS EXCLUINDO DERMATOLOGICOS;LIDOCAINA UNI;UNIAO QUIMICA
R06A ANTIHISTAMINICOS SISTEMICOS;LORATADINA UNI;UNIAO QUIMICA
R06A ANTIHISTAMINICOS SISTEMICOS;LORATADINA XAROPE UNI;UNIAO QUIMICA
S01C COMBINACOES DE ANTI INFLAMATORIOS OFTALMICOS E ANT;MAXINOM UNI;UNIAO QUIMICA
H04X OUTRAS HORMONIOS E PREPARACAO COM ACOES SIMILARES;MELATONINA UNI;UNIAO QUIMICA
C02A ANTIHIPERTENSIVOS NAO HERBACEOS PUROS;MESILATO DE DOXAZOSINA UNI;UNIAO QUIMICA
G03A CONTRACEPTIVOS HORMONAIS SISTEMICOS;MICROVLAR UNI;UNIAO QUIMICA
D11A OUTRAS PREPARACOES DERMATOLOGICAS INCL XAMPUS MED;MINOXIDIL UNI;UNIAO QUIMICA
G03A CONTRACEPTIVOS HORMONAIS SISTEMICOS;MIRANOVA BAY;UNIAO QUIMICA
G03A CONTRACEPTIVOS HORMONAIS SISTEMICOS;MIRANOVA UNI;UNIAO QUIMICA
R05C EXPECTORANTES;MUCOFAN UNI;UNIAO QUIMICA
G03A CONTRACEPTIVOS HORMONAIS SISTEMICOS;MYLUS UNI;UNIAO QUIMICA
M01A ANTI REUMATICOS SEM ESTEROIDES;NAPROXENO UNI;UNIAO QUIMICA
R05A ANTIGRIPAIS EXCLUINDO ANTINFECCIOSOS;NAPROXENO UNI;UNIAO QUIMICA
R05A ANTIGRIPAIS EXCLUINDO ANTINFECCIOSOS;NASALIV UNI;UNIAO QUIMICA
A04A ANTIEMETICOS E ANTINAUSEOSOS;NAUSICALM B6 UNI;UNIAO QUIMICA
A04A ANTIEMETICOS E ANTINAUSEOSOS;NAUSICALM UNI;UNIAO QUIMICA
M01A ANTI REUMATICOS SEM ESTEROIDES;NAXOTEC UNI;UNIAO QUIMICA
A03D ASSOCIACOES COM ANALGESICOS;NEOCOPAN COMPOSTO UNI;UNIAO QUIMICA
A03D ASSOCIACOES COM ANALGESICOS;NEOCOPAN NEO;UNIAO QUIMICA
A03D ASSOCIACOES COM ANALGESICOS;NEOCOPAN UNI;UNIAO QUIMICA
A03E OUTRAS ASSOCIACOES;NEOCOPAN UNI;UNIAO QUIMICA
G03A CONTRACEPTIVOS HORMONAIS SISTEMICOS;NEOVLAR UNI;UNIAO QUIMICA
R05A ANTIGRIPAIS EXCLUINDO ANTINFECCIOSOS;NEXT GEN;UNIAO QUIMICA
M01A ANTI REUMATICOS SEM ESTEROIDES;NIMESULIDA UNI;UNIAO QUIMICA
J01G FLUOROQUINOLONAS;NORFLOXACINO UNI;UNIAO QUIMICA
S01G PREPARADOS PARA O TRATAMENTO DE CONJUNTIVITES NAO;OCTIFEN UNI;UNIAO QUIMICA
S01E MIOTICOS E PRAPARADOS ANTIGLAUCOMA;OCUPRESS UNI;UNIAO QUIMICA
A06A DROGAS PARA A CONSTIPACAO;OLEOMINERAL UNI;UNIAO QUIMICA
A02B ANTIULCEROSOS;OMEPRAZOL UNI;UNIAO QUIMICA
A04A ANTIEMETICOS E ANTINAUSEOSOS;ONDSET UNI;UNIAO QUIMICA
S01L PREPARADOS PARA USO COM LENTES DE CONTATO;OPTI UNI;UNIAO QUIMICA
N03A ANTICONVULSIVANTES;OXCARBAZEPINA UNI;UNIAO QUIMICA
G04C PRODUTOS PARA HIPERPLASIA PROSTATICA BENIGNA HPB;OXIBERRY UNI;UNIAO QUIMICA
M03B RELAXANTES MUSCULARES ACAO CENTRAL;PARACETAMOL CARISOPRODOL DICLOFENACO CAFEINA UNI;UNIAO QUIMICA
N02A ANALGESICOS NARCOTICOS;PARACETAMOL FOSF DE CODEINA UNI;UNIAO QUIMICA
N02B NAO NARCOTICOS ANTIPIRETICOS;PARACETAMOL UNI;UNIAO QUIMICA
N06A A DEPRESSIVOS E REGUL DE HUMOR;PAXTRAT UNI;UNIAO QUIMICA
R05A ANTIGRIPAIS EXCLUINDO ANTINFECCIOSOS;PERFENOL UNI;UNIAO QUIMICA
G03A CONTRACEPTIVOS HORMONAIS SISTEMICOS;PILEM UNI;UNIAO QUIMICA
D07B ASSOCIACOES DE CORTICOIDES;POLIDERMS UNI;UNIAO QUIMICA
R02A PREPARACOES PARA GARGANTA;PONDICILINA UNI;UNIAO QUIMICA
H02A CORTICOSTEROIDES PUROS;PREDNISOLONA UNI;UNIAO QUIMICA
H02A CORTICOSTEROIDES PUROS;PREDNISON UNI;UNIAO QUIMICA
H02A CORTICOSTEROIDES PUROS;PREDNISONA UNI;UNIAO QUIMICA
G03A CONTRACEPTIVOS HORMONAIS SISTEMICOS;PRIMOLUT NOR BAY;UNIAO QUIMICA
G03D PROGESTOGENOS E ASSOCIACOES EXCLUINDO G3A G3F;PRIMOLUT UNI;UNIAO QUIMICA
C05A ANTIHEMORROIDARIOS TOPICOS;PROCTFIS H UNI;UNIAO QUIMICA
M02A ANTIREUMATICOS TOPICOS COM ANALGESICOS;PROCTFIS H UNI;UNIAO QUIMICA
C05A ANTIHEMORROIDARIOS TOPICOS;PROCTFIS UNI;UNIAO QUIMICA
M02A ANTIREUMATICOS TOPICOS COM ANALGESICOS;PROCTS H UNI;UNIAO QUIMICA
R01A PREPARACOES NASAIS TOPICAS;RESPIR UNI;UNIAO QUIMICA
D11A OUTRAS PREPARACOES DERMATOLOGICAS INCL XAMPUS MED;REVIPEL UNI;UNIAO QUIMICA
N05A ANTIPSICOTICOS;RISPERIDONA UNI;UNIAO QUIMICA
B01F INIBIDOR DIRETO DO FATOR XA;RIVAROXABANA UNI;UNIAO QUIMICA
C10A PREPARADOS PARA REGULACAO COLESTEROL E TRIGLICERID;ROSUVASTATINA CALCICA UNI;UNIAO QUIMICA
M01A ANTI REUMATICOS SEM ESTEROIDES;SCALID UNI;UNIAO QUIMICA
N06A A DEPRESSIVOS E REGUL DE HUMOR;SETH UNI;UNIAO QUIMICA
D06A ANTIBACTERIANOS TOPICOS;SILGLOS UNI;UNIAO QUIMICA
D11A OUTRAS PREPARACOES DERMATOLOGICAS INCL XAMPUS MED;SILICOT UNI;UNIAO QUIMICA
A02A ANTIACIDOS ANTIFISETICOS;SIMETICONA UNI;UNIAO QUIMICA
D04A ANTIPRURIGINOSOS,INCLUSIVE ANTIHISTAMINICOS ANESTE;SOLARDRIL UNI;UNIAO QUIMICA
D07A CORTICOIDES TOPICOS PUROS;SOLU CORTEF UNI;UNIAO QUIMICA
G02F HORMONIOS SEXUAIS TOPICOS;STELE BIO;UNIAO QUIMICA
G02F HORMONIOS SEXUAIS TOPICOS;STELE UNI;UNIAO QUIMICA
G03A CONTRACEPTIVOS HORMONAIS SISTEMICOS;STELE UNI;UNIAO QUIMICA
S01B CORTICOIDES;STER UNI;UNIAO QUIMICA
M03A RELAXANTES MUSCULARES DE ACAO PERIFERICA;SUCCINIL COLIN UNI;UNIAO QUIMICA
D06A ANTIBACTERIANOS TOPICOS;SULFADIAZINA DE PRATA UNI;UNIAO QUIMICA
M03B RELAXANTES MUSCULARES ACAO CENTRAL;TANDRIFLAN UNI;UNIAO QUIMICA
M01A ANTI REUMATICOS SEM ESTEROIDES;TEFLAN UNI;UNIAO QUIMICA
M01A ANTI REUMATICOS SEM ESTEROIDES;TENOXICAM UNI;UNIAO QUIMICA
D10B PREPARACOES ANTIACNE ORAIS;TESS UNI;UNIAO QUIMICA
G03A CONTRACEPTIVOS HORMONAIS SISTEMICOS;TESS UNI;UNIAO QUIMICA
S01K PRODUTOS PARA OLHO SECO;THEALOZ UNI;UNIAO QUIMICA
S01K PRODUTOS PARA OLHO SECO;TOBRACORT;UNIAO QUIMICA
S01C COMBINACOES DE ANTI INFLAMATORIOS OFTALMICOS E ANT;TOBRACORT UNI;UNIAO QUIMICA
C05B TERAPIA VARICOSA TOPICA;TOPCOID UNI;UNIAO QUIMICA
N03A ANTICONVULSIVANTES;TOPIRAMATO UNI;UNIAO QUIMICA
G03A CONTRACEPTIVOS HORMONAIS SISTEMICOS;TRIQUILAR UNI;UNIAO QUIMICA
N02B NAO NARCOTICOS ANTIPIRETICOS;TROMETAMOL CETOROLACO UNI;UNIAO QUIMICA
N03A ANTICONVULSIVANTES;UNI CARBAMAZ UNI;UNIAO QUIMICA
A03A ANTIESPASMODICOS E ANTICOLINERGICOS PUROS;UNIAO QUIMICA;UNIAO QUIMICA
A05B PRODUTOS PARA DOENCAS DO FIGADO HEPATOPROTETORES;UNIAO QUIMICA;UNIAO QUIMICA
A07F MICROORGANISMOS ANTIDIARREICOS;UNIAO QUIMICA;UNIAO QUIMICA
A09A DIGESTIVOS INCLUIDO ENZIMAS;UNIAO QUIMICA;UNIAO QUIMICA
A10S AGONISTAS GLP 1;UNIAO QUIMICA;UNIAO QUIMICA
B01A ANTICOAGULANTES NAO INJETAVEIS;UNIAO QUIMICA;UNIAO QUIMICA
C07A AGENTES BETA BLOQUEADORES PUROS;UNIAO QUIMICA;UNIAO QUIMICA
D01A ANTIMICOTICOS DERMATOLOGICOS;UNIAO QUIMICA;UNIAO QUIMICA
G03A CONTRACEPTIVOS HORMONAIS SISTEMICOS;UNIAO QUIMICA;UNIAO QUIMICA
M01A ANTI REUMATICOS SEM ESTEROIDES;UNIAO QUIMICA;UNIAO QUIMICA
N02A ANALGESICOS NARCOTICOS;UNIAO QUIMICA;UNIAO QUIMICA
N02B NAO NARCOTICOS ANTIPIRETICOS;UNIAO QUIMICA;UNIAO QUIMICA
N03A ANTICONVULSIVANTES;UNIAO QUIMICA;UNIAO QUIMICA
N05C TRANQUILIZANTES;UNIAO QUIMICA;UNIAO QUIMICA
N06A A DEPRESSIVOS E REGUL DE HUMOR;UNIAO QUIMICA;UNIAO QUIMICA
P01B ANTIHELMINTICOS EXCETO OS ESQUISTOSOMICIDAS;UNIAO QUIMICA;UNIAO QUIMICA
R01A PREPARACOES NASAIS TOPICAS;UNIAO QUIMICA;UNIAO QUIMICA
R05A ANTIGRIPAIS EXCLUINDO ANTINFECCIOSOS;UNIAO QUIMICA;UNIAO QUIMICA
S01A ANTINFECCIOSOS;UNIAO QUIMICA;UNIAO QUIMICA
S01C COMBINACOES DE ANTI INFLAMATORIOS OFTALMICOS E ANT;UNIAO QUIMICA;UNIAO QUIMICA
S01K PRODUTOS PARA OLHO SECO;UNIAO QUIMICA;UNIAO QUIMICA
A02A ANTIACIDOS ANTIFISETICOS;UNIAOQUIMICA UNI;UNIAO QUIMICA
S01G PREPARADOS PARA O TRATAMENTO DE CONJUNTIVITES NAO;UNICLARIN UNI;UNIAO QUIMICA
D07A CORTICOIDES TOPICOS PUROS;UNIDEXA UNI;UNIAO QUIMICA
H02A CORTICOSTEROIDES PUROS;UNIDEXA UNI;UNIAO QUIMICA
J05B OUTROS ANTIVIRAIS;UNIFLU UNI;UNIAO QUIMICA
H02A CORTICOSTEROIDES PUROS;UNIMEDROL UNI;UNIAO QUIMICA
N07E PRODUTOS USADOS NA DEPENDENCIA DO ALCOOL;UNINALTREX UNI;UNIAO QUIMICA
A02B ANTIULCEROSOS;UNIPRAZOL UNI;UNIAO QUIMICA
A02A ANTIACIDOS ANTIFISETICOS;UNIPRAZOLC UNI;UNIAO QUIMICA
N05A ANTIPSICOTICOS;UNITIDAZIN UNI;UNIAO QUIMICA
B01A ANTICOAGULANTES NAO INJETAVEIS;VARFARINA UNI;UNIAO QUIMICA
C05C TERAPIA VARICOSA SISTEMICA;VARYLIFT UNI;UNIAO QUIMICA
C04A VASOTERAPIA CEREBRAL E PERIFERICA;VASCER UNI;UNIAO QUIMICA
C09B INIBIDORES ACE COMBINADOS;VASOPRIL UNI;UNIAO QUIMICA
N05A ANTIPSICOTICOS;VIVERDAL UNI;UNIAO QUIMICA
D01A ANTIMICOTICOS DERMATOLOGICOS;VODOL UNI;UNIAO QUIMICA
D11A OUTRAS PREPARACOES DERMATOLOGICAS INCL XAMPUS MED;VODOL UNI;UNIAO QUIMICA
N01A ANESTESICOS GERAIS;VOFLUR UNI;UNIAO QUIMICA
A04A ANTIEMETICOS E ANTINAUSEOSOS;VONSET UNI;UNIAO QUIMICA
A02A ANTIACIDOS ANTIFISETICOS;XANTINON UNI;UNIAO QUIMICA
A05B PRODUTOS PARA DOENCAS DO FIGADO HEPATOPROTETORES;XANTINON UNI;UNIAO QUIMICA
A07G REPOSITORES ELECTROLITICOS ORAIS;XANTINON UNI;UNIAO QUIMICA
S01K PRODUTOS PARA OLHO SECO;ZANTY UNI;UNIAO QUIMICA
A09A DIGESTIVOS INCLUIDO ENZIMAS;ZEROGLUT UNI;UNIAO QUIMICA
A09A DIGESTIVOS INCLUIDO ENZIMAS;ZEROLAC UNI;UNIAO QUIMICA
N05B HIPNOTICOS SEDATIVOS;ZOLPAZ UNI;UNIAO QUIMICA
N05B HIPNOTICOS SEDATIVOS;ZOLPIDEM UNI;UNIAO QUIMICA
A12C OUTROS SUPLEMENTOS MINERAIS;UNIAO VEGETAL;UNIAO VEGETAL
M01A ANTI REUMATICOS SEM ESTEROIDES;UNIAO VEGETAL;UNIAO VEGETAL
N05A ANTIPSICOTICOS;ARIPIPRAZOL UNC;UNICHEM
R06A ANTIHISTAMINICOS SISTEMICOS;CLOR DE FEXOFENADINA UNC;UNICHEM
N07D PRODUTOS ANTI ALZHEIMER;CLOR DE MEMANTINA UNC;UNICHEM
N07D PRODUTOS ANTI ALZHEIMER;DONEPEZILA UNC;UNICHEM
N03A ANTICONVULSIVANTES;LAMOTRIGINA UNC;UNICHEM
M01A ANTI REUMATICOS SEM ESTEROIDES;MELOXICAM UNC;UNICHEM
C10A PREPARADOS PARA REGULACAO COLESTEROL E TRIGLICERID;ROSUVASTATINA CALCICA;UNICHEM
C10A PREPARADOS PARA REGULACAO COLESTEROL E TRIGLICERID;ROSUVASTATINA CALCICA UNC;UNICHEM
G04E PRODUTOS PARA DISFUNCAO ERETIL;TADALAFILA UNC;UNICHEM
R05C EXPECTORANTES;ACETILCLEAR UNF;UNIFABRA
M02A ANTIREUMATICOS TOPICOS COM ANALGESICOS;BEM CARE;UNIFABRA
R01A PREPARACOES NASAIS TOPICAS;BEM CARE;UNIFABRA
A11G VITAMINA C INCLUSIVE ASSOCIADA A MINERAIS;BEMVITA;UNIFABRA
A02A ANTIACIDOS ANTIFISETICOS;GASTROCLEAN UNF;UNIFABRA
R04A UNGUENTOS PERCUTANEOS E OUTROS INALANTES;GELAVIT UNF;UNIFABRA
M02A ANTIREUMATICOS TOPICOS COM ANALGESICOS;GELOMAG UNF;UNIFABRA
A05B PRODUTOS PARA DOENCAS DO FIGADO HEPATOPROTETORES;HEPAFLUX UNF;UNIFABRA
A06A DROGAS PARA A CONSTIPACAO;LAXI VITA;UNIFABRA
A02A ANTIACIDOS ANTIFISETICOS;LUFREE UNF;UNIFABRA
R05B ANTIGRIPAIS C ANTIINFECCIOSOS;MELUNE;UNIFABRA
A12A CALCIO;POLITABS;UNIFABRA
A07G REPOSITORES ELECTROLITICOS ORAIS;QUALIVITA;UNIFABRA
M02A ANTIREUMATICOS TOPICOS COM ANALGESICOS;QUALIVITA;UNIFABRA
R05C EXPECTORANTES;QUALIVITA;UNIFABRA
R05C EXPECTORANTES;QUALIVITA A2F;UNIFABRA
A12A CALCIO;UNIFABRA;UNIFABRA
R02A PREPARACOES PARA GARGANTA;APISVIDA UFL;UNIFLORA NUTRACEUTICA
R02A PREPARACOES PARA GARGANTA;PROPOLIGHT;UNIFLORA NUTRACEUTICA
R02A PREPARACOES PARA GARGANTA;PROPOLIGHT UFL;UNIFLORA NUTRACEUTICA
R02A PREPARACOES PARA GARGANTA;UNIFLORA UFL;UNIFLORA NUTRACEUTICA
L04X OUTROS IMUNOSSUPRESORES;UNILAR;UNILAR
A07G REPOSITORES ELECTROLITICOS ORAIS;LIQUID IV;UNILEVER
A12A CALCIO;DOLOMITA ULF;UNILIFE
A12C OUTROS SUPLEMENTOS MINERAIS;UNILIFE;UNILIFE
R05C EXPECTORANTES;UNILIFE UNL;UNILIFE
R02A PREPARACOES PARA GARGANTA;UNIMEL;UNIMEL
D08A ANTISSEPTICOS E DESINFETANTES EXCL CURATIVOS MEDIC;IODO POVIDONA UNP;UNIPHAR
A02B ANTIULCEROSOS;PERMAGANATO DE POTASSIO;UNIPHAR
R02A PREPARACOES PARA GARGANTA;UNIPHAR;UNIPHAR
A06A DROGAS PARA A CONSTIPACAO;UNIPHAR UNP;UNIPHAR
A04A ANTIEMETICOS E ANTINAUSEOSOS;AKYNZEO UTM;UNITED MEDICAL
J02A AGENTES ANTIMICOTICOS SISTEMICOS EXCLUINDO GRISEOF;CRESEMBA UTM;UNITED MEDICAL
N07D PRODUTOS ANTI ALZHEIMER;EXELON UTM;UNITED MEDICAL
N03A ANTICONVULSIVANTES;FYCOMPA UTM;UNITED MEDICAL
N03A ANTICONVULSIVANTES;INOVELON UTM;UNITED MEDICAL
L01H ANTINEOPLASICOS INIBIDORES DA PROTEINA QUINASE;LENVIMA UTM;UNITED MEDICAL
N07D PRODUTOS ANTI ALZHEIMER;LENVIMA UTM;UNITED MEDICAL
L01B ANTIMETABOLITOS;VIDAZA UTM;UNITED MEDICAL
R05C EXPECTORANTES;AMBROXOL;UNITHER BRASIL
R02A PREPARACOES PARA GARGANTA;VALEDOMEL VLM;VALE DO MEL
A11F VITAMINAS B12 PURA;BEDOZIL;VALEANT FARMACEUTICA
D07A CORTICOIDES TOPICOS PUROS;CLOBESOL VLT;VALEANT FARMACEUTICA
N05A ANTIPSICOTICOS;MELLERIL VAL;VALEANT FARMACEUTICA
N05A ANTIPSICOTICOS;VALEANT VAL;VALEANT FARMACEUTICA
M02A ANTIREUMATICOS TOPICOS COM ANALGESICOS;FISIOBLU;VCA
R05C EXPECTORANTES;ACETILCISTEINA VEC;VECTOR NUTRI
A12A CALCIO;CALCIONUTRI VEC;VECTOR NUTRI
R05C EXPECTORANTES;FLUITRAT VEC;VECTOR NUTRI
A07F MICROORGANISMOS ANTIDIARREICOS;VECTOR NUTRI;VECTOR NUTRI
A10S AGONISTAS GLP 1;VEGETAL LABS;VEGETAL LABS
H04X OUTRAS HORMONIOS E PREPARACAO COM ACOES SIMILARES;VEGETAL LABS;VEGETAL LABS
N03A ANTICONVULSIVANTES;CANABIDIOL VDM;VERDEMED
A12C OUTROS SUPLEMENTOS MINERAIS;VHITA;VHITA DISTRIBUIDORA DE VITAMINAS LTDA
A06A DROGAS PARA A CONSTIPACAO;AGIOLAX VIA;VIATRIS
M01A ANTI REUMATICOS SEM ESTEROIDES;CELEBRA VIA;VIATRIS
C10A PREPARADOS PARA REGULACAO COLESTEROL E TRIGLICERID;CITALOR;VIATRIS
C10A PREPARADOS PARA REGULACAO COLESTEROL E TRIGLICERID;CITALOR VIA;VIATRIS
M01A ANTI REUMATICOS SEM ESTEROIDES;DICOXIBE PFI;VIATRIS
M01A ANTI REUMATICOS SEM ESTEROIDES;DICOXIBE VIA;VIATRIS
N06A A DEPRESSIVOS E REGUL DE HUMOR;EFEXOR VIA;VIATRIS
N05C TRANQUILIZANTES;FRONTAL VIA;VIATRIS
N05A ANTIPSICOTICOS;GEODON VIA;VIATRIS
M05X OUTROS PRODUTOS SISTEMA MUSCULO ESQUELETICO;GLUCOREUMIN VIA;VIATRIS
C03A DIURETICOS;INSPRA VIA;VIATRIS
C09C ANTAGONISTAS DE LA ANGIOTENSINA II PUROS;INSPRA VIA;VIATRIS
A05B PRODUTOS PARA DOENCAS DO FIGADO HEPATOPROTETORES;LEGALON MYL;VIATRIS
R05C EXPECTORANTES;LEGALON MYL;VIATRIS
A05B PRODUTOS PARA DOENCAS DO FIGADO HEPATOPROTETORES;LEGALON VIA;VIATRIS
N05A ANTIPSICOTICOS;LEPONEX MYL;VIATRIS
N05A ANTIPSICOTICOS;LEPONEX VIA;VIATRIS
C10A PREPARADOS PARA REGULACAO COLESTEROL E TRIGLICERID;LIPITOR PFI;VIATRIS
C10A PREPARADOS PARA REGULACAO COLESTEROL E TRIGLICERID;LIPITOR VIA;VIATRIS
N02D PROD GABAPENTINOIDES;LYRICA PFI;VIATRIS
N03A ANTICONVULSIVANTES;LYRICA PFI;VIATRIS
N03A ANTICONVULSIVANTES;LYRICA VIA;VIATRIS
C08A ANTAGONISTAS DO CALCIO PUROS;NORVASC PFI;VIATRIS
C08A ANTAGONISTAS DO CALCIO PUROS;NORVASC VIA;VIATRIS
A07X OUTROS PRODUTOS PARA DESORDENS INTESTINAIS;PLANTABEN TKD;VIATRIS
A06A DROGAS PARA A CONSTIPACAO;PLANTABEN VIA;VIATRIS
M01A ANTI REUMATICOS SEM ESTEROIDES;REPARIL TKD;VIATRIS
C05B TERAPIA VARICOSA TOPICA;REPARIL VIA;VIATRIS
G02A PRODUTOS UTEROTONICOS;SYNTOCINON VIA;VIATRIS
A10S AGONISTAS GLP 1;THIOCTACID MER;VIATRIS
A10X OUTRAS DROGAS PARA DIABETES;THIOCTACID VIA;VIATRIS
M01A ANTI REUMATICOS SEM ESTEROIDES;TILATIL;VIATRIS
M01A ANTI REUMATICOS SEM ESTEROIDES;TILATIL VIA;VIATRIS
G04E PRODUTOS PARA DISFUNCAO ERETIL;VIAGRA VIA;VIATRIS
S01E MIOTICOS E PRAPARADOS ANTIGLAUCOMA;XALACOM VIA;VIATRIS
S01E MIOTICOS E PRAPARADOS ANTIGLAUCOMA;XALATAN VIA;VIATRIS
B01F INIBIDOR DIRETO DO FATOR XA;XANEV VIA;VIATRIS
N02C CONTRA ENXAQUECA;ZEFORUS UPJ;VIATRIS
N02C CONTRA ENXAQUECA;ZEFORUS VIA;VIATRIS
N06A A DEPRESSIVOS E REGUL DE HUMOR;ZOLOFT PFI;VIATRIS
N06A A DEPRESSIVOS E REGUL DE HUMOR;ZOLOFT VIA;VIATRIS
R06A ANTIHISTAMINICOS SISTEMICOS;DESLORATADINA;VIDFARMA
C05B TERAPIA VARICOSA TOPICA;ARNICA;VIDORA
A02A ANTIACIDOS ANTIFISETICOS;FLACODIN VDO;VIDORA
A12A CALCIO;FORTHIBEN VDO;VIDORA
C04A VASOTERAPIA CEREBRAL E PERIFERICA;GINKGO VIDORA VDO;VIDORA
R01A PREPARACOES NASAIS TOPICAS;HYDRASTIS VID;VIDORA
A12A CALCIO;OSSOPLEN VDO;VIDORA
P03A ECTOPARASITICIDAS INCL ESCAB;PIOTRATY;VIDORA
D03A AGENTES CURATIVOS FERIDAS;VIDORA;VIDORA
R02A PREPARACOES PARA GARGANTA;VIDORA VDO;VIDORA
P01B ANTIHELMINTICOS EXCETO OS ESQUISTOSOMICIDAS;VILAVET;VILAVET
R05C EXPECTORANTES;ACETILCISTEINA VBL;VITA BLUE
R02A PREPARACOES PARA GARGANTA;ALIVIO NATURE VBL;VITA BLUE
R05C EXPECTORANTES;ALIVIO NATURE VBL;VITA BLUE
R05C EXPECTORANTES;BLUE VITA VBL;VITA BLUE
A12C OUTROS SUPLEMENTOS MINERAIS;VITA FLORA;VITA FLORA
A11C VITAMINA A D INCLUINDO ASSOCIACOES DAS DUAS;VITAMEDICAL;VITA MEDICAL
A12C OUTROS SUPLEMENTOS MINERAIS;FLEX;VITA PREMIUM
A12C OUTROS SUPLEMENTOS MINERAIS;AMINOVITA;VITAFOR
G04E PRODUTOS PARA DISFUNCAO ERETIL;DUOM VTF;VITAFOR
A09A DIGESTIVOS INCLUIDO ENZIMAS;ENZYFOR VTF;VITAFOR
A07F MICROORGANISMOS ANTIDIARREICOS;SIMFORT VTF;VITAFOR
A12A CALCIO;VITAFOR;VITAFOR
R05C EXPECTORANTES;GUACOVITA;VITALAB
M05X OUTROS PRODUTOS SISTEMA MUSCULO ESQUELETICO;REUMALIV;VITALAB
R05C EXPECTORANTES;VITALAB;VITALAB
J02A AGENTES ANTIMICOTICOS SISTEMICOS EXCLUINDO GRISEOF;CETOCONAZOL VTM;VITAMED
A02A ANTIACIDOS ANTIFISETICOS;ESTOMANOL VTM;VITAMED
A12A CALCIO;FIXA-CAL;VITAMED
M01A ANTI REUMATICOS SEM ESTEROIDES;RESODIC VTM;VITAMED
M01A ANTI REUMATICOS SEM ESTEROIDES;ACECLOFENACO VMD;VITAMEDIC
D07A CORTICOIDES TOPICOS PUROS;ACETATO DE DEXAMETASONA VTM;VITAMEDIC
D06D PRODUTOS PARA INFECOES VIRAIS;ACICLOVIR VMD;VITAMEDIC
R06A ANTIHISTAMINICOS SISTEMICOS;AFECSO VMD;VITAMEDIC
M01A ANTI REUMATICOS SEM ESTEROIDES;ALGY FLANDERIL VMD;VITAMEDIC
N02B NAO NARCOTICOS ANTIPIRETICOS;ALGY FLANDERIL VMD;VITAMEDIC
C07B ASSOCIACOES DE BETA BLOQUEADORES;ATENOLOL CLORTALIDONA VMD;VITAMEDIC
C07A AGENTES BETA BLOQUEADORES PUROS;ATENOLOL VMD;VITAMEDIC
C02A ANTIHIPERTENSIVOS NAO HERBACEOS PUROS;ATENOLOL VTM;VITAMEDIC
C08A ANTAGONISTAS DO CALCIO PUROS;BESILATO DE ANLODIPINO VMD;VITAMEDIC
C05C TERAPIA VARICOSA SISTEMICA;BIOVARIXON VMD;VITAMEDIC
A03F GASTROPROCINETICOS;BROMOPRIDA VMD;VITAMEDIC
M01A ANTI REUMATICOS SEM ESTEROIDES;BUTACID;VITAMEDIC
M01A ANTI REUMATICOS SEM ESTEROIDES;BUTACID VMD;VITAMEDIC
M03B RELAXANTES MUSCULARES ACAO CENTRAL;CLOR DE CICLOBENZAPRINA VMD;VITAMEDIC
R06A ANTIHISTAMINICOS SISTEMICOS;CLOR DE FEXOFENADINA VMD;VITAMEDIC
N06A A DEPRESSIVOS E REGUL DE HUMOR;CLOR DE FLUOXETINA VMD;VITAMEDIC
A10J BIGUANIDA A DIABETICOS;CLOR DE METFORMINA VMD;VITAMEDIC
R06A ANTIHISTAMINICOS SISTEMICOS;CLORIDRATO DE FEXOFENADINA VMD;VITAMEDIC
C03A DIURETICOS;CLORTALIDONA VMD;VITAMEDIC
C01A GLICOSIDEOS CARDIACOS E ASSOCIACOES;DIGOXINA VMD;VITAMEDIC
R06A ANTIHISTAMINICOS SISTEMICOS;DIMENIDRIN VMD;VITAMEDIC
A04A ANTIEMETICOS E ANTINAUSEOSOS;DIMENIDRINATO CLOR DE PIRIDOXINA VMD;VITAMEDIC
N02B NAO NARCOTICOS ANTIPIRETICOS;DIPIRONA VMD;VITAMEDIC
N02B NAO NARCOTICOS ANTIPIRETICOS;DORALEX VMD;VITAMEDIC
C09A INIBIDORES ACE PUROS;ENALAPRIL VMD;VITAMEDIC
J02A AGENTES ANTIMICOTICOS SISTEMICOS EXCLUINDO GRISEOF;FLUCONAZOL VMD;VITAMEDIC
J02A AGENTES ANTIMICOTICOS SISTEMICOS EXCLUINDO GRISEOF;FLUCONID VMD;VITAMEDIC
R01A PREPARACOES NASAIS TOPICAS;FLUIDSORO;VITAMEDIC
A12C OUTROS SUPLEMENTOS MINERAIS;FORDAY;VITAMEDIC
M02A ANTIREUMATICOS TOPICOS COM ANALGESICOS;GELLAT VMD;VITAMEDIC
N02B NAO NARCOTICOS ANTIPIRETICOS;GELLAT VMD;VITAMEDIC
A10J BIGUANIDA A DIABETICOS;GLICOMET VMD;VITAMEDIC
R05C EXPECTORANTES;GUAKOEXPEC VMD;VITAMEDIC
R05C EXPECTORANTES;HEDERA HELIX VITAMEDIC XAROPE VMD;VITAMEDIC
C05A ANTIHEMORROIDARIOS TOPICOS;HEMODASE VMD;VITAMEDIC
A05B PRODUTOS PARA DOENCAS DO FIGADO HEPATOPROTETORES;HEPATOVIT;VITAMEDIC
A05B PRODUTOS PARA DOENCAS DO FIGADO HEPATOPROTETORES;HEPATOVIT VMD;VITAMEDIC
M01A ANTI REUMATICOS SEM ESTEROIDES;IBUPROFENO VMD;VITAMEDIC
N02B NAO NARCOTICOS ANTIPIRETICOS;IBUPROFENO VMD;VITAMEDIC
P01B ANTIHELMINTICOS EXCETO OS ESQUISTOSOMICIDAS;IVECTE VMD;VITAMEDIC
P01B ANTIHELMINTICOS EXCETO OS ESQUISTOSOMICIDAS;IVERMECTINA VMD;VITAMEDIC
R06A ANTIHISTAMINICOS SISTEMICOS;LORATADINA VMD;VITAMEDIC
C09C ANTAGONISTAS DE LA ANGIOTENSINA II PUROS;LOSARTANA VMD;VITAMEDIC
R05C EXPECTORANTES;MUCOVIT VMD;VITAMEDIC
M01A ANTI REUMATICOS SEM ESTEROIDES;NIMESULIDA VMD;VITAMEDIC
N02B NAO NARCOTICOS ANTIPIRETICOS;PARACETAMOL VMD;VITAMEDIC
H02A CORTICOSTEROIDES PUROS;PREDNISOLONA VMD;VITAMEDIC
D03A AGENTES CURATIVOS FERIDAS;QUEIMAVIT VMD;VITAMEDIC
A05B PRODUTOS PARA DOENCAS DO FIGADO HEPATOPROTETORES;RESSAQUE VMD;VITAMEDIC
N05A ANTIPSICOTICOS;RISPERIDONA VMD;VITAMEDIC
G01A TRICOMONICIDAS;SECNIDAZOL VMD;VITAMEDIC
R05C EXPECTORANTES;SUAVMEL VTM;VITAMEDIC
J01E ASSOCIACOES DE TRIMETOPRIM E SIMILARES;SULFAMETOXAZOL TRIMETOPRIMA VMD;VITAMEDIC
N02A ANALGESICOS NARCOTICOS;TRAMADOL VMC;VITAMEDIC
C04A VASOTERAPIA CEREBRAL E PERIFERICA;VERTIZAN VMD;VITAMEDIC
D03A AGENTES CURATIVOS FERIDAS;VIT PANTENOL VMD;VITAMEDIC
H02A CORTICOSTEROIDES PUROS;VITAMEDIC VMD;VITAMEDIC
J01G FLUOROQUINOLONAS;VITAMEDIC VMD;VITAMEDIC
M01A ANTI REUMATICOS SEM ESTEROIDES;VITAMEDIC VMD;VITAMEDIC
N02B NAO NARCOTICOS ANTIPIRETICOS;VITAMEDIC VMD;VITAMEDIC
S01K PRODUTOS PARA OLHO SECO;VITAMEDIC VMD;VITAMEDIC
P01B ANTIHELMINTICOS EXCETO OS ESQUISTOSOMICIDAS;IVERMECTINA VTP;VITAPAN
M01A ANTI REUMATICOS SEM ESTEROIDES;NIMELIT VTP;VITAPAN
A11B POLIVITAMINICOS PUROS;VITAVIT;VITAVIT
A12C OUTROS SUPLEMENTOS MINERAIS;MACA PERUANA;VITTALIFE
B03X OUTROS ANTIANEMICOS INCLUINDO ACIDO FOLICO E FOLIN;AMICORED VMG;VMG FARMACEUTICA
N05B HIPNOTICOS SEDATIVOS;VOGHIERA;VOGHIERA
R05C EXPECTORANTES;VOVO ISABEL;VOVO ISABEL
T02X TODOS OS OUTROS TEST DIAGNOSTICOS;WAMA DIAGNOSTICA;WAMA DIAGNOSTICA
R05C EXPECTORANTES;WAX GREEN;WAX GREEN
A02A ANTIACIDOS ANTIFISETICOS;ADENON WEL;WELEDA
N05B HIPNOTICOS SEDATIVOS;ANSIODORON WEL;WELEDA
N05B HIPNOTICOS SEDATIVOS;BRYOPHYLLUM WEL;WELEDA
M01A ANTI REUMATICOS SEM ESTEROIDES;ERYSIDORON WEL;WELEDA
R05A ANTIGRIPAIS EXCLUINDO ANTINFECCIOSOS;INFLUDO WEL;WELEDA
R05A ANTIGRIPAIS EXCLUINDO ANTINFECCIOSOS;INFLUDORON WEL;WELEDA
R05A ANTIGRIPAIS EXCLUINDO ANTINFECCIOSOS;PREVIGRIP WEL;WELEDA
R05B ANTIGRIPAIS C ANTIINFECCIOSOS;PREVIGRIP WEL;WELEDA
R05A ANTIGRIPAIS EXCLUINDO ANTINFECCIOSOS;PYRITZINNOBER WEL;WELEDA
R01B DESCONGESTIONANTES NASAIS SISTEMICOS;RINIDON WEL;WELEDA
R01B DESCONGESTIONANTES NASAIS SISTEMICOS;SINUDORON WEL;WELEDA
N05B HIPNOTICOS SEDATIVOS;STRESSDORON WEL;WELEDA
M02A ANTIREUMATICOS TOPICOS COM ANALGESICOS;WELEDA WEL;WELEDA
M05X OUTROS PRODUTOS SISTEMA MUSCULO ESQUELETICO;WELEDA WEL;WELEDA
A06A DROGAS PARA A CONSTIPACAO;WELLVIN;WELLVIN ALIM.
A05B PRODUTOS PARA DOENCAS DO FIGADO HEPATOPROTETORES;HEPALINA;WESP
A05A PRODUTOS PARA DISTURBIOS DO TRATO BILIAR;OLINA;WESP
N05B HIPNOTICOS SEDATIVOS;NERVOCALM WP;WP LAB INDUST FARMACEUTICA
N05C TRANQUILIZANTES;NERVOCALM WP;WP LAB INDUST FARMACEUTICA
N05B HIPNOTICOS SEDATIVOS;NERVOCALMM WP;WP LAB INDUST FARMACEUTICA
M01A ANTI REUMATICOS SEM ESTEROIDES;PROCLOFENO WP;WP LAB INDUST FARMACEUTICA
N05B HIPNOTICOS SEDATIVOS;WPLABB WP;WP LAB INDUST FARMACEUTICA
G04E PRODUTOS PARA DISFUNCAO ERETIL;CAVERJECT WYE;WYETH
N06A A DEPRESSIVOS E REGUL DE HUMOR;ELIFORE WYE;WYETH
N05C TRANQUILIZANTES;LORAX WYE WYE;WYETH
J07D VACINAS BACTERIANAS;PREVENAR 13 WYE;WYETH
J01D CEFALOSPORINAS;TORGENA WYE;WYETH
B01A ANTICOAGULANTES NAO INJETAVEIS;WYETH;WYETH
G02D INIBIDORES DA PROLACTINA;WYETH;WYETH
G03A CONTRACEPTIVOS HORMONAIS SISTEMICOS;WYETH;WYETH
G04E PRODUTOS PARA DISFUNCAO ERETIL;WYETH;WYETH
J02A AGENTES ANTIMICOTICOS SISTEMICOS EXCLUINDO GRISEOF;WYETH;WYETH
N06A A DEPRESSIVOS E REGUL DE HUMOR;WYETH;WYETH
M02A ANTIREUMATICOS TOPICOS COM ANALGESICOS;YDRA;YDRA
N02B NAO NARCOTICOS ANTIPIRETICOS;DIVIDOL ZAM;ZAMBON
R01A PREPARACOES NASAIS TOPICAS;FLUIMUCIL ZAM;ZAMBON
R05C EXPECTORANTES;FLUIMUCIL ZAM;ZAMBON
G04A ANTISSEPTICOS E ANTINFECCIOSOS URINARIOS;MONURIL ZAM;ZAMBON
R05D ANTITUSSIGENOS;SEKI ZAM;ZAMBON
M01A ANTI REUMATICOS SEM ESTEROIDES;SPIDUFEN ZAM;ZAMBON
N02A ANALGESICOS NARCOTICOS;SPIDUFEN ZAM;ZAMBON
A05A PRODUTOS PARA DISTURBIOS DO TRATO BILIAR;URSACOL ZAM;ZAMBON
N04A ANTIPARKINSONIANOS;XADAGO ZAM;ZAMBON
R02A PREPARACOES PARA GARGANTA;ZIIN ZIIN;ZIIN ZIIN
R05F OUTROS ANTITUSSIGENOS E ANTIGRIPAIS;ZIIN ZIIN;ZIIN ZIIN
N03A ANTICONVULSIVANTES;CANABIDIOL ZIO;ZION
J07E VACINAS VIRAIS;VANGUARD;ZOETIS
J01G FLUOROQUINOLONAS;ZOETIS;ZOETIS
R05B ANTIGRIPAIS C ANTIINFECCIOSOS;ZUNN;ZUNN
M01A ANTI REUMATICOS SEM ESTEROIDES;ACECLOFENACO ZYD;ZYDUS BRASIL
N05C TRANQUILIZANTES;ALPRAZOLAM ZYD;ZYDUS BRASIL
B01F INIBIDOR DIRETO DO FATOR XA;APIXABANA ZYD;ZYDUS BRASIL
N05A ANTIPSICOTICOS;ARIPIPRAZOL ZYD;ZYDUS BRASIL
N02C CONTRA ENXAQUECA;BENZOATO DE RIZATRIPTANA ZYD;ZYDUS BRASIL
A07E PRODUTOS PARA DOENCA INFLAMATORIA INTESTINAL;CARVEDILOL ZYD;ZYDUS BRASIL
C07A AGENTES BETA BLOQUEADORES PUROS;CARVEDILOL ZYD;ZYDUS BRASIL
M01A ANTI REUMATICOS SEM ESTEROIDES;CELECOXIBE ZYD;ZYDUS BRASIL
N06A A DEPRESSIVOS E REGUL DE HUMOR;CITALOPRAM ZYD;ZYDUS BRASIL
N03A ANTICONVULSIVANTES;CLONAZEPAM ZYD;ZYDUS BRASIL
C01B ANTIARRITMICOS;CLOR DE AMIODARONA ZYD;ZYDUS BRASIL
N07D PRODUTOS ANTI ALZHEIMER;CLOR DE DORZOLAMIDA ZYD;ZYDUS BRASIL
N06A A DEPRESSIVOS E REGUL DE HUMOR;CLOR DE SERTRALINA ZYD;ZYDUS BRASIL
G04C PRODUTOS PARA HIPERPLASIA PROSTATICA BENIGNA HPB;CLOR DE TANSULOSINA ZYD;ZYDUS BRASIL
N02A ANALGESICOS NARCOTICOS;CLOR DE TRAMADOL PARACETAMOL ZYD;ZYDUS BRASIL
N06A A DEPRESSIVOS E REGUL DE HUMOR;CLOR DE TRAZODONA ZYD;ZYDUS BRASIL
N03A ANTICONVULSIVANTES;DIVALPROATO DE SODIO ZYD;ZYDUS BRASIL
D10B PREPARACOES ANTIACNE ORAIS;DUELLE ZYD;ZYDUS BRASIL
M01A ANTI REUMATICOS SEM ESTEROIDES;ETORICOXIBE ZYD;ZYDUS BRASIL
C04A VASOTERAPIA CEREBRAL E PERIFERICA;GINKOBA ZYD;ZYDUS BRASIL
N05A ANTIPSICOTICOS;HEMIFUMARATO DE QUETIAPINA ZYD;ZYDUS BRASIL
N05B HIPNOTICOS SEDATIVOS;HEMITARTARATO DE ZOLPIDEM ZYD;ZYDUS BRASIL
B02A ANTIFIBRINOLITICOS;IPSILON ZYD;ZYDUS BRASIL
D03A AGENTES CURATIVOS FERIDAS;KOLPOCERVIX ZYD;ZYDUS BRASIL
N03A ANTICONVULSIVANTES;LACOSAMIDA;ZYDUS BRASIL
N03A ANTICONVULSIVANTES;LACOSAMIDA ZYD;ZYDUS BRASIL
N03A ANTICONVULSIVANTES;LAMOTRIGINA ZYD;ZYDUS BRASIL
N03A ANTICONVULSIVANTES;LEVETIRACETAM ZYD;ZYDUS BRASIL
J01G FLUOROQUINOLONAS;LEVOFLOXACINO ZYD;ZYDUS BRASIL
C01E NITRITOS E NITRATOS;MONONITRATO DE ISOSSORBIDA ZYD;ZYDUS BRASIL
N05A ANTIPSICOTICOS;OLANZAPINA ZYD;ZYDUS BRASIL
N02B NAO NARCOTICOS ANTIPIRETICOS;PARACETAMOL ZYD;ZYDUS BRASIL
N04A ANTIPARKINSONIANOS;RASAGILINA;ZYDUS BRASIL
A05B PRODUTOS PARA DOENCAS DO FIGADO HEPATOPROTETORES;SILIMALON ZYD;ZYDUS BRASIL
N06A A DEPRESSIVOS E REGUL DE HUMOR;SUCCINATO DE DESVENLAFAXINA ZYD;ZYDUS BRASIL
N03A ANTICONVULSIVANTES;TOPIRAMATO ZYD;ZYDUS BRASIL
B02A ANTIFIBRINOLITICOS;TRANSAMIN ZYD;ZYDUS BRASIL
N05B HIPNOTICOS SEDATIVOS;VALERIANE ZYD;ZYDUS BRASIL
N05B HIPNOTICOS SEDATIVOS;ZOLDAC;ZYDUS BRASIL
A05B PRODUTOS PARA DOENCAS DO FIGADO HEPATOPROTETORES;ZYDUS NIKKHO;ZYDUS BRASIL
G04C PRODUTOS PARA HIPERPLASIA PROSTATICA BENIGNA HPB;ZYDUS NIKKHO;ZYDUS BRASIL
N03A ANTICONVULSIVANTES;ZYDUS NIKKHO;ZYDUS BRASIL
N04A ANTIPARKINSONIANOS;ZYDUS NIKKHO;ZYDUS BRASIL
N02C CONTRA ENXAQUECA;ZYPTAN ZYD;ZYDUS BRASIL
N03A ANTICONVULSIVANTES;ZYVALPREX ZYD;ZYDUS BRASIL
B01F INIBIDOR DIRETO DO FATOR XA;APIXABANA;ZYDUS NIKKHO
A01A ESTOMATOLOGICOS;OUTRA MARCA;OUTRO FABRICANTE
A01B ANTIFUNGICOS ORAIS TOPICOS;OUTRA MARCA;OUTRO FABRICANTE
A02A ANTIACIDOS ANTIFISETICOS;OUTRA MARCA;OUTRO FABRICANTE
A02B ANTIULCEROSOS;OUTRA MARCA;OUTRO FABRICANTE
A02X OUTROS PRODUTOS PARA DESORDENS DO ESTOMAGO;OUTRA MARCA;OUTRO FABRICANTE
A03A ANTIESPASMODICOS E ANTICOLINERGICOS PUROS;OUTRA MARCA;OUTRO FABRICANTE
A03D ASSOCIACOES COM ANALGESICOS;OUTRA MARCA;OUTRO FABRICANTE
A03E OUTRAS ASSOCIACOES;OUTRA MARCA;OUTRO FABRICANTE
A03F GASTROPROCINETICOS;OUTRA MARCA;OUTRO FABRICANTE
A03G MODELADORES SENSOMOTORES GASTRO INTESTINAIS;OUTRA MARCA;OUTRO FABRICANTE
A04A ANTIEMETICOS E ANTINAUSEOSOS;OUTRA MARCA;OUTRO FABRICANTE
A05A PRODUTOS PARA DISTURBIOS DO TRATO BILIAR;OUTRA MARCA;OUTRO FABRICANTE
A05B PRODUTOS PARA DOENCAS DO FIGADO HEPATOPROTETORES;OUTRA MARCA;OUTRO FABRICANTE
A06A DROGAS PARA A CONSTIPACAO;OUTRA MARCA;OUTRO FABRICANTE
A06B LIMPIADORES INTESTINALES;OUTRA MARCA;OUTRO FABRICANTE
A07A ANTI INFECCIOSOS INTESTINAIS;OUTRA MARCA;OUTRO FABRICANTE
A07B ADSORBENTES INTESTINALES ANTIDIARREICOS;OUTRA MARCA;OUTRO FABRICANTE
A07E PRODUTOS PARA DOENCA INFLAMATORIA INTESTINAL;OUTRA MARCA;OUTRO FABRICANTE
A07F MICROORGANISMOS ANTIDIARREICOS;OUTRA MARCA;OUTRO FABRICANTE
A07G REPOSITORES ELECTROLITICOS ORAIS;OUTRA MARCA;OUTRO FABRICANTE
A07H INIBIDORES DA MOTILIDADE;OUTRA MARCA;OUTRO FABRICANTE
A07X OUTROS PRODUTOS PARA DESORDENS INTESTINAIS;OUTRA MARCA;OUTRO FABRICANTE
A08A - PREPARADOS ANOREXICOS EXETO OS DIETETICOS;OUTRA MARCA;OUTRO FABRICANTE
A09A DIGESTIVOS INCLUIDO ENZIMAS;OUTRA MARCA;OUTRO FABRICANTE
A10C INSULINAS HUMANAS E ANALOGAS;OUTRA MARCA;OUTRO FABRICANTE
A10E DISPOSITIVOS PARA ADMINISTRACAO DE INSULINA;OUTRA MARCA;OUTRO FABRICANTE
A10H SULFONILOUREIA A DIABETICOS;OUTRA MARCA;OUTRO FABRICANTE
A10J BIGUANIDA A DIABETICOS;OUTRA MARCA;OUTRO FABRICANTE
A10K GLITAZONA A DIABETICOS;OUTRA MARCA;OUTRO FABRICANTE
A10L INIB ALFA GLUCOSIDAS;OUTRA MARCA;OUTRO FABRICANTE
A10N INIBIDOR DPP IV;OUTRA MARCA;OUTRO FABRICANTE
A10P INIBIDORES DE ANTIDIABETICOS DE SGLT2;OUTRA MARCA;OUTRO FABRICANTE
A10S AGONISTAS GLP 1;OUTRA MARCA;OUTRO FABRICANTE
A10X OUTRAS DROGAS PARA DIABETES;OUTRA MARCA;OUTRO FABRICANTE
A11A POLIVITAMINICOS COM MINERAIS;OUTRA MARCA;OUTRO FABRICANTE
A11B POLIVITAMINICOS PUROS;OUTRA MARCA;OUTRO FABRICANTE
A11C VITAMINA A D INCLUINDO ASSOCIACOES DAS DUAS;OUTRA MARCA;OUTRO FABRICANTE
A11D VITAMINA B1 E ASSOCIACOES;OUTRA MARCA;OUTRO FABRICANTE
A11E COMPLEXO B;OUTRA MARCA;OUTRO FABRICANTE
A11F VITAMINAS B12 PURA;OUTRA MARCA;OUTRO FABRICANTE
A11G VITAMINA C INCLUSIVE ASSOCIADA A MINERAIS;OUTRA MARCA;OUTRO FABRICANTE
A11X OUTRAS VITAMINAS PURAS;OUTRA MARCA;OUTRO FABRICANTE
A12A CALCIO;OUTRA MARCA;OUTRO FABRICANTE
A12C OUTROS SUPLEMENTOS MINERAIS;OUTRA MARCA;OUTRO FABRICANTE
A13A TONICOS E RECONSTITUINTES;OUTRA MARCA;OUTRO FABRICANTE
A15A ESTIMULANTES DO APETITE;OUTRA MARCA;OUTRO FABRICANTE
A16A OUTROS PRODUTOS PARA O APARELHO DIGESTIVO E METAB;OUTRA MARCA;OUTRO FABRICANTE
B01A ANTICOAGULANTES NAO INJETAVEIS;OUTRA MARCA;OUTRO FABRICANTE
B01B ANTICOAGULANTES INJETAVEIS;OUTRA MARCA;OUTRO FABRICANTE
B01C INIBIDORES DA AGREGACAO PLAQUETARIA;OUTRA MARCA;OUTRO FABRICANTE
B01D FIBRINOLITICOS;OUTRA MARCA;OUTRO FABRICANTE
B01E INIBIDORES DIRETOS DE TROMBINA;OUTRA MARCA;OUTRO FABRICANTE
B01F INIBIDOR DIRETO DO FATOR XA;OUTRA MARCA;OUTRO FABRICANTE
B01X OUTROS AGENTES ANTITROMBOTICOS;OUTRA MARCA;OUTRO FABRICANTE
B02A ANTIFIBRINOLITICOS;OUTRA MARCA;OUTRO FABRICANTE
B02B ANTAGONISTAS ANTIDOTOS PARA ANTICOAGULANTES;OUTRA MARCA;OUTRO FABRICANTE
B02D COAGULACAO DO SANGUE;OUTRA MARCA;OUTRO FABRICANTE
B02E PRODUTOS ELEVADORES DE PLAQUETAS;OUTRA MARCA;OUTRO FABRICANTE
B03A HEMATINICOS FERRO E TODAS AS ASSOCIACOES;OUTRA MARCA;OUTRO FABRICANTE
B03B EXTRATO HEPATICO E ASSOCIACOES COM VIT B12;OUTRA MARCA;OUTRO FABRICANTE
B03C ERITROPOIETINAS;OUTRA MARCA;OUTRO FABRICANTE
B03X OUTROS ANTIANEMICOS INCLUINDO ACIDO FOLICO E FOLIN;OUTRA MARCA;OUTRO FABRICANTE
B06D PRODUTOS PARA ANGIODERMA HEREDITARIO;OUTRA MARCA;OUTRO FABRICANTE
C01A GLICOSIDEOS CARDIACOS E ASSOCIACOES;OUTRA MARCA;OUTRO FABRICANTE
C01B ANTIARRITMICOS;OUTRA MARCA;OUTRO FABRICANTE
C01C ESTIMULANTES CARDIACOS EXCL GLICOSIDEOS CARDIACOS;OUTRA MARCA;OUTRO FABRICANTE
C01D TERAPIA CORONARIA EXCLUINDO ANTAGONISTAS DO CALCIO;OUTRA MARCA;OUTRO FABRICANTE
C01E NITRITOS E NITRATOS;OUTRA MARCA;OUTRO FABRICANTE
C01X OUTRAS PREPARACOES CARDIACAS;OUTRA MARCA;OUTRO FABRICANTE
C02A ANTIHIPERTENSIVOS NAO HERBACEOS PUROS;OUTRA MARCA;OUTRO FABRICANTE
C03A DIURETICOS;OUTRA MARCA;OUTRO FABRICANTE
C04A VASOTERAPIA CEREBRAL E PERIFERICA;OUTRA MARCA;OUTRO FABRICANTE
C05A ANTIHEMORROIDARIOS TOPICOS;OUTRA MARCA;OUTRO FABRICANTE
C05B TERAPIA VARICOSA TOPICA;OUTRA MARCA;OUTRO FABRICANTE
C05C TERAPIA VARICOSA SISTEMICA;OUTRA MARCA;OUTRO FABRICANTE
C06B PRODUTOS PARA HIPERTENSAO ARTERIAL PULMONAR;OUTRA MARCA;OUTRO FABRICANTE
C07A AGENTES BETA BLOQUEADORES PUROS;OUTRA MARCA;OUTRO FABRICANTE
C07B ASSOCIACOES DE BETA BLOQUEADORES;OUTRA MARCA;OUTRO FABRICANTE
C08A ANTAGONISTAS DO CALCIO PUROS;OUTRA MARCA;OUTRO FABRICANTE
C08B ANTAGONISTAS DO CALCIO ASSOCIADOS;OUTRA MARCA;OUTRO FABRICANTE
C09A INIBIDORES ACE PUROS;OUTRA MARCA;OUTRO FABRICANTE
C09B INIBIDORES ACE COMBINADOS;OUTRA MARCA;OUTRO FABRICANTE
C09C ANTAGONISTAS DE LA ANGIOTENSINA II PUROS;OUTRA MARCA;OUTRO FABRICANTE
C09D ANTAGONISTAS DE LA ANGIOTENSINA II COMBINADOS;OUTRA MARCA;OUTRO FABRICANTE
C10A PREPARADOS PARA REGULACAO COLESTEROL E TRIGLICERID;OUTRA MARCA;OUTRO FABRICANTE
C10B PREPARACOES ANTIATEROMA DE ORIGEM NATURAL;OUTRA MARCA;OUTRO FABRICANTE
C10C REGUL DE LIPIDEOS EM COMB C OUT LIPIDOS REGUL;OUTRA MARCA;OUTRO FABRICANTE
D01A ANTIMICOTICOS DERMATOLOGICOS;OUTRA MARCA;OUTRO FABRICANTE
D02A EMOLIENTES E PROTETORES;OUTRA MARCA;OUTRO FABRICANTE
D03A AGENTES CURATIVOS FERIDAS;OUTRA MARCA;OUTRO FABRICANTE
D04A ANTIPRURIGINOSOS,INCLUSIVE ANTIHISTAMINICOS ANESTE;OUTRA MARCA;OUTRO FABRICANTE
D05A PRODUTOS ANTIPSORIASE TOPICOS;OUTRA MARCA;OUTRO FABRICANTE
D05B PRODUTOS ANTIPSORIASE SISTEMICOS;OUTRA MARCA;OUTRO FABRICANTE
D05X OUTROS PRODUTOS N/CORTICOIDES P DISTURB INFLAM;OUTRA MARCA;OUTRO FABRICANTE
D06A ANTIBACTERIANOS TOPICOS;OUTRA MARCA;OUTRO FABRICANTE
D06D PRODUTOS PARA INFECOES VIRAIS;OUTRA MARCA;OUTRO FABRICANTE
D07A CORTICOIDES TOPICOS PUROS;OUTRA MARCA;OUTRO FABRICANTE
D07B ASSOCIACOES DE CORTICOIDES;OUTRA MARCA;OUTRO FABRICANTE
D08A ANTISSEPTICOS E DESINFETANTES EXCL CURATIVOS MEDIC;OUTRA MARCA;OUTRO FABRICANTE
D10A PREPARACOES ANTIACNE TOPICOS;OUTRA MARCA;OUTRO FABRICANTE
D10B PREPARACOES ANTIACNE ORAIS;OUTRA MARCA;OUTRO FABRICANTE
D11A OUTRAS PREPARACOES DERMATOLOGICAS INCL XAMPUS MED;OUTRA MARCA;OUTRO FABRICANTE
G01A TRICOMONICIDAS;OUTRA MARCA;OUTRO FABRICANTE
G01B ANTIMICOTICOS GINECOLOGICOS;OUTRA MARCA;OUTRO FABRICANTE
G01C ANTIBACTERIANOS GINECOLOGICOS;OUTRA MARCA;OUTRO FABRICANTE
G01D ANTI SEPTICOS GINECOLOGICOS;OUTRA MARCA;OUTRO FABRICANTE
G02A PRODUTOS UTEROTONICOS;OUTRA MARCA;OUTRO FABRICANTE
G02D INIBIDORES DA PROLACTINA;OUTRA MARCA;OUTRO FABRICANTE
G02E INIBIDORES DO PARTO;OUTRA MARCA;OUTRO FABRICANTE
G02F HORMONIOS SEXUAIS TOPICOS;OUTRA MARCA;OUTRO FABRICANTE
G02X OTROS PRODUTOS GINECOLOGICOS;OUTRA MARCA;OUTRO FABRICANTE
G03A CONTRACEPTIVOS HORMONAIS SISTEMICOS;OUTRA MARCA;OUTRO FABRICANTE
G03B ANDROGENOS E ASSOCIACOES EXCETO G3E G3F;OUTRA MARCA;OUTRO FABRICANTE
G03C ESTROGENOS E ASSOCIACOES EXCETO G03A G03E G03F;OUTRA MARCA;OUTRO FABRICANTE
G03D PROGESTOGENOS E ASSOCIACOES EXCLUINDO G3A G3F;OUTRA MARCA;OUTRO FABRICANTE
G03F ASSOCIACOES DE ESTROGENOS E PROGESTOGENOS EXCETO G;OUTRA MARCA;OUTRO FABRICANTE
G03G GONADOTROFINAS E OUTROS ESTIMULANTES DA OVULACAO;OUTRA MARCA;OUTRO FABRICANTE
G03J MODULAD SELETIVOS DOS RECEPT DO ESTROGENIO;OUTRA MARCA;OUTRO FABRICANTE
G03X OUT HORMONIOS SEXUAIS E PRODS SIMILARES;OUTRA MARCA;OUTRO FABRICANTE
G04A ANTISSEPTICOS E ANTINFECCIOSOS URINARIOS;OUTRA MARCA;OUTRO FABRICANTE
G04C PRODUTOS PARA HIPERPLASIA PROSTATICA BENIGNA HPB;OUTRA MARCA;OUTRO FABRICANTE
G04D PRODUTOS PARA INCONTINENCIA URINARIA;OUTRA MARCA;OUTRO FABRICANTE
G04E PRODUTOS PARA DISFUNCAO ERETIL;OUTRA MARCA;OUTRO FABRICANTE
G04X OUTROS PRODUTOS UROLOGICOS;OUTRA MARCA;OUTRO FABRICANTE
H01C HORMONIOS HIPOTALAMICAS;OUTRA MARCA;OUTRO FABRICANTE
H02A CORTICOSTEROIDES PUROS;OUTRA MARCA;OUTRO FABRICANTE
H02B ASSOCIACOES CORTICOSTEROIDES SISTEMICOS;OUTRA MARCA;OUTRO FABRICANTE
H03A PREPARADOS DE TIREOIDE;OUTRA MARCA;OUTRO FABRICANTE
H03B ANTI TIREOIDEANOS;OUTRA MARCA;OUTRO FABRICANTE
H04B GLUCAGON;OUTRA MARCA;OUTRO FABRICANTE
H04C HORMONIOS DO CRESCIMENTO;OUTRA MARCA;OUTRO FABRICANTE
H04D HORMONIOS ANTIDIURETICOS;OUTRA MARCA;OUTRO FABRICANTE
H04X OUTRAS HORMONIOS E PREPARACAO COM ACOES SIMILARES;OUTRA MARCA;OUTRO FABRICANTE
J01A TETRACICLINAS E ASSOCIACOES;OUTRA MARCA;OUTRO FABRICANTE
J01C PENICILINAS DE AMPLO ESPECTRO;OUTRA MARCA;OUTRO FABRICANTE
J01D CEFALOSPORINAS;OUTRA MARCA;OUTRO FABRICANTE
J01E ASSOCIACOES DE TRIMETOPRIM E SIMILARES;OUTRA MARCA;OUTRO FABRICANTE
J01F MACROLIDEOS E SIMILARES;OUTRA MARCA;OUTRO FABRICANTE
J01G FLUOROQUINOLONAS;OUTRA MARCA;OUTRO FABRICANTE
J01H PENICILINAS DE PEQUENO E MEDIO ESPECTRO;OUTRA MARCA;OUTRO FABRICANTE
J01K AMINOGLICOSIDEOS;OUTRA MARCA;OUTRO FABRICANTE
J01M RIFAMPICINA RIFAMICINA;OUTRA MARCA;OUTRO FABRICANTE
J01P OUTROS BETA LACTAMNICOS EXCLUINDO PENICILINAS;OUTRA MARCA;OUTRO FABRICANTE
J01X OUTROS ANTI BACTERIANOS;OUTRA MARCA;OUTRO FABRICANTE
J02A AGENTES ANTIMICOTICOS SISTEMICOS EXCLUINDO GRISEOF;OUTRA MARCA;OUTRO FABRICANTE
J05B OUTROS ANTIVIRAIS;OUTRA MARCA;OUTRO FABRICANTE
J05C ANTIVIRAIS PARA HIV;OUTRA MARCA;OUTRO FABRICANTE
J05D ANTIVIRAIS PARA HEPATITES;OUTRA MARCA;OUTRO FABRICANTE
J06C IMUNO GLOBULINAS POLIVALENTES ENDOVENOSAS;OUTRA MARCA;OUTRO FABRICANTE
J06H IMUNO GLOBULINAS ESPECIFICAS ANTIVIROTICAS;OUTRA MARCA;OUTRO FABRICANTE
J06J OUTRAS IMUNO GLOBULINAS ESPECIFICAS;OUTRA MARCA;OUTRO FABRICANTE
J07B COMBINACOES DE VACINAS;OUTRA MARCA;OUTRO FABRICANTE
J07D VACINAS BACTERIANAS;OUTRA MARCA;OUTRO FABRICANTE
J07E VACINAS VIRAIS;OUTRA MARCA;OUTRO FABRICANTE
J07X OUTROS PRODUTOS TAIS COMO VACINAS;OUTRA MARCA;OUTRO FABRICANTE
J08B ANAEROBICIDAS;OUTRA MARCA;OUTRO FABRICANTE
J08X OUTROS ANTIINFECCIOSOS;OUTRA MARCA;OUTRO FABRICANTE
K01A SOLUCOES ELETROLITICAS IGUAL MAIOR 100 ML;OUTRA MARCA;OUTRO FABRICANTE
K01B SOLUCOES PADRAO;OUTRA MARCA;OUTRO FABRICANTE
K01F SOLUCOES PARA TERAPIA OSMOTICA;OUTRA MARCA;OUTRO FABRICANTE
K03B SOLUCOES PROTEICAS;OUTRA MARCA;OUTRO FABRICANTE
K04A SOLUCOES ELETROLITICAS MENOR 100 ML;OUTRA MARCA;OUTRO FABRICANTE
L01A AGENTES ALQUILINIZANTES;OUTRA MARCA;OUTRO FABRICANTE
L01B ANTIMETABOLITOS;OUTRA MARCA;OUTRO FABRICANTE
L01C ANTINEOPLASICOS DE ORIGEM VEGETAL;OUTRA MARCA;OUTRO FABRICANTE
L01G ANTICORPOS MONOCLONAIS ANTINEOPLASICOS;OUTRA MARCA;OUTRO FABRICANTE
L01H ANTINEOPLASICOS INIBIDORES DA PROTEINA QUINASE;OUTRA MARCA;OUTRO FABRICANTE
L01J ANTINEOPLASICOS INIBIDORES DA PROTEASE;OUTRA MARCA;OUTRO FABRICANTE
L01K ANTINEOPLASICOS LIDOMIDA;OUTRA MARCA;OUTRO FABRICANTE
L01L ANTINEOPLASICOS INIBIDORES DE PARP;OUTRA MARCA;OUTRO FABRICANTE
L01X OUTROS ANTINEOPLASICOS;OUTRA MARCA;OUTRO FABRICANTE
L02A HORMONIOS CITOSTATICOS;OUTRA MARCA;OUTRO FABRICANTE
L02B ANTAGONISTAS DE HORMONIOS CITOSTATICOS;OUTRA MARCA;OUTRO FABRICANTE
L03A AGENTES IMUNOESTIMULANTES EXCL INTERFERON;OUTRA MARCA;OUTRO FABRICANTE
L04B MEDICAMENTOS ANTI TNF;OUTRA MARCA;OUTRO FABRICANTE
L04C INIBIDORES DE INTERLEUCINA;OUTRA MARCA;OUTRO FABRICANTE
L04D INIBIDORES DE JAK;OUTRA MARCA;OUTRO FABRICANTE
L04X OUTROS IMUNOSSUPRESORES;OUTRA MARCA;OUTRO FABRICANTE
M01A ANTI REUMATICOS SEM ESTEROIDES;OUTRA MARCA;OUTRO FABRICANTE
M01B ANTI REUMATICOS ASSOCIADOS COM CORTICOSTEROIDES;OUTRA MARCA;OUTRO FABRICANTE
M01C ANTIREUMATICOS ESPECIFICOS;OUTRA MARCA;OUTRO FABRICANTE
M02A ANTIREUMATICOS TOPICOS COM ANALGESICOS;OUTRA MARCA;OUTRO FABRICANTE
M03A RELAXANTES MUSCULARES DE ACAO PERIFERICA;OUTRA MARCA;OUTRO FABRICANTE
M03B RELAXANTES MUSCULARES ACAO CENTRAL;OUTRA MARCA;OUTRO FABRICANTE
M04A ANTIGOTOSOS;OUTRA MARCA;OUTRO FABRICANTE
M05B REGULADORES DO CALCIO OSSEO;OUTRA MARCA;OUTRO FABRICANTE
M05X OUTROS PRODUTOS SISTEMA MUSCULO ESQUELETICO;OUTRA MARCA;OUTRO FABRICANTE
N01A ANESTESICOS GERAIS;OUTRA MARCA;OUTRO FABRICANTE
N01B ANESTESICOS LOCAIS EXCLUINDO DERMATOLOGICOS;OUTRA MARCA;OUTRO FABRICANTE
N02A ANALGESICOS NARCOTICOS;OUTRA MARCA;OUTRO FABRICANTE
N02B NAO NARCOTICOS ANTIPIRETICOS;OUTRA MARCA;OUTRO FABRICANTE
N02C CONTRA ENXAQUECA;OUTRA MARCA;OUTRO FABRICANTE
N02D PROD GABAPENTINOIDES;OUTRA MARCA;OUTRO FABRICANTE
N03A ANTICONVULSIVANTES;OUTRA MARCA;OUTRO FABRICANTE
N04A ANTIPARKINSONIANOS;OUTRA MARCA;OUTRO FABRICANTE
N05A ANTIPSICOTICOS;OUTRA MARCA;OUTRO FABRICANTE
N05B HIPNOTICOS SEDATIVOS;OUTRA MARCA;OUTRO FABRICANTE
N05C TRANQUILIZANTES;OUTRA MARCA;OUTRO FABRICANTE
N06A A DEPRESSIVOS E REGUL DE HUMOR;OUTRA MARCA;OUTRO FABRICANTE
N06B PSICOESTIMULANTES;OUTRA MARCA;OUTRO FABRICANTE
N06C ASSOCIACOES PSICOLEPTICAS PSICOANALEPTICAS;OUTRA MARCA;OUTRO FABRICANTE
N06D NOOTROPICOS;OUTRA MARCA;OUTRO FABRICANTE
N06E NEUROTONICOS E OUTROS;OUTRA MARCA;OUTRO FABRICANTE
N07A PRODUTOS PARA A ESCLEROSE MULTIPLA;OUTRA MARCA;OUTRO FABRICANTE
N07B PRODUTOS ANTITABAGISMO;OUTRA MARCA;OUTRO FABRICANTE
N07C OUTROS MEDICAMENTOS ANTIVERTIGINOSOS;OUTRA MARCA;OUTRO FABRICANTE
N07D PRODUTOS ANTI ALZHEIMER;OUTRA MARCA;OUTRO FABRICANTE
N07E PRODUTOS USADOS NA DEPENDENCIA DO ALCOOL;OUTRA MARCA;OUTRO FABRICANTE
N07X TODAS OUTRAS DROGAS PARA SNC;OUTRA MARCA;OUTRO FABRICANTE
P01A AMEBICIDAS;OUTRA MARCA;OUTRO FABRICANTE
P01B ANTIHELMINTICOS EXCETO OS ESQUISTOSOMICIDAS;OUTRA MARCA;OUTRO FABRICANTE
P01D ANTIMALARICOS;OUTRA MARCA;OUTRO FABRICANTE
P03A ECTOPARASITICIDAS INCL ESCAB;OUTRA MARCA;OUTRO FABRICANTE
R01A PREPARACOES NASAIS TOPICAS;OUTRA MARCA;OUTRO FABRICANTE
R01B DESCONGESTIONANTES NASAIS SISTEMICOS;OUTRA MARCA;OUTRO FABRICANTE
R02A PREPARACOES PARA GARGANTA;OUTRA MARCA;OUTRO FABRICANTE
R03A AGONISTAS BETA 2;OUTRA MARCA;OUTRO FABRICANTE
R03B XANTINAS;OUTRA MARCA;OUTRO FABRICANTE
R03C ANTIINFLAMATORIOS RESPIRATORIOS NAO ESTEROIDES;OUTRA MARCA;OUTRO FABRICANTE
R03D CORTICOIDES;OUTRA MARCA;OUTRO FABRICANTE
R03F AGONISTAS BETA 2 E CORTICOIDES COMBINADO;OUTRA MARCA;OUTRO FABRICANTE
R03H INIBIDORES DA PDE4 PARA ASMA E DPOC;OUTRA MARCA;OUTRO FABRICANTE
R03J ANTI ASMATICOS ANTAGONISTAS DE LEUCOTRIENE;OUTRA MARCA;OUTRO FABRICANTE
R03K ANTICOLINERGICOS SIMPLES;OUTRA MARCA;OUTRO FABRICANTE
R03L ANTICOLINERGICOS COM AGONISTAS B2;OUTRA MARCA;OUTRO FABRICANTE
R03M ANTIASMATICOS INIBIDORES DAS INTERLEUCINAS;OUTRA MARCA;OUTRO FABRICANTE
R03X TODOS OS OUTROS BRONCODILATADORES;OUTRA MARCA;OUTRO FABRICANTE
R04A UNGUENTOS PERCUTANEOS E OUTROS INALANTES;OUTRA MARCA;OUTRO FABRICANTE
R05A ANTIGRIPAIS EXCLUINDO ANTINFECCIOSOS;OUTRA MARCA;OUTRO FABRICANTE
R05C EXPECTORANTES;OUTRA MARCA;OUTRO FABRICANTE
R05D ANTITUSSIGENOS;OUTRA MARCA;OUTRO FABRICANTE
R05F OUTROS ANTITUSSIGENOS E ANTIGRIPAIS;OUTRA MARCA;OUTRO FABRICANTE
R06A ANTIHISTAMINICOS SISTEMICOS;OUTRA MARCA;OUTRO FABRICANTE
R07D PRODUTOS PRA FIBROSE PULMONAR IDIOPATICA;OUTRA MARCA;OUTRO FABRICANTE
S01A ANTINFECCIOSOS;OUTRA MARCA;OUTRO FABRICANTE
S01B CORTICOIDES;OUTRA MARCA;OUTRO FABRICANTE
S01C COMBINACOES DE ANTI INFLAMATORIOS OFTALMICOS E ANT;OUTRA MARCA;OUTRO FABRICANTE
S01D AGENTES ANTIVIROTICOS;OUTRA MARCA;OUTRO FABRICANTE
S01E MIOTICOS E PRAPARADOS ANTIGLAUCOMA;OUTRA MARCA;OUTRO FABRICANTE
S01F MIDRIATICOS E CICLOPLEGICOS;OUTRA MARCA;OUTRO FABRICANTE
S01G PREPARADOS PARA O TRATAMENTO DE CONJUNTIVITES NAO;OUTRA MARCA;OUTRO FABRICANTE
S01H ANESTESICOS LOCAIS;OUTRA MARCA;OUTRO FABRICANTE
S01K PRODUTOS PARA OLHO SECO;OUTRA MARCA;OUTRO FABRICANTE
S01L PREPARADOS PARA USO COM LENTES DE CONTATO;OUTRA MARCA;OUTRO FABRICANTE
S01P PRODS P ANTI NEOVASCULARIZACAO OCULAR;OUTRA MARCA;OUTRO FABRICANTE
S01R ANTIINFLAMATORIOS OFTALMOLOGICOS NAO ESTEROIDES;OUTRA MARCA;OUTRO FABRICANTE
S01X OUTROS OFTALMOLOGICOS;OUTRA MARCA;OUTRO FABRICANTE
S02A ANTINFECCIOSOS OTOLOGICOS;OUTRA MARCA;OUTRO FABRICANTE
S02C ASSOCIACOES DE ANTINFECCIOSOS E CORTICOIDES;OUTRA MARCA;OUTRO FABRICANTE
S02D OUTROS PREPARADOS OTOLOGICOS;OUTRA MARCA;OUTRO FABRICANTE
T02X TODOS OS OUTROS TEST DIAGNOSTICOS;OUTRA MARCA;OUTRO FABRICANTE
