SKU;Cod.Empresa;Empresa;Descripcion Minorista;RUBRO;Fecha Ult.Mov
7898687732993;90681;PP BC KOMPRAO NOVA ESPERANCA LJ206;DAMATERC/30 CAPS;SIN ASIGNAR(M);2023-08-05 00:00:00.0
7898149934514;90681;PP BC KOMPRAO NOVA ESPERANCA LJ206;CIPROTERONA BERGAMOC/20 CPR 50MG GEN;SIN ASIGNAR(M);2022-02-28 00:00:00.0
7898074617612;90681;PP BC KOMPRAO NOVA ESPERANCA LJ206;FLUIMUCILC/16 CPR EFERV 600MG;SIN ASIGNAR(M);2025-07-02 00:00:00.0
7898074613430;90681;PP BC KOMPRAO NOVA ESPERANCA LJ206;FLUIMUCILC/16 CPR EFERV 200MG;SIN ASIGNAR(M);2024-06-14 00:00:00.0
7898074611276;90681;PP BC KOMPRAO NOVA ESPERANCA LJ206;FLUIMUCILC/60 CPR EFERV 600MG;SIN ASIGNAR(M);2023-11-21 00:00:00.0
7897595635198;90681;PP BC KOMPRAO NOVA ESPERANCA LJ206;ACICLOVIR SANDOZC/50 CPR 200MG GEN;SIN ASIGNAR(M);2023-04-14 00:00:00.0
7897595604460;90681;PP BC KOMPRAO NOVA ESPERANCA LJ206;LECTRUM1,5ML PO LIOF+SOL DIL 3,75MG;SIN ASIGNAR(M);2023-02-27 00:00:00.0
7897595602503;90681;PP BC KOMPRAO NOVA ESPERANCA LJ206;HERPESILC/25 CPR 200MG;SIN ASIGNAR(M);2025-06-28 00:00:00.0
7897316802861;90681;PP BC KOMPRAO NOVA ESPERANCA LJ206;PRED MILD10ML COLI 0,12%;SIN ASIGNAR(M);2024-03-30 00:00:00.0
7897076909343;90681;PP BC KOMPRAO NOVA ESPERANCA LJ206;ACECLOFENACO RANBAXYC/24 CPR REV 100MG GEN;SIN ASIGNAR(M);2025-12-20 00:00:00.0
7896658001680;90681;PP BC KOMPRAO NOVA ESPERANCA LJ206;VITA E ACHEC/30 CAPS 400MG;SIN ASIGNAR(M);2025-03-26 00:00:00.0
7896523227092;90681;PP BC KOMPRAO NOVA ESPERANCA LJ206;ACECLOFENACO CIMEDC/12 CPR REV 100MG GEN;SIN ASIGNAR(M);2023-07-30 00:00:00.0
7896241265543;90681;PP BC KOMPRAO NOVA ESPERANCA LJ206;SUPREMAC/28 CPR REV 2+1MG;SIN ASIGNAR(M);2025-08-17 00:00:00.0
7896112400554;90681;PP BC KOMPRAO NOVA ESPERANCA LJ206;DTN-FOLC/90 CAPS 400MCG+10MG;SIN ASIGNAR(M);2024-04-11 00:00:00.0
7896094208506;90681;PP BC KOMPRAO NOVA ESPERANCA LJ206;NATIFA PRO UBDC/28 CPR REV 0,5+0,1MG;SIN ASIGNAR(M);2025-08-11 00:00:00.0
7896094201477;90681;PP BC KOMPRAO NOVA ESPERANCA LJ206;NATIFA PROC/28 CPR REV 1+0,5MG;SIN ASIGNAR(M);2025-08-23 00:00:00.0
7896006290667;90681;PP BC KOMPRAO NOVA ESPERANCA LJ206;STER MD10ML SUSP OFT 1,2MG/ML;SIN ASIGNAR(M);2025-05-27 00:00:00.0
7896006245339;90681;PP BC KOMPRAO NOVA ESPERANCA LJ206;DIAMOXC/30 CPR 250MG;SIN ASIGNAR(M);2025-08-26 00:00:00.0
7896006245322;90681;PP BC KOMPRAO NOVA ESPERANCA LJ206;DIAMOXC/25 CPR 250MG;SIN ASIGNAR(M);2023-05-11 00:00:00.0
7896006201731;90681;PP BC KOMPRAO NOVA ESPERANCA LJ206;PRIMOSISTONC/30 CPR 2+0,01MG;SIN ASIGNAR(M);2025-08-15 00:00:00.0
7896006201717;90681;PP BC KOMPRAO NOVA ESPERANCA LJ206;PRIMOLUT NOR 10C/30 CPR 10MG;SIN ASIGNAR(M);2025-07-09 00:00:00.0
7896004775043;90681;PP BC KOMPRAO NOVA ESPERANCA LJ206;ACICLOVIR EMSC/30 CPR 400MG GEN;SIN ASIGNAR(M);2023-07-16 00:00:00.0
7896004722122;90681;PP BC KOMPRAO NOVA ESPERANCA LJ206;ACECLOFENACO EMSC/12 CPR REV 100MG GEN;SIN ASIGNAR(M);2024-02-20 00:00:00.0
7891721202391;90681;PP BC KOMPRAO NOVA ESPERANCA LJ206;ACICLOVIR MERCKC/30 CPR 400MG GEN;SIN ASIGNAR(M);2025-08-16 00:00:00.0
7891721023484;90681;PP BC KOMPRAO NOVA ESPERANCA LJ206;ACICLOVIR MERCKC/30 CPR 400MG GEN;SIN ASIGNAR(M);2022-04-03 00:00:00.0
7891317411923;90681;PP BC KOMPRAO NOVA ESPERANCA LJ206;PROFLAMC/12 CPR REV 100MG;SIN ASIGNAR(M);2023-06-02 00:00:00.0
7891317020002;90681;PP BC KOMPRAO NOVA ESPERANCA LJ206;ACECLOFENACO EUROC/12 CPR REV 100MG GEN;SIN ASIGNAR(M);2025-07-14 00:00:00.0
7891317014773;90681;PP BC KOMPRAO NOVA ESPERANCA LJ206;EMAMAC/30 CAPS 400MG;SIN ASIGNAR(M);2025-06-13 00:00:00.0
7891317001513;90681;PP BC KOMPRAO NOVA ESPERANCA LJ206;ACICLOVIR EUROC/25 CPR 200MG GEN;SIN ASIGNAR(M);2025-08-27 00:00:00.0
7891268106213;90681;PP BC KOMPRAO NOVA ESPERANCA LJ206;PROVERAC/14 CPR 10MG;SIN ASIGNAR(M);2024-09-11 00:00:00.0
7891142128638;90681;PP BC KOMPRAO NOVA ESPERANCA LJ206;CELESTONE SOLUSPAN1ML SUSP INJ 3+3MG/ML;SIN ASIGNAR(M);2023-03-08 00:00:00.0
7891106000956;90681;PP BC KOMPRAO NOVA ESPERANCA LJ206;BAYCUTEN N40GR CR 10+0,4MG;SIN ASIGNAR(M);2025-08-17 00:00:00.0
7890282800015;90681;PP BC KOMPRAO NOVA ESPERANCA LJ206;ADEFORTE3ML SOL ORAL;SIN ASIGNAR(M);2023-09-28 00:00:00.0
5060632508508;90681;PP BC KOMPRAO NOVA ESPERANCA LJ206;SYSTEN CONTIC/8 ADES 50+170MCG/DIA;SIN ASIGNAR(M);2025-08-02 00:00:00.0
7898687732993;90688;PP ITAPEMA CASA BRANCA KOCHL;DAMATERC/30 CAPS;SIN ASIGNAR(M);2023-10-06 00:00:00.0
7898149934514;90688;PP ITAPEMA CASA BRANCA KOCHL;CIPROTERONA BERGAMOC/20 CPR 50MG GEN;SIN ASIGNAR(M);2025-07-29 00:00:00.0
7898149932183;90688;PP ITAPEMA CASA BRANCA KOCHL;FEMIGESTROLC/30 CPR 160MG;SIN ASIGNAR(M);2022-07-08 00:00:00.0
7898074613430;90688;PP ITAPEMA CASA BRANCA KOCHL;FLUIMUCILC/16 CPR EFERV 200MG;SIN ASIGNAR(M);2023-10-26 00:00:00.0
7898074611276;90688;PP ITAPEMA CASA BRANCA KOCHL;FLUIMUCILC/60 CPR EFERV 600MG;SIN ASIGNAR(M);2023-07-07 00:00:00.0
7898049795260;90688;PP ITAPEMA CASA BRANCA KOCHL;ACECLOFENACO VITAMEDICC/12 CPR REV 100MG GEN;SIN ASIGNAR(M);2026-02-19 00:00:00.0
7897595639066;90688;PP ITAPEMA CASA BRANCA KOCHL;ACICLOVIR NOVARTISC/30 CPR 400MG GEN;SIN ASIGNAR(M);2025-08-21 00:00:00.0
7897595635198;90688;PP ITAPEMA CASA BRANCA KOCHL;ACICLOVIR SANDOZC/50 CPR 200MG GEN;SIN ASIGNAR(M);2023-05-16 00:00:00.0
7897595602503;90688;PP ITAPEMA CASA BRANCA KOCHL;HERPESILC/25 CPR 200MG;SIN ASIGNAR(M);2025-06-27 00:00:00.0
7897316802861;90688;PP ITAPEMA CASA BRANCA KOCHL;PRED MILD10ML COLI 0,12%;SIN ASIGNAR(M);2024-12-19 00:00:00.0
7897076909312;90688;PP ITAPEMA CASA BRANCA KOCHL;ACECLOFENACO RANBAXYC/12 CPR REV 100MG GEN;SIN ASIGNAR(M);2023-03-13 00:00:00.0
7896658001680;90688;PP ITAPEMA CASA BRANCA KOCHL;VITA E ACHEC/30 CAPS 400MG;SIN ASIGNAR(M);2025-09-01 00:00:00.0
7896523227092;90688;PP ITAPEMA CASA BRANCA KOCHL;ACECLOFENACO CIMEDC/12 CPR REV 100MG GEN;SIN ASIGNAR(M);2024-03-29 00:00:00.0
7896241265543;90688;PP ITAPEMA CASA BRANCA KOCHL;SUPREMAC/28 CPR REV 2+1MG;SIN ASIGNAR(M);2025-07-25 00:00:00.0
7896112400554;90688;PP ITAPEMA CASA BRANCA KOCHL;DTN-FOLC/90 CAPS 400MCG+10MG;SIN ASIGNAR(M);2023-02-09 00:00:00.0
7896112116929;90688;PP ITAPEMA CASA BRANCA KOCHL;TEUTOVIT EC/30 CAPS 400MG;SIN ASIGNAR(M);2024-02-07 00:00:00.0
7896094208506;90688;PP ITAPEMA CASA BRANCA KOCHL;NATIFA PRO UBDC/28 CPR REV 0,5+0,1MG;SIN ASIGNAR(M);2025-07-01 00:00:00.0
7896094201477;90688;PP ITAPEMA CASA BRANCA KOCHL;NATIFA PROC/28 CPR REV 1+0,5MG;SIN ASIGNAR(M);2025-08-01 00:00:00.0
7896006290667;90688;PP ITAPEMA CASA BRANCA KOCHL;STER MD10ML SUSP OFT 1,2MG/ML;SIN ASIGNAR(M);2025-06-16 00:00:00.0
7896006245339;90688;PP ITAPEMA CASA BRANCA KOCHL;DIAMOXC/30 CPR 250MG;SIN ASIGNAR(M);2025-08-06 00:00:00.0
7896006245322;90688;PP ITAPEMA CASA BRANCA KOCHL;DIAMOXC/25 CPR 250MG;SIN ASIGNAR(M);2023-04-24 00:00:00.0
7896006201731;90688;PP ITAPEMA CASA BRANCA KOCHL;PRIMOSISTONC/30 CPR 2+0,01MG;SIN ASIGNAR(M);2025-08-31 00:00:00.0
7896006201717;90688;PP ITAPEMA CASA BRANCA KOCHL;PRIMOLUT NOR 10C/30 CPR 10MG;SIN ASIGNAR(M);2025-08-09 00:00:00.0
7896004775043;90688;PP ITAPEMA CASA BRANCA KOCHL;ACICLOVIR EMSC/30 CPR 400MG GEN;SIN ASIGNAR(M);2024-07-21 00:00:00.0
7896004722122;90688;PP ITAPEMA CASA BRANCA KOCHL;ACECLOFENACO EMSC/12 CPR REV 100MG GEN;SIN ASIGNAR(M);2025-08-18 00:00:00.0
7894916503754;90688;PP ITAPEMA CASA BRANCA KOCHL;AGLUCOSEC/30 CPR 50MG;SIN ASIGNAR(M);2025-03-28 00:00:00.0
7891721202391;90688;PP ITAPEMA CASA BRANCA KOCHL;ACICLOVIR MERCKC/30 CPR 400MG GEN;SIN ASIGNAR(M);2025-07-30 00:00:00.0
7891721023484;90688;PP ITAPEMA CASA BRANCA KOCHL;ACICLOVIR MERCKC/30 CPR 400MG GEN;SIN ASIGNAR(M);2022-03-21 00:00:00.0
7891317411923;90688;PP ITAPEMA CASA BRANCA KOCHL;PROFLAMC/12 CPR REV 100MG;SIN ASIGNAR(M);2025-07-23 00:00:00.0
7891317014773;90688;PP ITAPEMA CASA BRANCA KOCHL;EMAMAC/30 CAPS 400MG;SIN ASIGNAR(M);2025-04-12 00:00:00.0
7891317001513;90688;PP ITAPEMA CASA BRANCA KOCHL;ACICLOVIR EUROC/25 CPR 200MG GEN;SIN ASIGNAR(M);2025-02-15 00:00:00.0
7891268106213;90688;PP ITAPEMA CASA BRANCA KOCHL;PROVERAC/14 CPR 10MG;SIN ASIGNAR(M);2025-06-04 00:00:00.0
7891142128638;90688;PP ITAPEMA CASA BRANCA KOCHL;CELESTONE SOLUSPAN1ML SUSP INJ 3+3MG/ML;SIN ASIGNAR(M);2025-07-14 00:00:00.0
7891106000956;90688;PP ITAPEMA CASA BRANCA KOCHL;BAYCUTEN N40GR CR 10+0,4MG;SIN ASIGNAR(M);2025-08-14 00:00:00.0
7890282800015;90688;PP ITAPEMA CASA BRANCA KOCHL;ADEFORTE3ML SOL ORAL;SIN ASIGNAR(M);2023-09-12 00:00:00.0
5060632508508;90688;PP ITAPEMA CASA BRANCA KOCHL;SYSTEN CONTIC/8 ADES 50+170MCG/DIA;SIN ASIGNAR(M);2025-07-31 00:00:00.0
7899095232372;33997;FARMACIA ADJAILSON E JOSILEIDE LTDA;DEXAMETASONA CREME 10G GEOLAB;SIN ASIGNAR(M);2023-05-10 00:00:00.0
7898940658800;33997;FARMACIA ADJAILSON E JOSILEIDE LTDA;ACECLOFENACO 100MG C/12CPR ZYDUS;SIN ASIGNAR(M);2025-01-28 00:00:00.0
7898049795260;33997;FARMACIA ADJAILSON E JOSILEIDE LTDA;ACECLOFENACO 100MG C/12CPR VITAMEDIC;SIN ASIGNAR(M);2024-09-26 00:00:00.0
7897595637642;33997;FARMACIA ADJAILSON E JOSILEIDE LTDA;ACICLOVIR 200MG C/25 CPR SANDOZ;SIN ASIGNAR(M);2024-05-23 00:00:00.0
7897595602626;33997;FARMACIA ADJAILSON E JOSILEIDE LTDA;ACICLOVIR 200MG C/25 CPR SANDOZ;SIN ASIGNAR(M);2023-06-26 00:00:00.0
7897076909312;33997;FARMACIA ADJAILSON E JOSILEIDE LTDA;ACECLOFENACO 100MG C/12CPR RANBAXY;SIN ASIGNAR(M);2022-08-16 00:00:00.0
7896658001680;33997;FARMACIA ADJAILSON E JOSILEIDE LTDA;VITA-E 400MG C/30CPR;SIN ASIGNAR(M);2025-04-07 00:00:00.0
7896523227092;33997;FARMACIA ADJAILSON E JOSILEIDE LTDA;ACECLOFENACO 100MG C/12CPR CIMED;SIN ASIGNAR(M);2024-04-18 00:00:00.0
7896094201477;33997;FARMACIA ADJAILSON E JOSILEIDE LTDA;NATIFA PRO C/28;SIN ASIGNAR(M);2023-03-23 00:00:00.0
7896006245339;33997;FARMACIA ADJAILSON E JOSILEIDE LTDA;+ DIAMOX 250MG 30CPR   UNIA %DN:0.00;SIN ASIGNAR(M);2025-12-05 00:00:00.0
7896006245322;33997;FARMACIA ADJAILSON E JOSILEIDE LTDA;DIAMOX 250MG 25CPR GENOM;SIN ASIGNAR(M);2023-02-02 00:00:00.0
7896004722146;33997;FARMACIA ADJAILSON E JOSILEIDE LTDA;ACECLOFENACO 100MG C/12CPR GERMED;SIN ASIGNAR(M);2023-03-29 00:00:00.0
7896004722122;33997;FARMACIA ADJAILSON E JOSILEIDE LTDA;ACECLOFENACO 100MG C/12CPR EMS;SIN ASIGNAR(M);2022-09-30 00:00:00.0
7896004715377;33997;FARMACIA ADJAILSON E JOSILEIDE LTDA;CLOTRIMAZOL+DEXAMETASONA CR 40G GERMED;SIN ASIGNAR(M);2022-09-28 00:00:00.0
7895296118064;33997;FARMACIA ADJAILSON E JOSILEIDE LTDA;ACECLOFENACO 100MG C/12CPR NOVA QUIMICA;SIN ASIGNAR(M);2025-07-02 00:00:00.0
7891721202391;33997;FARMACIA ADJAILSON E JOSILEIDE LTDA;ACICLOVIR 400MG C/30CPR MERCK;SIN ASIGNAR(M);2025-02-17 00:00:00.0
7891721023484;33997;FARMACIA ADJAILSON E JOSILEIDE LTDA;ACICLOVIR 400MG C/30CPR MERCK;SIN ASIGNAR(M);2022-03-02 00:00:00.0
7891721023477;33997;FARMACIA ADJAILSON E JOSILEIDE LTDA;ACICLOVIR 200MG C/25CPR MERCK;SIN ASIGNAR(M);2022-06-09 00:00:00.0
7891317411923;33997;FARMACIA ADJAILSON E JOSILEIDE LTDA;PROFLAM 100MG 12CPR EUROFARMA;SIN ASIGNAR(M);2024-08-02 00:00:00.0
7891268106213;33997;FARMACIA ADJAILSON E JOSILEIDE LTDA;PROVERA 10MG 14CPR PFIZER;SIN ASIGNAR(M);2023-04-19 00:00:00.0
7891106906029;33997;FARMACIA ADJAILSON E JOSILEIDE LTDA;PRIMOSISTON 30CPR BAYER;SIN ASIGNAR(M);2025-10-24 00:00:00.0
7898133135606;48385;ADICAO DISTRIBUICAO EXPRESS LTDA;VITAMINA E NATULAB 400MG 30CPR;SIN ASIGNAR(M);2022-04-21 00:00:00.0
7898074617612;48385;ADICAO DISTRIBUICAO EXPRESS LTDA;FLUIMUCIL 600MG C/16 CPR EFERV;SIN ASIGNAR(M);2022-02-13 00:00:00.0
7898074616943;48385;ADICAO DISTRIBUICAO EXPRESS LTDA;FLUIMUCIL SOL NASAL 20 ML;SIN ASIGNAR(M);2022-03-15 00:00:00.0
7897076909312;48385;ADICAO DISTRIBUICAO EXPRESS LTDA;ACECLOFENACO 10;SIN ASIGNAR(M);2021-06-20 00:00:00.0
7896658001680;48385;ADICAO DISTRIBUICAO EXPRESS LTDA;VITA E 400 UI 30 CAPS;SIN ASIGNAR(M);2022-04-23 00:00:00.0
7896548198865;48385;ADICAO DISTRIBUICAO EXPRESS LTDA;FLORATE COL 5 ML;SIN ASIGNAR(M);2022-03-22 00:00:00.0
7896241265543;48385;ADICAO DISTRIBUICAO EXPRESS LTDA;SUPREMA 28 CPR;SIN ASIGNAR(M);2022-04-06 00:00:00.0
7896112400554;48385;ADICAO DISTRIBUICAO EXPRESS LTDA;D T N FOLICO 90CPR;SIN ASIGNAR(M);2022-04-21 00:00:00.0
7896094208506;48385;ADICAO DISTRIBUICAO EXPRESS LTDA;NATIFA PRO UBD 28CPR;SIN ASIGNAR(M);2021-12-21 00:00:00.0
7896094201477;48385;ADICAO DISTRIBUICAO EXPRESS LTDA;NATIFA PRO 1MG / 0,5MG 28 CPR;SIN ASIGNAR(M);2022-04-23 00:00:00.0
7896006290667;48385;ADICAO DISTRIBUICAO EXPRESS LTDA;STER MD 1,2MG/ML COL 10ML;SIN ASIGNAR(M);2021-12-24 00:00:00.0
7896006245322;48385;ADICAO DISTRIBUICAO EXPRESS LTDA;DIAMOX 250MG 25 CPR;SIN ASIGNAR(M);2022-04-13 00:00:00.0
7896004722122;48385;ADICAO DISTRIBUICAO EXPRESS LTDA;ACECLOFENACO 100MG 12 CPR EMS;SIN ASIGNAR(M);2022-04-21 00:00:00.0
7891721023484;48385;ADICAO DISTRIBUICAO EXPRESS LTDA;ACICLOVIR 400MG 30 CPR MER;SIN ASIGNAR(M);2022-04-19 00:00:00.0
7891317411923;48385;ADICAO DISTRIBUICAO EXPRESS LTDA;PROFLAN 100 MG 12 CPR;SIN ASIGNAR(M);2022-04-17 00:00:00.0
7891106000956;48385;ADICAO DISTRIBUICAO EXPRESS LTDA;BAYCUTEN N CR 40 GR;SIN ASIGNAR(M);2022-03-07 00:00:00.0
7898149934514;83857;CLAMED CL HEALTH CENTER LJ339;CIPROTERONA BERGAMOC/20 CPR 50MG GEN;SIN ASIGNAR(M);2022-10-10 00:00:00.0
7896112116929;83857;CLAMED CL HEALTH CENTER LJ339;TEUTOVIT EC/30 CAPS 400MG;SIN ASIGNAR(M);2023-04-05 00:00:00.0
7896094201477;83857;CLAMED CL HEALTH CENTER LJ339;NATIFA PROC/28 CPR REV 1+0,5MG;SIN ASIGNAR(M);2022-07-11 00:00:00.0
7896006245322;83857;CLAMED CL HEALTH CENTER LJ339;DIAMOXC/25 CPR 250MG;SIN ASIGNAR(M);2021-12-06 00:00:00.0
7896006201731;83857;CLAMED CL HEALTH CENTER LJ339;PRIMOSISTONC/30 CPR 2+0,01MG;SIN ASIGNAR(M);2023-11-09 00:00:00.0
7896006201717;83857;CLAMED CL HEALTH CENTER LJ339;PRIMOLUT NOR 10C/30 CPR 10MG;SIN ASIGNAR(M);2023-08-04 00:00:00.0
7891317014773;83857;CLAMED CL HEALTH CENTER LJ339;EMAMAC/30 CAPS 400MG;SIN ASIGNAR(M);2023-07-20 00:00:00.0
7890282800015;83857;CLAMED CL HEALTH CENTER LJ339;ADEFORTE3ML SOL ORAL;SIN ASIGNAR(M);2022-11-17 00:00:00.0
7898687732993;83265;PP PALMAS;DAMATERC/30 CAPS;SIN ASIGNAR(M);2023-02-13 00:00:00.0
7898149934514;83265;PP PALMAS;CIPROTERONA BERGAMOC/20 CPR 50MG GEN;SIN ASIGNAR(M);2024-01-11 00:00:00.0
7898074617612;83265;PP PALMAS;FLUIMUCILC/16 CPR EFERV 600MG;SIN ASIGNAR(M);2025-02-17 00:00:00.0
7898074616943;83265;PP PALMAS;FLUIMUCIL20ML SOL NAS 11,5MG/ML;SIN ASIGNAR(M);2023-07-24 00:00:00.0
7897595639134;83265;PP PALMAS;ACICLOVIR SANDOZC/60 CPR 400MG GEN;SIN ASIGNAR(M);2025-02-12 00:00:00.0
7897595635198;83265;PP PALMAS;ACICLOVIR SANDOZC/50 CPR 200MG GEN;SIN ASIGNAR(M);2025-02-18 00:00:00.0
7897595602503;83265;PP PALMAS;HERPESILC/25 CPR 200MG;SIN ASIGNAR(M);2024-09-13 00:00:00.0
7896658001680;83265;PP PALMAS;VITA E ACHEC/30 CAPS 400MG;SIN ASIGNAR(M);2024-11-12 00:00:00.0
7896523227092;83265;PP PALMAS;ACECLOFENACO CIMEDC/12 CPR REV 100MG GEN;SIN ASIGNAR(M);2023-06-28 00:00:00.0
7896241265543;83265;PP PALMAS;SUPREMAC/28 CPR REV 2+1MG;SIN ASIGNAR(M);2023-07-13 00:00:00.0
7896112400554;83265;PP PALMAS;DTN-FOLC/90 CAPS 400MCG+10MG;SIN ASIGNAR(M);2023-08-29 00:00:00.0
7896094208506;83265;PP PALMAS;NATIFA PRO UBDC/28 CPR REV 0,5+0,1MG;SIN ASIGNAR(M);2025-02-12 00:00:00.0
7896094201477;83265;PP PALMAS;NATIFA PROC/28 CPR REV 1+0,5MG;SIN ASIGNAR(M);2024-11-01 00:00:00.0
7896006290667;83265;PP PALMAS;STER MD10ML SUSP OFT 1,2MG/ML;SIN ASIGNAR(M);2024-12-17 00:00:00.0
7896006245339;83265;PP PALMAS;DIAMOXC/30 CPR 250MG;SIN ASIGNAR(M);2025-02-12 00:00:00.0
7896006245322;83265;PP PALMAS;DIAMOXC/25 CPR 250MG;SIN ASIGNAR(M);2023-06-12 00:00:00.0
7896006201731;83265;PP PALMAS;PRIMOSISTONC/30 CPR 2+0,01MG;SIN ASIGNAR(M);2024-11-25 00:00:00.0
7896006201717;83265;PP PALMAS;PRIMOLUT NOR 10C/30 CPR 10MG;SIN ASIGNAR(M);2025-02-25 00:00:00.0
7896004775043;83265;PP PALMAS;ACICLOVIR EMSC/30 CPR 400MG GEN;SIN ASIGNAR(M);2025-01-11 00:00:00.0
7896004722122;83265;PP PALMAS;ACECLOFENACO EMSC/12 CPR REV 100MG GEN;SIN ASIGNAR(M);2024-05-11 00:00:00.0
7895858017002;83265;PP PALMAS;ZZFLORINEFEC/100 CPR 0,1MG;SIN ASIGNAR(M);2022-12-10 00:00:00.0
7891721202391;83265;PP PALMAS;ACICLOVIR MERCKC/30 CPR 400MG GEN;SIN ASIGNAR(M);2022-12-22 00:00:00.0
7891721023484;83265;PP PALMAS;ACICLOVIR MERCKC/30 CPR 400MG GEN;SIN ASIGNAR(M);2022-03-27 00:00:00.0
7891317411923;83265;PP PALMAS;PROFLAMC/12 CPR REV 100MG;SIN ASIGNAR(M);2024-02-02 00:00:00.0
7891317014773;83265;PP PALMAS;EMAMAC/30 CAPS 400MG;SIN ASIGNAR(M);2022-10-18 00:00:00.0
7891317001513;83265;PP PALMAS;ACICLOVIR EUROC/25 CPR 200MG GEN;SIN ASIGNAR(M);2024-11-26 00:00:00.0
7891268106213;83265;PP PALMAS;PROVERAC/14 CPR 10MG;SIN ASIGNAR(M);2024-11-05 00:00:00.0
7891142128638;83265;PP PALMAS;CELESTONE SOLUSPAN1ML SUSP INJ 3+3MG/ML;SIN ASIGNAR(M);2023-05-12 00:00:00.0
7891106006149;83265;PP PALMAS;EPHYNALC/30 CAPS 400MG;SIN ASIGNAR(M);2025-02-03 00:00:00.0
7891106000956;83265;PP PALMAS;BAYCUTEN N40GR CR 10+0,4MG;SIN ASIGNAR(M);2023-10-13 00:00:00.0
7890282800015;83265;PP PALMAS;ADEFORTE3ML SOL ORAL;SIN ASIGNAR(M);2023-08-31 00:00:00.0
5060632508508;83265;PP PALMAS;SYSTEN CONTIC/8 ADES 50+170MCG/DIA;SIN ASIGNAR(M);2025-02-17 00:00:00.0
7898149934514;83293;DC FPOLIS COQUEIROS;CIPROTERONA BERGAMOC/20 CPR 50MG GEN;SIN ASIGNAR(M);2025-07-10 00:00:00.0
7898149932183;83293;DC FPOLIS COQUEIROS;FEMIGESTROLC/30 CPR 160MG;SIN ASIGNAR(M);2022-05-02 00:00:00.0
7898074617612;83293;DC FPOLIS COQUEIROS;FLUIMUCILC/16 CPR EFERV 600MG;SIN ASIGNAR(M);2025-07-17 00:00:00.0
7898074613430;83293;DC FPOLIS COQUEIROS;FLUIMUCILC/16 CPR EFERV 200MG;SIN ASIGNAR(M);2024-09-10 00:00:00.0
7898074611276;83293;DC FPOLIS COQUEIROS;FLUIMUCILC/60 CPR EFERV 600MG;SIN ASIGNAR(M);2023-04-27 00:00:00.0
7897595639066;83293;DC FPOLIS COQUEIROS;ACICLOVIR NOVARTISC/30 CPR 400MG GEN;SIN ASIGNAR(M);2025-10-06 00:00:00.0
7897595635198;83293;DC FPOLIS COQUEIROS;ACICLOVIR SANDOZC/50 CPR 200MG GEN;SIN ASIGNAR(M);2022-05-08 00:00:00.0
7897595604460;83293;DC FPOLIS COQUEIROS;LECTRUM1,5ML PO LIOF+SOL DIL 3,75MG;SIN ASIGNAR(M);2026-03-03 00:00:00.0
7897595602503;83293;DC FPOLIS COQUEIROS;HERPESILC/25 CPR 200MG;SIN ASIGNAR(M);2025-06-19 00:00:00.0
7897316802861;83293;DC FPOLIS COQUEIROS;PRED MILD10ML COLI 0,12%;SIN ASIGNAR(M);2023-12-23 00:00:00.0
7897076909312;83293;DC FPOLIS COQUEIROS;ACECLOFENACO RANBAXYC/12 CPR REV 100MG GEN;SIN ASIGNAR(M);2025-09-06 00:00:00.0
7896658001680;83293;DC FPOLIS COQUEIROS;VITA E ACHEC/30 CAPS 400MG;SIN ASIGNAR(M);2025-09-04 00:00:00.0
7896523227092;83293;DC FPOLIS COQUEIROS;ACECLOFENACO CIMEDC/12 CPR REV 100MG GEN;SIN ASIGNAR(M);2023-08-14 00:00:00.0
7896241265543;83293;DC FPOLIS COQUEIROS;SUPREMAC/28 CPR REV 2+1MG;SIN ASIGNAR(M);2025-03-11 00:00:00.0
7896165600055;83293;DC FPOLIS COQUEIROS;DDAVPC/30 CPR 0,2MG;SIN ASIGNAR(M);2025-09-03 00:00:00.0
7896112400554;83293;DC FPOLIS COQUEIROS;DTN-FOLC/90 CAPS 400MCG+10MG;SIN ASIGNAR(M);2024-04-10 00:00:00.0
7896112116929;83293;DC FPOLIS COQUEIROS;TEUTOVIT EC/30 CAPS 400MG;SIN ASIGNAR(M);2022-11-22 00:00:00.0
7896094208506;83293;DC FPOLIS COQUEIROS;NATIFA PRO UBDC/28 CPR REV 0,5+0,1MG;SIN ASIGNAR(M);2025-06-12 00:00:00.0
7896094201477;83293;DC FPOLIS COQUEIROS;NATIFA PROC/28 CPR REV 1+0,5MG;SIN ASIGNAR(M);2025-09-04 00:00:00.0
7896006290667;83293;DC FPOLIS COQUEIROS;STER MD10ML SUSP OFT 1,2MG/ML;SIN ASIGNAR(M);2025-08-30 00:00:00.0
7896006245339;83293;DC FPOLIS COQUEIROS;DIAMOXC/30 CPR 250MG;SIN ASIGNAR(M);2025-08-29 00:00:00.0
7896006245322;83293;DC FPOLIS COQUEIROS;DIAMOXC/25 CPR 250MG;SIN ASIGNAR(M);2023-05-10 00:00:00.0
7896006201731;83293;DC FPOLIS COQUEIROS;PRIMOSISTONC/30 CPR 2+0,01MG;SIN ASIGNAR(M);2025-08-26 00:00:00.0
7896006201717;83293;DC FPOLIS COQUEIROS;PRIMOLUT NOR 10C/30 CPR 10MG;SIN ASIGNAR(M);2023-05-20 00:00:00.0
7896004775043;83293;DC FPOLIS COQUEIROS;ACICLOVIR EMSC/30 CPR 400MG GEN;SIN ASIGNAR(M);2023-10-03 00:00:00.0
7896004722122;83293;DC FPOLIS COQUEIROS;ACECLOFENACO EMSC/12 CPR REV 100MG GEN;SIN ASIGNAR(M);2025-08-23 00:00:00.0
7895858017002;83293;DC FPOLIS COQUEIROS;ZZFLORINEFEC/100 CPR 0,1MG;SIN ASIGNAR(M);2023-05-31 00:00:00.0
7894916503761;83293;DC FPOLIS COQUEIROS;AGLUCOSEC/30 CPR 100MG;SIN ASIGNAR(M);2024-04-25 00:00:00.0
7891721202391;83293;DC FPOLIS COQUEIROS;ACICLOVIR MERCKC/30 CPR 400MG GEN;SIN ASIGNAR(M);2025-09-11 00:00:00.0
7891317411923;83293;DC FPOLIS COQUEIROS;PROFLAMC/12 CPR REV 100MG;SIN ASIGNAR(M);2025-08-18 00:00:00.0
7891317014773;83293;DC FPOLIS COQUEIROS;EMAMAC/30 CAPS 400MG;SIN ASIGNAR(M);2025-07-02 00:00:00.0
7891317001513;83293;DC FPOLIS COQUEIROS;ACICLOVIR EUROC/25 CPR 200MG GEN;SIN ASIGNAR(M);2024-04-22 00:00:00.0
7891268106213;83293;DC FPOLIS COQUEIROS;PROVERAC/14 CPR 10MG;SIN ASIGNAR(M);2025-07-15 00:00:00.0
7891142128638;83293;DC FPOLIS COQUEIROS;CELESTONE SOLUSPAN1ML SUSP INJ 3+3MG/ML;SIN ASIGNAR(M);2023-02-01 00:00:00.0
7891106006149;83293;DC FPOLIS COQUEIROS;EPHYNALC/30 CAPS 400MG;SIN ASIGNAR(M);2024-11-06 00:00:00.0
7891106000956;83293;DC FPOLIS COQUEIROS;BAYCUTEN N40GR CR 10+0,4MG;SIN ASIGNAR(M);2022-12-31 00:00:00.0
7890282800015;83293;DC FPOLIS COQUEIROS;ADEFORTE3ML SOL ORAL;SIN ASIGNAR(M);2023-09-06 00:00:00.0
5060632508515;83293;DC FPOLIS COQUEIROS;SYSTEN SEQUIC/8 ADES 50+50+170MCG/DIA;SIN ASIGNAR(M);2023-09-23 00:00:00.0
5060632508508;83293;DC FPOLIS COQUEIROS;SYSTEN CONTIC/8 ADES 50+170MCG/DIA;SIN ASIGNAR(M);2025-08-28 00:00:00.0
7898687732993;83210;PP CTBA MÁRIO TOURINHO;DAMATERC/30 CAPS;SIN ASIGNAR(M);2023-11-27 00:00:00.0
7898149934514;83210;PP CTBA MÁRIO TOURINHO;CIPROTERONA BERGAMOC/20 CPR 50MG GEN;SIN ASIGNAR(M);2025-08-11 00:00:00.0
7898074617612;83210;PP CTBA MÁRIO TOURINHO;FLUIMUCILC/16 CPR EFERV 600MG;SIN ASIGNAR(M);2025-04-03 00:00:00.0
7898074613430;83210;PP CTBA MÁRIO TOURINHO;FLUIMUCILC/16 CPR EFERV 200MG;SIN ASIGNAR(M);2023-07-12 00:00:00.0
7897595635198;83210;PP CTBA MÁRIO TOURINHO;ACICLOVIR SANDOZC/50 CPR 200MG GEN;SIN ASIGNAR(M);2024-01-03 00:00:00.0
7897595602503;83210;PP CTBA MÁRIO TOURINHO;HERPESILC/25 CPR 200MG;SIN ASIGNAR(M);2025-08-15 00:00:00.0
7897076909343;83210;PP CTBA MÁRIO TOURINHO;ACECLOFENACO RANBAXYC/24 CPR REV 100MG GEN;SIN ASIGNAR(M);2025-06-28 00:00:00.0
7896658001680;83210;PP CTBA MÁRIO TOURINHO;VITA E ACHEC/30 CAPS 400MG;SIN ASIGNAR(M);2024-04-27 00:00:00.0
7896523227092;83210;PP CTBA MÁRIO TOURINHO;ACECLOFENACO CIMEDC/12 CPR REV 100MG GEN;SIN ASIGNAR(M);2023-10-14 00:00:00.0
7896241265543;83210;PP CTBA MÁRIO TOURINHO;SUPREMAC/28 CPR REV 2+1MG;SIN ASIGNAR(M);2022-12-12 00:00:00.0
7896112400554;83210;PP CTBA MÁRIO TOURINHO;DTN-FOLC/90 CAPS 400MCG+10MG;SIN ASIGNAR(M);2024-03-26 00:00:00.0
7896094208506;83210;PP CTBA MÁRIO TOURINHO;NATIFA PRO UBDC/28 CPR REV 0,5+0,1MG;SIN ASIGNAR(M);2025-04-22 00:00:00.0
7896094201477;83210;PP CTBA MÁRIO TOURINHO;NATIFA PROC/28 CPR REV 1+0,5MG;SIN ASIGNAR(M);2025-09-03 00:00:00.0
7896006290667;83210;PP CTBA MÁRIO TOURINHO;STER MD10ML SUSP OFT 1,2MG/ML;SIN ASIGNAR(M);2025-08-22 00:00:00.0
7896006245339;83210;PP CTBA MÁRIO TOURINHO;DIAMOXC/30 CPR 250MG;SIN ASIGNAR(M);2025-08-01 00:00:00.0
7896006245322;83210;PP CTBA MÁRIO TOURINHO;DIAMOXC/25 CPR 250MG;SIN ASIGNAR(M);2023-05-02 00:00:00.0
7896006201731;83210;PP CTBA MÁRIO TOURINHO;PRIMOSISTONC/30 CPR 2+0,01MG;SIN ASIGNAR(M);2025-08-28 00:00:00.0
7896006201717;83210;PP CTBA MÁRIO TOURINHO;PRIMOLUT NOR 10C/30 CPR 10MG;SIN ASIGNAR(M);2025-06-26 00:00:00.0
7896004775043;83210;PP CTBA MÁRIO TOURINHO;ACICLOVIR EMSC/30 CPR 400MG GEN;SIN ASIGNAR(M);2025-08-28 00:00:00.0
7896004722122;83210;PP CTBA MÁRIO TOURINHO;ACECLOFENACO EMSC/12 CPR REV 100MG GEN;SIN ASIGNAR(M);2025-07-21 00:00:00.0
7895858017002;83210;PP CTBA MÁRIO TOURINHO;ZZFLORINEFEC/100 CPR 0,1MG;SIN ASIGNAR(M);2025-05-29 00:00:00.0
7891721202391;83210;PP CTBA MÁRIO TOURINHO;ACICLOVIR MERCKC/30 CPR 400MG GEN;SIN ASIGNAR(M);2024-12-13 00:00:00.0
7891317411923;83210;PP CTBA MÁRIO TOURINHO;PROFLAMC/12 CPR REV 100MG;SIN ASIGNAR(M);2023-11-23 00:00:00.0
7891317014773;83210;PP CTBA MÁRIO TOURINHO;EMAMAC/30 CAPS 400MG;SIN ASIGNAR(M);2025-06-12 00:00:00.0
7891317001513;83210;PP CTBA MÁRIO TOURINHO;ACICLOVIR EUROC/25 CPR 200MG GEN;SIN ASIGNAR(M);2025-08-04 00:00:00.0
7891268106213;83210;PP CTBA MÁRIO TOURINHO;PROVERAC/14 CPR 10MG;SIN ASIGNAR(M);2024-01-27 00:00:00.0
7891142128638;83210;PP CTBA MÁRIO TOURINHO;CELESTONE SOLUSPAN1ML SUSP INJ 3+3MG/ML;SIN ASIGNAR(M);2024-03-05 00:00:00.0
7891106000956;83210;PP CTBA MÁRIO TOURINHO;BAYCUTEN N40GR CR 10+0,4MG;SIN ASIGNAR(M);2023-09-29 00:00:00.0
7890282800015;83210;PP CTBA MÁRIO TOURINHO;ADEFORTE3ML SOL ORAL;SIN ASIGNAR(M);2023-09-18 00:00:00.0
5060632508508;83210;PP CTBA MÁRIO TOURINHO;SYSTEN CONTIC/8 ADES 50+170MCG/DIA;SIN ASIGNAR(M);2025-08-30 00:00:00.0
7898687732993;83335;PP S JOSÉ CAMPINAS I;DAMATERC/30 CAPS;SIN ASIGNAR(M);2023-03-17 00:00:00.0
7898149934514;83335;PP S JOSÉ CAMPINAS I;CIPROTERONA BERGAMOC/20 CPR 50MG GEN;SIN ASIGNAR(M);2025-10-27 00:00:00.0
7898074617612;83335;PP S JOSÉ CAMPINAS I;FLUIMUCILC/16 CPR EFERV 600MG;SIN ASIGNAR(M);2025-08-28 00:00:00.0
7898074611276;83335;PP S JOSÉ CAMPINAS I;FLUIMUCILC/60 CPR EFERV 600MG;SIN ASIGNAR(M);2024-03-08 00:00:00.0
7898049795260;83335;PP S JOSÉ CAMPINAS I;ACECLOFENACO VITAMEDICC/12 CPR REV 100MG GEN;SIN ASIGNAR(M);2025-11-26 00:00:00.0
7897595639066;83335;PP S JOSÉ CAMPINAS I;ACICLOVIR NOVARTISC/30 CPR 400MG GEN;SIN ASIGNAR(M);2025-09-06 00:00:00.0
7897595635198;83335;PP S JOSÉ CAMPINAS I;ACICLOVIR SANDOZC/50 CPR 200MG GEN;SIN ASIGNAR(M);2025-02-05 00:00:00.0
7897595604460;83335;PP S JOSÉ CAMPINAS I;LECTRUM1,5ML PO LIOF+SOL DIL 3,75MG;SIN ASIGNAR(M);2022-11-09 00:00:00.0
7897595602503;83335;PP S JOSÉ CAMPINAS I;HERPESILC/25 CPR 200MG;SIN ASIGNAR(M);2025-06-10 00:00:00.0
7896658001680;83335;PP S JOSÉ CAMPINAS I;VITA E ACHEC/30 CAPS 400MG;SIN ASIGNAR(M);2025-08-14 00:00:00.0
7896523227092;83335;PP S JOSÉ CAMPINAS I;ACECLOFENACO CIMEDC/12 CPR REV 100MG GEN;SIN ASIGNAR(M);2024-04-19 00:00:00.0
7896241265543;83335;PP S JOSÉ CAMPINAS I;SUPREMAC/28 CPR REV 2+1MG;SIN ASIGNAR(M);2025-08-23 00:00:00.0
7896165600055;83335;PP S JOSÉ CAMPINAS I;DDAVPC/30 CPR 0,2MG;SIN ASIGNAR(M);2026-02-20 00:00:00.0
7896165600048;83335;PP S JOSÉ CAMPINAS I;DDAVPC/30 CPR 0,1MG;SIN ASIGNAR(M);2025-12-12 00:00:00.0
7896112400554;83335;PP S JOSÉ CAMPINAS I;DTN-FOLC/90 CAPS 400MCG+10MG;SIN ASIGNAR(M);2024-03-01 00:00:00.0
7896112116929;83335;PP S JOSÉ CAMPINAS I;TEUTOVIT EC/30 CAPS 400MG;SIN ASIGNAR(M);2024-02-16 00:00:00.0
7896094208506;83335;PP S JOSÉ CAMPINAS I;NATIFA PRO UBDC/28 CPR REV 0,5+0,1MG;SIN ASIGNAR(M);2025-09-04 00:00:00.0
7896094201477;83335;PP S JOSÉ CAMPINAS I;NATIFA PROC/28 CPR REV 1+0,5MG;SIN ASIGNAR(M);2025-09-08 00:00:00.0
7896006290667;83335;PP S JOSÉ CAMPINAS I;STER MD10ML SUSP OFT 1,2MG/ML;SIN ASIGNAR(M);2025-08-08 00:00:00.0
7896006245339;83335;PP S JOSÉ CAMPINAS I;DIAMOXC/30 CPR 250MG;SIN ASIGNAR(M);2025-08-04 00:00:00.0
7896006245322;83335;PP S JOSÉ CAMPINAS I;DIAMOXC/25 CPR 250MG;SIN ASIGNAR(M);2023-05-02 00:00:00.0
7896006201731;83335;PP S JOSÉ CAMPINAS I;PRIMOSISTONC/30 CPR 2+0,01MG;SIN ASIGNAR(M);2025-09-08 00:00:00.0
7896006201717;83335;PP S JOSÉ CAMPINAS I;PRIMOLUT NOR 10C/30 CPR 10MG;SIN ASIGNAR(M);2025-09-02 00:00:00.0
7896004775043;83335;PP S JOSÉ CAMPINAS I;ACICLOVIR EMSC/30 CPR 400MG GEN;SIN ASIGNAR(M);2025-03-12 00:00:00.0
7896004722122;83335;PP S JOSÉ CAMPINAS I;ACECLOFENACO EMSC/12 CPR REV 100MG GEN;SIN ASIGNAR(M);2025-08-06 00:00:00.0
7894916503754;83335;PP S JOSÉ CAMPINAS I;AGLUCOSEC/30 CPR 50MG;SIN ASIGNAR(M);2025-08-22 00:00:00.0
7891721202391;83335;PP S JOSÉ CAMPINAS I;ACICLOVIR MERCKC/30 CPR 400MG GEN;SIN ASIGNAR(M);2025-08-13 00:00:00.0
7891721023484;83335;PP S JOSÉ CAMPINAS I;ACICLOVIR MERCKC/30 CPR 400MG GEN;SIN ASIGNAR(M);2022-02-28 00:00:00.0
7891317411923;83335;PP S JOSÉ CAMPINAS I;PROFLAMC/12 CPR REV 100MG;SIN ASIGNAR(M);2025-08-26 00:00:00.0
7891317020002;83335;PP S JOSÉ CAMPINAS I;ACECLOFENACO EUROC/12 CPR REV 100MG GEN;SIN ASIGNAR(M);2025-07-15 00:00:00.0
7891317014773;83335;PP S JOSÉ CAMPINAS I;EMAMAC/30 CAPS 400MG;SIN ASIGNAR(M);2025-06-16 00:00:00.0
7891317001513;83335;PP S JOSÉ CAMPINAS I;ACICLOVIR EUROC/25 CPR 200MG GEN;SIN ASIGNAR(M);2025-06-11 00:00:00.0
7891268106213;83335;PP S JOSÉ CAMPINAS I;PROVERAC/14 CPR 10MG;SIN ASIGNAR(M);2024-08-07 00:00:00.0
7891142128638;83335;PP S JOSÉ CAMPINAS I;CELESTONE SOLUSPAN1ML SUSP INJ 3+3MG/ML;SIN ASIGNAR(M);2022-10-11 00:00:00.0
7891106006149;83335;PP S JOSÉ CAMPINAS I;EPHYNALC/30 CAPS 400MG;SIN ASIGNAR(M);2025-02-19 00:00:00.0
7891106000956;83335;PP S JOSÉ CAMPINAS I;BAYCUTEN N40GR CR 10+0,4MG;SIN ASIGNAR(M);2025-08-09 00:00:00.0
7890282800015;83335;PP S JOSÉ CAMPINAS I;ADEFORTE3ML SOL ORAL;SIN ASIGNAR(M);2023-09-21 00:00:00.0
5060632508515;83335;PP S JOSÉ CAMPINAS I;SYSTEN SEQUIC/8 ADES 50+50+170MCG/DIA;SIN ASIGNAR(M);2025-09-03 00:00:00.0
5060632508508;83335;PP S JOSÉ CAMPINAS I;SYSTEN CONTIC/8 ADES 50+170MCG/DIA;SIN ASIGNAR(M);2025-09-08 00:00:00.0
5000456057547;83335;PP S JOSÉ CAMPINAS I;ZZZOLADEX DEPOT3,6MG INJ;SIN ASIGNAR(M);2025-03-04 00:00:00.0
7898149934514;83097;PP BENTO GONÇALVES MARECHAL;CIPROTERONA BERGAMOC/20 CPR 50MG GEN;SIN ASIGNAR(M);2025-08-05 00:00:00.0
7898074617612;83097;PP BENTO GONÇALVES MARECHAL;FLUIMUCILC/16 CPR EFERV 600MG;SIN ASIGNAR(M);2025-03-14 00:00:00.0
7897595639066;83097;PP BENTO GONÇALVES MARECHAL;ACICLOVIR NOVARTISC/30 CPR 400MG GEN;SIN ASIGNAR(M);2025-12-16 00:00:00.0
7897595635198;83097;PP BENTO GONÇALVES MARECHAL;ACICLOVIR SANDOZC/50 CPR 200MG GEN;SIN ASIGNAR(M);2024-02-15 00:00:00.0
7897076909343;83097;PP BENTO GONÇALVES MARECHAL;ACECLOFENACO RANBAXYC/24 CPR REV 100MG GEN;SIN ASIGNAR(M);2025-04-29 00:00:00.0
7897076909312;83097;PP BENTO GONÇALVES MARECHAL;ACECLOFENACO RANBAXYC/12 CPR REV 100MG GEN;SIN ASIGNAR(M);2025-09-06 00:00:00.0
7896658001680;83097;PP BENTO GONÇALVES MARECHAL;VITA E ACHEC/30 CAPS 400MG;SIN ASIGNAR(M);2025-09-01 00:00:00.0
7896523227092;83097;PP BENTO GONÇALVES MARECHAL;ACECLOFENACO CIMEDC/12 CPR REV 100MG GEN;SIN ASIGNAR(M);2023-12-20 00:00:00.0
7896241265543;83097;PP BENTO GONÇALVES MARECHAL;SUPREMAC/28 CPR REV 2+1MG;SIN ASIGNAR(M);2025-07-29 00:00:00.0
7896112400554;83097;PP BENTO GONÇALVES MARECHAL;DTN-FOLC/90 CAPS 400MCG+10MG;SIN ASIGNAR(M);2024-03-19 00:00:00.0
7896112116929;83097;PP BENTO GONÇALVES MARECHAL;TEUTOVIT EC/30 CAPS 400MG;SIN ASIGNAR(M);2024-03-08 00:00:00.0
7896094208506;83097;PP BENTO GONÇALVES MARECHAL;NATIFA PRO UBDC/28 CPR REV 0,5+0,1MG;SIN ASIGNAR(M);2025-07-07 00:00:00.0
7896094201477;83097;PP BENTO GONÇALVES MARECHAL;NATIFA PROC/28 CPR REV 1+0,5MG;SIN ASIGNAR(M);2025-09-04 00:00:00.0
7896006290667;83097;PP BENTO GONÇALVES MARECHAL;STER MD10ML SUSP OFT 1,2MG/ML;SIN ASIGNAR(M);2025-08-05 00:00:00.0
7896006245339;83097;PP BENTO GONÇALVES MARECHAL;DIAMOXC/30 CPR 250MG;SIN ASIGNAR(M);2025-09-01 00:00:00.0
7896006245322;83097;PP BENTO GONÇALVES MARECHAL;DIAMOXC/25 CPR 250MG;SIN ASIGNAR(M);2023-05-27 00:00:00.0
7896006201731;83097;PP BENTO GONÇALVES MARECHAL;PRIMOSISTONC/30 CPR 2+0,01MG;SIN ASIGNAR(M);2025-08-01 00:00:00.0
7896006201717;83097;PP BENTO GONÇALVES MARECHAL;PRIMOLUT NOR 10C/30 CPR 10MG;SIN ASIGNAR(M);2025-08-25 00:00:00.0
7896004775043;83097;PP BENTO GONÇALVES MARECHAL;ACICLOVIR EMSC/30 CPR 400MG GEN;SIN ASIGNAR(M);2025-06-10 00:00:00.0
7896004722122;83097;PP BENTO GONÇALVES MARECHAL;ACECLOFENACO EMSC/12 CPR REV 100MG GEN;SIN ASIGNAR(M);2025-04-29 00:00:00.0
7891317411923;83097;PP BENTO GONÇALVES MARECHAL;PROFLAMC/12 CPR REV 100MG;SIN ASIGNAR(M);2025-06-24 00:00:00.0
7891317014773;83097;PP BENTO GONÇALVES MARECHAL;EMAMAC/30 CAPS 400MG;SIN ASIGNAR(M);2025-05-07 00:00:00.0
7891317001513;83097;PP BENTO GONÇALVES MARECHAL;ACICLOVIR EUROC/25 CPR 200MG GEN;SIN ASIGNAR(M);2023-02-17 00:00:00.0
7891268106213;83097;PP BENTO GONÇALVES MARECHAL;PROVERAC/14 CPR 10MG;SIN ASIGNAR(M);2025-06-21 00:00:00.0
7891142128638;83097;PP BENTO GONÇALVES MARECHAL;CELESTONE SOLUSPAN1ML SUSP INJ 3+3MG/ML;SIN ASIGNAR(M);2025-05-22 00:00:00.0
7891106006149;83097;PP BENTO GONÇALVES MARECHAL;EPHYNALC/30 CAPS 400MG;SIN ASIGNAR(M);2023-02-15 00:00:00.0
7891106000956;83097;PP BENTO GONÇALVES MARECHAL;BAYCUTEN N40GR CR 10+0,4MG;SIN ASIGNAR(M);2025-05-17 00:00:00.0
7890282800015;83097;PP BENTO GONÇALVES MARECHAL;ADEFORTE3ML SOL ORAL;SIN ASIGNAR(M);2023-09-28 00:00:00.0
5060632508508;83097;PP BENTO GONÇALVES MARECHAL;SYSTEN CONTIC/8 ADES 50+170MCG/DIA;SIN ASIGNAR(M);2025-08-30 00:00:00.0
7898687732993;83130;PP ARAUCÁRIA CONDOR;DAMATERC/30 CAPS;SIN ASIGNAR(M);2023-11-20 00:00:00.0
7898149934514;83130;PP ARAUCÁRIA CONDOR;CIPROTERONA BERGAMOC/20 CPR 50MG GEN;SIN ASIGNAR(M);2025-08-14 00:00:00.0
7898074617612;83130;PP ARAUCÁRIA CONDOR;FLUIMUCILC/16 CPR EFERV 600MG;SIN ASIGNAR(M);2023-09-27 00:00:00.0
7898074616943;83130;PP ARAUCÁRIA CONDOR;FLUIMUCIL20ML SOL NAS 11,5MG/ML;SIN ASIGNAR(M);2023-05-18 00:00:00.0
7897595639066;83130;PP ARAUCÁRIA CONDOR;ACICLOVIR NOVARTISC/30 CPR 400MG GEN;SIN ASIGNAR(M);2025-12-01 00:00:00.0
7897595635198;83130;PP ARAUCÁRIA CONDOR;ACICLOVIR SANDOZC/50 CPR 200MG GEN;SIN ASIGNAR(M);2025-08-26 00:00:00.0
7897595604460;83130;PP ARAUCÁRIA CONDOR;ZZLECTRUM1,5ML PO LIOF+SOL DIL 3,75MG;SIN ASIGNAR(M);2026-06-27 00:00:00.0
7897595602503;83130;PP ARAUCÁRIA CONDOR;HERPESILC/25 CPR 200MG;SIN ASIGNAR(M);2025-09-02 00:00:00.0
7897316802861;83130;PP ARAUCÁRIA CONDOR;PRED MILD10ML COLI 0,12%;SIN ASIGNAR(M);2025-09-10 00:00:00.0
7896658001680;83130;PP ARAUCÁRIA CONDOR;VITA E ACHEC/30 CAPS 400MG;SIN ASIGNAR(M);2024-06-13 00:00:00.0
7896241265543;83130;PP ARAUCÁRIA CONDOR;SUPREMAC/28 CPR REV 2+1MG;SIN ASIGNAR(M);2025-09-04 00:00:00.0
7896165600055;83130;PP ARAUCÁRIA CONDOR;DDAVPC/30 CPR 0,2MG;SIN ASIGNAR(M);2022-09-02 00:00:00.0
7896112400554;83130;PP ARAUCÁRIA CONDOR;DTN-FOLC/90 CAPS 400MCG+10MG;SIN ASIGNAR(M);2023-11-30 00:00:00.0
7896094208506;83130;PP ARAUCÁRIA CONDOR;NATIFA PRO UBDC/28 CPR REV 0,5+0,1MG;SIN ASIGNAR(M);2025-04-21 00:00:00.0
7896094201477;83130;PP ARAUCÁRIA CONDOR;NATIFA PROC/28 CPR REV 1+0,5MG;SIN ASIGNAR(M);2025-08-28 00:00:00.0
7896006290667;83130;PP ARAUCÁRIA CONDOR;STER MD10ML SUSP OFT 1,2MG/ML;SIN ASIGNAR(M);2025-07-22 00:00:00.0
7896006245339;83130;PP ARAUCÁRIA CONDOR;DIAMOXC/30 CPR 250MG;SIN ASIGNAR(M);2025-09-03 00:00:00.0
7896006245322;83130;PP ARAUCÁRIA CONDOR;DIAMOXC/25 CPR 250MG;SIN ASIGNAR(M);2023-05-09 00:00:00.0
7896006201731;83130;PP ARAUCÁRIA CONDOR;PRIMOSISTONC/30 CPR 2+0,01MG;SIN ASIGNAR(M);2025-09-08 00:00:00.0
7896006201717;83130;PP ARAUCÁRIA CONDOR;PRIMOLUT NOR 10C/30 CPR 10MG;SIN ASIGNAR(M);2025-08-13 00:00:00.0
7896004775043;83130;PP ARAUCÁRIA CONDOR;ACICLOVIR EMSC/30 CPR 400MG GEN;SIN ASIGNAR(M);2025-09-08 00:00:00.0
7896004722122;83130;PP ARAUCÁRIA CONDOR;ACECLOFENACO EMSC/12 CPR REV 100MG GEN;SIN ASIGNAR(M);2025-07-26 00:00:00.0
7895858017002;83130;PP ARAUCÁRIA CONDOR;ZZFLORINEFEC/100 CPR 0,1MG;SIN ASIGNAR(M);2026-05-22 00:00:00.0
7894916503761;83130;PP ARAUCÁRIA CONDOR;AGLUCOSEC/30 CPR 100MG;SIN ASIGNAR(M);2023-12-21 00:00:00.0
7891721202391;83130;PP ARAUCÁRIA CONDOR;ACICLOVIR MERCKC/30 CPR 400MG GEN;SIN ASIGNAR(M);2024-08-13 00:00:00.0
7891317411923;83130;PP ARAUCÁRIA CONDOR;PROFLAMC/12 CPR REV 100MG;SIN ASIGNAR(M);2023-01-04 00:00:00.0
7891317014773;83130;PP ARAUCÁRIA CONDOR;EMAMAC/30 CAPS 400MG;SIN ASIGNAR(M);2025-05-27 00:00:00.0
7891317001513;83130;PP ARAUCÁRIA CONDOR;ACICLOVIR EUROC/25 CPR 200MG GEN;SIN ASIGNAR(M);2023-02-23 00:00:00.0
7891268106213;83130;PP ARAUCÁRIA CONDOR;PROVERAC/14 CPR 10MG;SIN ASIGNAR(M);2023-10-21 00:00:00.0
7891142128638;83130;PP ARAUCÁRIA CONDOR;CELESTONE SOLUSPAN1ML SUSP INJ 3+3MG/ML;SIN ASIGNAR(M);2025-08-23 00:00:00.0
7891106000956;83130;PP ARAUCÁRIA CONDOR;BAYCUTEN N40GR CR 10+0,4MG;SIN ASIGNAR(M);2025-07-28 00:00:00.0
7890282800015;83130;PP ARAUCÁRIA CONDOR;ADEFORTE3ML SOL ORAL;SIN ASIGNAR(M);2023-09-20 00:00:00.0
5060632508515;83130;PP ARAUCÁRIA CONDOR;SYSTEN SEQUIC/8 ADES 50+50+170MCG/DIA;SIN ASIGNAR(M);2024-01-03 00:00:00.0
5060632508508;83130;PP ARAUCÁRIA CONDOR;SYSTEN CONTIC/8 ADES 50+170MCG/DIA;SIN ASIGNAR(M);2025-05-12 00:00:00.0
7898149934514;83242;PP BC AV BRASIL IV;CIPROTERONA BERGAMOC/20 CPR 50MG GEN;SIN ASIGNAR(M);2022-09-15 00:00:00.0
7898074617612;83242;PP BC AV BRASIL IV;FLUIMUCILC/16 CPR EFERV 600MG;SIN ASIGNAR(M);2022-09-12 00:00:00.0
7898074616943;83242;PP BC AV BRASIL IV;FLUIMUCIL20ML SOL NAS 11,5MG/ML;SIN ASIGNAR(M);2022-05-05 00:00:00.0
7898074611276;83242;PP BC AV BRASIL IV;FLUIMUCILC/60 CPR EFERV 600MG;SIN ASIGNAR(M);2023-07-31 00:00:00.0
7897595635198;83242;PP BC AV BRASIL IV;ACICLOVIR SANDOZC/50 CPR 200MG GEN;SIN ASIGNAR(M);2022-10-27 00:00:00.0
7897595602503;83242;PP BC AV BRASIL IV;HERPESILC/25 CPR 200MG;SIN ASIGNAR(M);2022-11-09 00:00:00.0
7897316802861;83242;PP BC AV BRASIL IV;PRED MILD10ML COLI 0,12%;SIN ASIGNAR(M);2022-09-16 00:00:00.0
7897076909312;83242;PP BC AV BRASIL IV;ACECLOFENACO RANBAXYC/12 CPR REV 100MG GEN;SIN ASIGNAR(M);2022-09-27 00:00:00.0
7896658001680;83242;PP BC AV BRASIL IV;VITA E ACHEC/30 CAPS 400MG;SIN ASIGNAR(M);2022-09-12 00:00:00.0
7896523227092;83242;PP BC AV BRASIL IV;ACECLOFENACO CIMEDC/12 CPR REV 100MG GEN;SIN ASIGNAR(M);2023-02-27 00:00:00.0
7896241265543;83242;PP BC AV BRASIL IV;SUPREMAC/28 CPR REV 2+1MG;SIN ASIGNAR(M);2022-11-21 00:00:00.0
7896112400554;83242;PP BC AV BRASIL IV;DTN-FOLC/90 CAPS 400MCG+10MG;SIN ASIGNAR(M);2022-04-22 00:00:00.0
7896112116929;83242;PP BC AV BRASIL IV;TEUTOVIT EC/30 CAPS 400MG;SIN ASIGNAR(M);2022-07-20 00:00:00.0
7896094208506;83242;PP BC AV BRASIL IV;NATIFA PRO UBDC/28 CPR REV 0,5+0,1MG;SIN ASIGNAR(M);2022-11-12 00:00:00.0
7896094201477;83242;PP BC AV BRASIL IV;NATIFA PROC/28 CPR REV 1+0,5MG;SIN ASIGNAR(M);2022-12-12 00:00:00.0
7896006290667;83242;PP BC AV BRASIL IV;STER MD10ML SUSP OFT 1,2MG/ML;SIN ASIGNAR(M);2022-11-26 00:00:00.0
7896006245339;83242;PP BC AV BRASIL IV;DIAMOXC/30 CPR 250MG;SIN ASIGNAR(M);2023-07-27 00:00:00.0
7896006245322;83242;PP BC AV BRASIL IV;DIAMOXC/25 CPR 250MG;SIN ASIGNAR(M);2022-10-06 00:00:00.0
7896006201731;83242;PP BC AV BRASIL IV;PRIMOSISTONC/30 CPR 2+0,01MG;SIN ASIGNAR(M);2023-08-08 00:00:00.0
7896004775043;83242;PP BC AV BRASIL IV;ACICLOVIR EMSC/30 CPR 400MG GEN;SIN ASIGNAR(M);2022-08-30 00:00:00.0
7896004722122;83242;PP BC AV BRASIL IV;ACECLOFENACO EMSC/12 CPR REV 100MG GEN;SIN ASIGNAR(M);2022-09-22 00:00:00.0
7894916503761;83242;PP BC AV BRASIL IV;AGLUCOSEC/30 CPR 100MG;SIN ASIGNAR(M);2021-10-02 00:00:00.0
7891721202391;83242;PP BC AV BRASIL IV;ACICLOVIR MERCKC/30 CPR 400MG GEN;SIN ASIGNAR(M);2022-12-03 00:00:00.0
7891721023484;83242;PP BC AV BRASIL IV;ACICLOVIR MERCKC/30 CPR 400MG GEN;SIN ASIGNAR(M);2022-04-19 00:00:00.0
7891317411923;83242;PP BC AV BRASIL IV;PROFLAMC/12 CPR REV 100MG;SIN ASIGNAR(M);2022-11-07 00:00:00.0
7891317014773;83242;PP BC AV BRASIL IV;EMAMAC/30 CAPS 400MG;SIN ASIGNAR(M);2022-07-18 00:00:00.0
7891317001513;83242;PP BC AV BRASIL IV;ACICLOVIR EUROC/25 CPR 200MG GEN;SIN ASIGNAR(M);2022-12-14 00:00:00.0
7891142128638;83242;PP BC AV BRASIL IV;CELESTONE SOLUSPAN1ML SUSP INJ 3+3MG/ML;SIN ASIGNAR(M);2022-11-26 00:00:00.0
7891106000956;83242;PP BC AV BRASIL IV;BAYCUTEN N40GR CR 10+0,4MG;SIN ASIGNAR(M);2022-12-13 00:00:00.0
7890282800015;83242;PP BC AV BRASIL IV;ADEFORTE3ML SOL ORAL;SIN ASIGNAR(M);2022-12-13 00:00:00.0
5060632508508;83242;PP BC AV BRASIL IV;SYSTEN CONTIC/8 ADES 50+170MCG/DIA;SIN ASIGNAR(M);2022-12-06 00:00:00.0
7898687732993;83179;PP CURITIBANOS II;DAMATERC/30 CAPS;SIN ASIGNAR(M);2023-03-09 00:00:00.0
7898149934514;83179;PP CURITIBANOS II;CIPROTERONA BERGAMOC/20 CPR 50MG GEN;SIN ASIGNAR(M);2025-02-06 00:00:00.0
7898074617612;83179;PP CURITIBANOS II;FLUIMUCILC/16 CPR EFERV 600MG;SIN ASIGNAR(M);2024-11-11 00:00:00.0
7898074611276;83179;PP CURITIBANOS II;FLUIMUCILC/60 CPR EFERV 600MG;SIN ASIGNAR(M);2023-06-26 00:00:00.0
7897595639066;83179;PP CURITIBANOS II;ACICLOVIR NOVARTISC/30 CPR 400MG GEN;SIN ASIGNAR(M);2026-05-15 00:00:00.0
7897595635198;83179;PP CURITIBANOS II;ACICLOVIR SANDOZC/50 CPR 200MG GEN;SIN ASIGNAR(M);2023-09-21 00:00:00.0
7897595604460;83179;PP CURITIBANOS II;ZZLECTRUM1,5ML PO LIOF+SOL DIL 3,75MG;SIN ASIGNAR(M);2026-06-06 00:00:00.0
7897595602503;83179;PP CURITIBANOS II;HERPESILC/25 CPR 200MG;SIN ASIGNAR(M);2025-07-17 00:00:00.0
7897316802861;83179;PP CURITIBANOS II;PRED MILD10ML COLI 0,12%;SIN ASIGNAR(M);2024-03-23 00:00:00.0
7897076909312;83179;PP CURITIBANOS II;ACECLOFENACO RANBAXYC/12 CPR REV 100MG GEN;SIN ASIGNAR(M);2022-03-15 00:00:00.0
7896658001680;83179;PP CURITIBANOS II;VITA E ACHEC/30 CAPS 400MG;SIN ASIGNAR(M);2023-12-14 00:00:00.0
7896523227092;83179;PP CURITIBANOS II;ACECLOFENACO CIMEDC/12 CPR REV 100MG GEN;SIN ASIGNAR(M);2023-09-18 00:00:00.0
7896382708442;83179;PP CURITIBANOS II;VERZENIOSC/30 CPR REV 50MG;SIN ASIGNAR(M);2024-03-13 00:00:00.0
7896241265543;83179;PP CURITIBANOS II;SUPREMAC/28 CPR REV 2+1MG;SIN ASIGNAR(M);2025-05-05 00:00:00.0
7896165600048;83179;PP CURITIBANOS II;DDAVPC/30 CPR 0,1MG;SIN ASIGNAR(M);2025-03-19 00:00:00.0
7896112400554;83179;PP CURITIBANOS II;DTN-FOLC/90 CAPS 400MCG+10MG;SIN ASIGNAR(M);2024-11-12 00:00:00.0
7896112116929;83179;PP CURITIBANOS II;TEUTOVIT EC/30 CAPS 400MG;SIN ASIGNAR(M);2024-03-19 00:00:00.0
7896094208506;83179;PP CURITIBANOS II;NATIFA PRO UBDC/28 CPR REV 0,5+0,1MG;SIN ASIGNAR(M);2025-08-28 00:00:00.0
7896094201477;83179;PP CURITIBANOS II;NATIFA PROC/28 CPR REV 1+0,5MG;SIN ASIGNAR(M);2025-08-13 00:00:00.0
7896006290667;83179;PP CURITIBANOS II;STER MD10ML SUSP OFT 1,2MG/ML;SIN ASIGNAR(M);2025-08-20 00:00:00.0
7896006245339;83179;PP CURITIBANOS II;DIAMOXC/30 CPR 250MG;SIN ASIGNAR(M);2024-11-19 00:00:00.0
7896006245322;83179;PP CURITIBANOS II;DIAMOXC/25 CPR 250MG;SIN ASIGNAR(M);2025-01-06 00:00:00.0
7896006201731;83179;PP CURITIBANOS II;PRIMOSISTONC/30 CPR 2+0,01MG;SIN ASIGNAR(M);2025-08-27 00:00:00.0
7896006201717;83179;PP CURITIBANOS II;PRIMOLUT NOR 10C/30 CPR 10MG;SIN ASIGNAR(M);2025-07-14 00:00:00.0
7896004775043;83179;PP CURITIBANOS II;ACICLOVIR EMSC/30 CPR 400MG GEN;SIN ASIGNAR(M);2025-05-03 00:00:00.0
7896004722122;83179;PP CURITIBANOS II;ACECLOFENACO EMSC/12 CPR REV 100MG GEN;SIN ASIGNAR(M);2025-08-14 00:00:00.0
7894916503761;83179;PP CURITIBANOS II;AGLUCOSEC/30 CPR 100MG;SIN ASIGNAR(M);2025-03-11 00:00:00.0
7894916503754;83179;PP CURITIBANOS II;AGLUCOSEC/30 CPR 50MG;SIN ASIGNAR(M);2025-05-10 00:00:00.0
7891721202391;83179;PP CURITIBANOS II;ACICLOVIR MERCKC/30 CPR 400MG GEN;SIN ASIGNAR(M);2025-08-07 00:00:00.0
7891317411923;83179;PP CURITIBANOS II;PROFLAMC/12 CPR REV 100MG;SIN ASIGNAR(M);2024-09-24 00:00:00.0
7891317014773;83179;PP CURITIBANOS II;EMAMAC/30 CAPS 400MG;SIN ASIGNAR(M);2025-06-14 00:00:00.0
7891317001513;83179;PP CURITIBANOS II;ACICLOVIR EUROC/25 CPR 200MG GEN;SIN ASIGNAR(M);2023-12-22 00:00:00.0
7891268106213;83179;PP CURITIBANOS II;PROVERAC/14 CPR 10MG;SIN ASIGNAR(M);2022-03-11 00:00:00.0
7891142128638;83179;PP CURITIBANOS II;CELESTONE SOLUSPAN1ML SUSP INJ 3+3MG/ML;SIN ASIGNAR(M);2025-05-22 00:00:00.0
7891106000956;83179;PP CURITIBANOS II;BAYCUTEN N40GR CR 10+0,4MG;SIN ASIGNAR(M);2025-05-02 00:00:00.0
7890282800015;83179;PP CURITIBANOS II;ADEFORTE3ML SOL ORAL;SIN ASIGNAR(M);2023-08-28 00:00:00.0
5060632508508;83179;PP CURITIBANOS II;SYSTEN CONTIC/8 ADES 50+170MCG/DIA;SIN ASIGNAR(M);2025-03-31 00:00:00.0
7898687732993;83138;PP LONDRINA MUFFATO QUINTINO;DAMATERC/30 CAPS;SIN ASIGNAR(M);2023-12-15 00:00:00.0
7898149934514;83138;PP LONDRINA MUFFATO QUINTINO;CIPROTERONA BERGAMOC/20 CPR 50MG GEN;SIN ASIGNAR(M);2025-09-02 00:00:00.0
7898074617612;83138;PP LONDRINA MUFFATO QUINTINO;FLUIMUCILC/16 CPR EFERV 600MG;SIN ASIGNAR(M);2024-04-10 00:00:00.0
7898074616943;83138;PP LONDRINA MUFFATO QUINTINO;FLUIMUCIL20ML SOL NAS 11,5MG/ML;SIN ASIGNAR(M);2023-08-28 00:00:00.0
7897595639134;83138;PP LONDRINA MUFFATO QUINTINO;ACICLOVIR SANDOZC/60 CPR 400MG GEN;SIN ASIGNAR(M);2026-04-22 00:00:00.0
7897595639066;83138;PP LONDRINA MUFFATO QUINTINO;ACICLOVIR NOVARTISC/30 CPR 400MG GEN;SIN ASIGNAR(M);2026-01-08 00:00:00.0
7897595635198;83138;PP LONDRINA MUFFATO QUINTINO;ACICLOVIR SANDOZC/50 CPR 200MG GEN;SIN ASIGNAR(M);2025-03-03 00:00:00.0
7897595604460;83138;PP LONDRINA MUFFATO QUINTINO;LECTRUM1,5ML PO LIOF+SOL DIL 3,75MG;SIN ASIGNAR(M);2022-12-13 00:00:00.0
7897595602503;83138;PP LONDRINA MUFFATO QUINTINO;HERPESILC/25 CPR 200MG;SIN ASIGNAR(M);2025-08-06 00:00:00.0
7897076909312;83138;PP LONDRINA MUFFATO QUINTINO;ACECLOFENACO RANBAXYC/12 CPR REV 100MG GEN;SIN ASIGNAR(M);2026-08-10 00:00:00.0
7896658001680;83138;PP LONDRINA MUFFATO QUINTINO;VITA E ACHEC/30 CAPS 400MG;SIN ASIGNAR(M);2025-06-14 00:00:00.0
7896523227092;83138;PP LONDRINA MUFFATO QUINTINO;ACECLOFENACO CIMEDC/12 CPR REV 100MG GEN;SIN ASIGNAR(M);2023-05-26 00:00:00.0
7896241265543;83138;PP LONDRINA MUFFATO QUINTINO;SUPREMAC/28 CPR REV 2+1MG;SIN ASIGNAR(M);2025-08-24 00:00:00.0
7896112400554;83138;PP LONDRINA MUFFATO QUINTINO;DTN-FOLC/90 CAPS 400MCG+10MG;SIN ASIGNAR(M);2024-04-08 00:00:00.0
7896112116929;83138;PP LONDRINA MUFFATO QUINTINO;TEUTOVIT EC/30 CAPS 400MG;SIN ASIGNAR(M);2024-04-20 00:00:00.0
7896094208506;83138;PP LONDRINA MUFFATO QUINTINO;NATIFA PRO UBDC/28 CPR REV 0,5+0,1MG;SIN ASIGNAR(M);2025-09-08 00:00:00.0
7896094201477;83138;PP LONDRINA MUFFATO QUINTINO;NATIFA PROC/28 CPR REV 1+0,5MG;SIN ASIGNAR(M);2025-08-28 00:00:00.0
7896006290667;83138;PP LONDRINA MUFFATO QUINTINO;STER MD10ML SUSP OFT 1,2MG/ML;SIN ASIGNAR(M);2025-08-06 00:00:00.0
7896006245339;83138;PP LONDRINA MUFFATO QUINTINO;DIAMOXC/30 CPR 250MG;SIN ASIGNAR(M);2025-08-30 00:00:00.0
7896006245322;83138;PP LONDRINA MUFFATO QUINTINO;DIAMOXC/25 CPR 250MG;SIN ASIGNAR(M);2023-06-07 00:00:00.0
7896006201731;83138;PP LONDRINA MUFFATO QUINTINO;PRIMOSISTONC/30 CPR 2+0,01MG;SIN ASIGNAR(M);2025-08-24 00:00:00.0
7896006201717;83138;PP LONDRINA MUFFATO QUINTINO;PRIMOLUT NOR 10C/30 CPR 10MG;SIN ASIGNAR(M);2025-04-21 00:00:00.0
7896004775043;83138;PP LONDRINA MUFFATO QUINTINO;ACICLOVIR EMSC/30 CPR 400MG GEN;SIN ASIGNAR(M);2024-06-18 00:00:00.0
7896004722122;83138;PP LONDRINA MUFFATO QUINTINO;ACECLOFENACO EMSC/12 CPR REV 100MG GEN;SIN ASIGNAR(M);2025-06-07 00:00:00.0
7894916503754;83138;PP LONDRINA MUFFATO QUINTINO;AGLUCOSEC/30 CPR 50MG;SIN ASIGNAR(M);2026-08-03 00:00:00.0
7891721202391;83138;PP LONDRINA MUFFATO QUINTINO;ACICLOVIR MERCKC/30 CPR 400MG GEN;SIN ASIGNAR(M);2025-08-29 00:00:00.0
7891317411923;83138;PP LONDRINA MUFFATO QUINTINO;PROFLAMC/12 CPR REV 100MG;SIN ASIGNAR(M);2022-07-18 00:00:00.0
7891317020002;83138;PP LONDRINA MUFFATO QUINTINO;ACECLOFENACO EUROC/12 CPR REV 100MG GEN;SIN ASIGNAR(M);2025-03-28 00:00:00.0
7891317014773;83138;PP LONDRINA MUFFATO QUINTINO;EMAMAC/30 CAPS 400MG;SIN ASIGNAR(M);2025-05-23 00:00:00.0
7891317001513;83138;PP LONDRINA MUFFATO QUINTINO;ACICLOVIR EUROC/25 CPR 200MG GEN;SIN ASIGNAR(M);2023-10-25 00:00:00.0
7891268106213;83138;PP LONDRINA MUFFATO QUINTINO;PROVERAC/14 CPR 10MG;SIN ASIGNAR(M);2026-02-09 00:00:00.0
7891142128638;83138;PP LONDRINA MUFFATO QUINTINO;CELESTONE SOLUSPAN1ML SUSP INJ 3+3MG/ML;SIN ASIGNAR(M);2025-04-15 00:00:00.0
7891106000956;83138;PP LONDRINA MUFFATO QUINTINO;BAYCUTEN N40GR CR 10+0,4MG;SIN ASIGNAR(M);2025-07-20 00:00:00.0
7890282800015;83138;PP LONDRINA MUFFATO QUINTINO;ADEFORTE3ML SOL ORAL;SIN ASIGNAR(M);2023-09-15 00:00:00.0
5060632508515;83138;PP LONDRINA MUFFATO QUINTINO;SYSTEN SEQUIC/8 ADES 50+50+170MCG/DIA;SIN ASIGNAR(M);2025-08-22 00:00:00.0
5060632508508;83138;PP LONDRINA MUFFATO QUINTINO;SYSTEN CONTIC/8 ADES 50+170MCG/DIA;SIN ASIGNAR(M);2025-08-08 00:00:00.0
7898687732993;83126;PP CTBA NOVO MUNDO II;DAMATERC/30 CAPS;SIN ASIGNAR(M);2023-10-21 00:00:00.0
7898149934514;83126;PP CTBA NOVO MUNDO II;CIPROTERONA BERGAMOC/20 CPR 50MG GEN;SIN ASIGNAR(M);2025-05-02 00:00:00.0
7898074617612;83126;PP CTBA NOVO MUNDO II;FLUIMUCILC/16 CPR EFERV 600MG;SIN ASIGNAR(M);2022-12-20 00:00:00.0
7898074613430;83126;PP CTBA NOVO MUNDO II;FLUIMUCILC/16 CPR EFERV 200MG;SIN ASIGNAR(M);2023-08-09 00:00:00.0
7898049795260;83126;PP CTBA NOVO MUNDO II;ACECLOFENACO VITAMEDICC/12 CPR REV 100MG GEN;SIN ASIGNAR(M);2025-11-17 00:00:00.0
7897595639066;83126;PP CTBA NOVO MUNDO II;ACICLOVIR NOVARTISC/30 CPR 400MG GEN;SIN ASIGNAR(M);2025-09-05 00:00:00.0
7897595635198;83126;PP CTBA NOVO MUNDO II;ACICLOVIR SANDOZC/50 CPR 200MG GEN;SIN ASIGNAR(M);2025-07-25 00:00:00.0
7897595602503;83126;PP CTBA NOVO MUNDO II;HERPESILC/25 CPR 200MG;SIN ASIGNAR(M);2025-08-06 00:00:00.0
7897316802861;83126;PP CTBA NOVO MUNDO II;PRED MILD10ML COLI 0,12%;SIN ASIGNAR(M);2024-05-25 00:00:00.0
7896658001680;83126;PP CTBA NOVO MUNDO II;VITA E ACHEC/30 CAPS 400MG;SIN ASIGNAR(M);2025-07-11 00:00:00.0
7896523227092;83126;PP CTBA NOVO MUNDO II;ACECLOFENACO CIMEDC/12 CPR REV 100MG GEN;SIN ASIGNAR(M);2023-11-21 00:00:00.0
7896241265543;83126;PP CTBA NOVO MUNDO II;SUPREMAC/28 CPR REV 2+1MG;SIN ASIGNAR(M);2025-06-26 00:00:00.0
7896112400554;83126;PP CTBA NOVO MUNDO II;DTN-FOLC/90 CAPS 400MCG+10MG;SIN ASIGNAR(M);2024-02-06 00:00:00.0
7896112116929;83126;PP CTBA NOVO MUNDO II;TEUTOVIT EC/30 CAPS 400MG;SIN ASIGNAR(M);2023-03-30 00:00:00.0
7896094208506;83126;PP CTBA NOVO MUNDO II;NATIFA PRO UBDC/28 CPR REV 0,5+0,1MG;SIN ASIGNAR(M);2025-05-16 00:00:00.0
7896094201477;83126;PP CTBA NOVO MUNDO II;NATIFA PROC/28 CPR REV 1+0,5MG;SIN ASIGNAR(M);2025-08-27 00:00:00.0
7896006290667;83126;PP CTBA NOVO MUNDO II;STER MD10ML SUSP OFT 1,2MG/ML;SIN ASIGNAR(M);2025-08-18 00:00:00.0
7896006245339;83126;PP CTBA NOVO MUNDO II;DIAMOXC/30 CPR 250MG;SIN ASIGNAR(M);2025-09-01 00:00:00.0
7896006245322;83126;PP CTBA NOVO MUNDO II;DIAMOXC/25 CPR 250MG;SIN ASIGNAR(M);2023-05-19 00:00:00.0
7896006201731;83126;PP CTBA NOVO MUNDO II;PRIMOSISTONC/30 CPR 2+0,01MG;SIN ASIGNAR(M);2025-08-15 00:00:00.0
7896006201717;83126;PP CTBA NOVO MUNDO II;PRIMOLUT NOR 10C/30 CPR 10MG;SIN ASIGNAR(M);2025-08-14 00:00:00.0
7896004775043;83126;PP CTBA NOVO MUNDO II;ACICLOVIR EMSC/30 CPR 400MG GEN;SIN ASIGNAR(M);2023-09-11 00:00:00.0
7896004722122;83126;PP CTBA NOVO MUNDO II;ACECLOFENACO EMSC/12 CPR REV 100MG GEN;SIN ASIGNAR(M);2025-06-09 00:00:00.0
7894916503754;83126;PP CTBA NOVO MUNDO II;AGLUCOSEC/30 CPR 50MG;SIN ASIGNAR(M);2025-06-13 00:00:00.0
7891721202391;83126;PP CTBA NOVO MUNDO II;ACICLOVIR MERCKC/30 CPR 400MG GEN;SIN ASIGNAR(M);2025-10-30 00:00:00.0
7891317411923;83126;PP CTBA NOVO MUNDO II;PROFLAMC/12 CPR REV 100MG;SIN ASIGNAR(M);2023-05-12 00:00:00.0
7891317014773;83126;PP CTBA NOVO MUNDO II;EMAMAC/30 CAPS 400MG;SIN ASIGNAR(M);2025-06-04 00:00:00.0
7891317001513;83126;PP CTBA NOVO MUNDO II;ACICLOVIR EUROC/25 CPR 200MG GEN;SIN ASIGNAR(M);2023-05-19 00:00:00.0
7891268106213;83126;PP CTBA NOVO MUNDO II;PROVERAC/14 CPR 10MG;SIN ASIGNAR(M);2025-04-26 00:00:00.0
7891106000956;83126;PP CTBA NOVO MUNDO II;BAYCUTEN N40GR CR 10+0,4MG;SIN ASIGNAR(M);2025-07-09 00:00:00.0
7890282800015;83126;PP CTBA NOVO MUNDO II;ADEFORTE3ML SOL ORAL;SIN ASIGNAR(M);2023-09-29 00:00:00.0
5060632508508;83126;PP CTBA NOVO MUNDO II;SYSTEN CONTIC/8 ADES 50+170MCG/DIA;SIN ASIGNAR(M);2025-06-13 00:00:00.0
7898687732993;83285;PP ITAJAÍ FAZENDA;DAMATERC/30 CAPS;SIN ASIGNAR(M);2024-01-15 00:00:00.0
7898149934514;83285;PP ITAJAÍ FAZENDA;CIPROTERONA BERGAMOC/20 CPR 50MG GEN;SIN ASIGNAR(M);2026-04-20 00:00:00.0
7898074617612;83285;PP ITAJAÍ FAZENDA;FLUIMUCILC/16 CPR EFERV 600MG;SIN ASIGNAR(M);2025-07-26 00:00:00.0
7898049795260;83285;PP ITAJAÍ FAZENDA;ACECLOFENACO VITAMEDICC/12 CPR REV 100MG GEN;SIN ASIGNAR(M);2026-06-11 00:00:00.0
7897595635198;83285;PP ITAJAÍ FAZENDA;ACICLOVIR SANDOZC/50 CPR 200MG GEN;SIN ASIGNAR(M);2025-07-04 00:00:00.0
7897595604460;83285;PP ITAJAÍ FAZENDA;LECTRUM1,5ML PO LIOF+SOL DIL 3,75MG;SIN ASIGNAR(M);2024-08-08 00:00:00.0
7897595602503;83285;PP ITAJAÍ FAZENDA;HERPESILC/25 CPR 200MG;SIN ASIGNAR(M);2025-05-18 00:00:00.0
7897316802861;83285;PP ITAJAÍ FAZENDA;PRED MILD10ML COLI 0,12%;SIN ASIGNAR(M);2025-01-17 00:00:00.0
7896658001680;83285;PP ITAJAÍ FAZENDA;VITA E ACHEC/30 CAPS 400MG;SIN ASIGNAR(M);2025-06-06 00:00:00.0
7896523227092;83285;PP ITAJAÍ FAZENDA;ACECLOFENACO CIMEDC/12 CPR REV 100MG GEN;SIN ASIGNAR(M);2024-07-25 00:00:00.0
7896241265543;83285;PP ITAJAÍ FAZENDA;SUPREMAC/28 CPR REV 2+1MG;SIN ASIGNAR(M);2025-06-03 00:00:00.0
7896112400554;83285;PP ITAJAÍ FAZENDA;DTN-FOLC/90 CAPS 400MCG+10MG;SIN ASIGNAR(M);2024-05-08 00:00:00.0
7896112116929;83285;PP ITAJAÍ FAZENDA;TEUTOVIT EC/30 CAPS 400MG;SIN ASIGNAR(M);2024-02-19 00:00:00.0
7896094208506;83285;PP ITAJAÍ FAZENDA;NATIFA PRO UBDC/28 CPR REV 0,5+0,1MG;SIN ASIGNAR(M);2025-09-02 00:00:00.0
7896094201477;83285;PP ITAJAÍ FAZENDA;NATIFA PROC/28 CPR REV 1+0,5MG;SIN ASIGNAR(M);2025-09-01 00:00:00.0
7896006290667;83285;PP ITAJAÍ FAZENDA;STER MD10ML SUSP OFT 1,2MG/ML;SIN ASIGNAR(M);2025-03-07 00:00:00.0
7896006245339;83285;PP ITAJAÍ FAZENDA;DIAMOXC/30 CPR 250MG;SIN ASIGNAR(M);2025-08-23 00:00:00.0
7896006245322;83285;PP ITAJAÍ FAZENDA;DIAMOXC/25 CPR 250MG;SIN ASIGNAR(M);2023-05-10 00:00:00.0
7896006201731;83285;PP ITAJAÍ FAZENDA;PRIMOSISTONC/30 CPR 2+0,01MG;SIN ASIGNAR(M);2025-08-22 00:00:00.0
7896006201717;83285;PP ITAJAÍ FAZENDA;PRIMOLUT NOR 10C/30 CPR 10MG;SIN ASIGNAR(M);2025-07-29 00:00:00.0
7896004775043;83285;PP ITAJAÍ FAZENDA;ACICLOVIR EMSC/30 CPR 400MG GEN;SIN ASIGNAR(M);2025-08-27 00:00:00.0
7896004722122;83285;PP ITAJAÍ FAZENDA;ACECLOFENACO EMSC/12 CPR REV 100MG GEN;SIN ASIGNAR(M);2025-08-03 00:00:00.0
7895858017002;83285;PP ITAJAÍ FAZENDA;ZZFLORINEFEC/100 CPR 0,1MG;SIN ASIGNAR(M);2026-02-19 00:00:00.0
7894916503761;83285;PP ITAJAÍ FAZENDA;AGLUCOSEC/30 CPR 100MG;SIN ASIGNAR(M);2023-12-28 00:00:00.0
7891721202391;83285;PP ITAJAÍ FAZENDA;ACICLOVIR MERCKC/30 CPR 400MG GEN;SIN ASIGNAR(M);2025-09-02 00:00:00.0
7891721023484;83285;PP ITAJAÍ FAZENDA;ACICLOVIR MERCKC/30 CPR 400MG GEN;SIN ASIGNAR(M);2022-04-29 00:00:00.0
7891317411923;83285;PP ITAJAÍ FAZENDA;PROFLAMC/12 CPR REV 100MG;SIN ASIGNAR(M);2025-07-16 00:00:00.0
7891317020002;83285;PP ITAJAÍ FAZENDA;ACECLOFENACO EUROC/12 CPR REV 100MG GEN;SIN ASIGNAR(M);2025-05-19 00:00:00.0
7891317014773;83285;PP ITAJAÍ FAZENDA;EMAMAC/30 CAPS 400MG;SIN ASIGNAR(M);2025-05-21 00:00:00.0
7891317001513;83285;PP ITAJAÍ FAZENDA;ACICLOVIR EUROC/25 CPR 200MG GEN;SIN ASIGNAR(M);2025-09-06 00:00:00.0
7891268106213;83285;PP ITAJAÍ FAZENDA;PROVERAC/14 CPR 10MG;SIN ASIGNAR(M);2024-12-23 00:00:00.0
7891142128638;83285;PP ITAJAÍ FAZENDA;CELESTONE SOLUSPAN1ML SUSP INJ 3+3MG/ML;SIN ASIGNAR(M);2024-12-28 00:00:00.0
7891106006149;83285;PP ITAJAÍ FAZENDA;EPHYNALC/30 CAPS 400MG;SIN ASIGNAR(M);2024-12-15 00:00:00.0
7891106000956;83285;PP ITAJAÍ FAZENDA;BAYCUTEN N40GR CR 10+0,4MG;SIN ASIGNAR(M);2025-06-03 00:00:00.0
7890282800015;83285;PP ITAJAÍ FAZENDA;ADEFORTE3ML SOL ORAL;SIN ASIGNAR(M);2023-09-27 00:00:00.0
5060632508508;83285;PP ITAJAÍ FAZENDA;SYSTEN CONTIC/8 ADES 50+170MCG/DIA;SIN ASIGNAR(M);2025-09-04 00:00:00.0
7898149934514;83374;PP FPOLIS GAMA D ECA;CIPROTERONA BERGAMOC/20 CPR 50MG GEN;SIN ASIGNAR(M);2024-05-22 00:00:00.0
7898074617612;83374;PP FPOLIS GAMA D ECA;FLUIMUCILC/16 CPR EFERV 600MG;SIN ASIGNAR(M);2025-07-28 00:00:00.0
7898074616943;83374;PP FPOLIS GAMA D ECA;FLUIMUCIL20ML SOL NAS 11,5MG/ML;SIN ASIGNAR(M);2023-06-06 00:00:00.0
7897595639134;83374;PP FPOLIS GAMA D ECA;ACICLOVIR SANDOZC/60 CPR 400MG GEN;SIN ASIGNAR(M);2025-11-10 00:00:00.0
7897595635198;83374;PP FPOLIS GAMA D ECA;ACICLOVIR SANDOZC/50 CPR 200MG GEN;SIN ASIGNAR(M);2025-09-08 00:00:00.0
7897595602503;83374;PP FPOLIS GAMA D ECA;HERPESILC/25 CPR 200MG;SIN ASIGNAR(M);2025-08-12 00:00:00.0
7897316802861;83374;PP FPOLIS GAMA D ECA;PRED MILD10ML COLI 0,12%;SIN ASIGNAR(M);2025-08-27 00:00:00.0
7896658001680;83374;PP FPOLIS GAMA D ECA;VITA E ACHEC/30 CAPS 400MG;SIN ASIGNAR(M);2025-07-18 00:00:00.0
7896241265543;83374;PP FPOLIS GAMA D ECA;SUPREMAC/28 CPR REV 2+1MG;SIN ASIGNAR(M);2025-08-29 00:00:00.0
7896165600055;83374;PP FPOLIS GAMA D ECA;DDAVPC/30 CPR 0,2MG;SIN ASIGNAR(M);2023-07-22 00:00:00.0
7896112427032;83374;PP FPOLIS GAMA D ECA;ENVIDC/30 CAPS 800MCG+20MG;SIN ASIGNAR(M);2022-08-15 00:00:00.0
7896112400554;83374;PP FPOLIS GAMA D ECA;DTN-FOLC/90 CAPS 400MCG+10MG;SIN ASIGNAR(M);2024-05-24 00:00:00.0
7896112116929;83374;PP FPOLIS GAMA D ECA;TEUTOVIT EC/30 CAPS 400MG;SIN ASIGNAR(M);2024-02-21 00:00:00.0
7896094208506;83374;PP FPOLIS GAMA D ECA;NATIFA PRO UBDC/28 CPR REV 0,5+0,1MG;SIN ASIGNAR(M);2025-07-24 00:00:00.0
7896094201477;83374;PP FPOLIS GAMA D ECA;NATIFA PROC/28 CPR REV 1+0,5MG;SIN ASIGNAR(M);2025-09-06 00:00:00.0
7896006290667;83374;PP FPOLIS GAMA D ECA;STER MD10ML SUSP OFT 1,2MG/ML;SIN ASIGNAR(M);2025-08-18 00:00:00.0
7896006245339;83374;PP FPOLIS GAMA D ECA;DIAMOXC/30 CPR 250MG;SIN ASIGNAR(M);2025-09-03 00:00:00.0
7896006245322;83374;PP FPOLIS GAMA D ECA;DIAMOXC/25 CPR 250MG;SIN ASIGNAR(M);2023-06-14 00:00:00.0
7896006201731;83374;PP FPOLIS GAMA D ECA;PRIMOSISTONC/30 CPR 2+0,01MG;SIN ASIGNAR(M);2025-09-02 00:00:00.0
7896006201717;83374;PP FPOLIS GAMA D ECA;PRIMOLUT NOR 10C/30 CPR 10MG;SIN ASIGNAR(M);2025-08-05 00:00:00.0
7896004775043;83374;PP FPOLIS GAMA D ECA;ACICLOVIR EMSC/30 CPR 400MG GEN;SIN ASIGNAR(M);2025-08-11 00:00:00.0
7896004722122;83374;PP FPOLIS GAMA D ECA;ACECLOFENACO EMSC/12 CPR REV 100MG GEN;SIN ASIGNAR(M);2025-07-01 00:00:00.0
7895858017002;83374;PP FPOLIS GAMA D ECA;ZZFLORINEFEC/100 CPR 0,1MG;SIN ASIGNAR(M);2025-07-30 00:00:00.0
7894916503754;83374;PP FPOLIS GAMA D ECA;AGLUCOSEC/30 CPR 50MG;SIN ASIGNAR(M);2023-11-11 00:00:00.0
7891721202391;83374;PP FPOLIS GAMA D ECA;ACICLOVIR MERCKC/30 CPR 400MG GEN;SIN ASIGNAR(M);2025-09-04 00:00:00.0
7891721023484;83374;PP FPOLIS GAMA D ECA;ACICLOVIR MERCKC/30 CPR 400MG GEN;SIN ASIGNAR(M);2022-04-30 00:00:00.0
7891317411923;83374;PP FPOLIS GAMA D ECA;PROFLAMC/12 CPR REV 100MG;SIN ASIGNAR(M);2025-04-20 00:00:00.0
7891317020002;83374;PP FPOLIS GAMA D ECA;ACECLOFENACO EUROC/12 CPR REV 100MG GEN;SIN ASIGNAR(M);2024-10-22 00:00:00.0
7891317014773;83374;PP FPOLIS GAMA D ECA;EMAMAC/30 CAPS 400MG;SIN ASIGNAR(M);2025-06-02 00:00:00.0
7891317001513;83374;PP FPOLIS GAMA D ECA;ACICLOVIR EUROC/25 CPR 200MG GEN;SIN ASIGNAR(M);2025-08-30 00:00:00.0
7891268106213;83374;PP FPOLIS GAMA D ECA;PROVERAC/14 CPR 10MG;SIN ASIGNAR(M);2025-02-28 00:00:00.0
7891142128638;83374;PP FPOLIS GAMA D ECA;CELESTONE SOLUSPAN1ML SUSP INJ 3+3MG/ML;SIN ASIGNAR(M);2023-12-04 00:00:00.0
7891106006149;83374;PP FPOLIS GAMA D ECA;EPHYNALC/30 CAPS 400MG;SIN ASIGNAR(M);2025-05-22 00:00:00.0
7891106000956;83374;PP FPOLIS GAMA D ECA;BAYCUTEN N40GR CR 10+0,4MG;SIN ASIGNAR(M);2024-12-09 00:00:00.0
7890282800015;83374;PP FPOLIS GAMA D ECA;ADEFORTE3ML SOL ORAL;SIN ASIGNAR(M);2023-08-29 00:00:00.0
5060632508515;83374;PP FPOLIS GAMA D ECA;SYSTEN SEQUIC/8 ADES 50+50+170MCG/DIA;SIN ASIGNAR(M);2025-09-04 00:00:00.0
5060632508508;83374;PP FPOLIS GAMA D ECA;SYSTEN CONTIC/8 ADES 50+170MCG/DIA;SIN ASIGNAR(M);2025-08-26 00:00:00.0
7898687732993;83378;PP GRAVATAÍ I;DAMATERC/30 CAPS;SIN ASIGNAR(M);2023-12-26 00:00:00.0
7898149934514;83378;PP GRAVATAÍ I;CIPROTERONA BERGAMOC/20 CPR 50MG GEN;SIN ASIGNAR(M);2025-09-02 00:00:00.0
7898074617612;83378;PP GRAVATAÍ I;FLUIMUCILC/16 CPR EFERV 600MG;SIN ASIGNAR(M);2025-08-13 00:00:00.0
7898074613430;83378;PP GRAVATAÍ I;FLUIMUCILC/16 CPR EFERV 200MG;SIN ASIGNAR(M);2021-12-23 00:00:00.0
7898074611276;83378;PP GRAVATAÍ I;FLUIMUCILC/60 CPR EFERV 600MG;SIN ASIGNAR(M);2025-06-09 00:00:00.0
7897595639134;83378;PP GRAVATAÍ I;ACICLOVIR SANDOZC/60 CPR 400MG GEN;SIN ASIGNAR(M);2026-03-03 00:00:00.0
7897595639066;83378;PP GRAVATAÍ I;ACICLOVIR NOVARTISC/30 CPR 400MG GEN;SIN ASIGNAR(M);2025-06-20 00:00:00.0
7897595635198;83378;PP GRAVATAÍ I;ACICLOVIR SANDOZC/50 CPR 200MG GEN;SIN ASIGNAR(M);2025-03-25 00:00:00.0
7897595604460;83378;PP GRAVATAÍ I;ZZLECTRUM1,5ML PO LIOF+SOL DIL 3,75MG;Por Defecto;2026-09-24 00:00:00.0
7897316802861;83378;PP GRAVATAÍ I;PRED MILD10ML COLI 0,12%;SIN ASIGNAR(M);2024-10-04 00:00:00.0
7897076909343;83378;PP GRAVATAÍ I;ACECLOFENACO RANBAXYC/24 CPR REV 100MG GEN;SIN ASIGNAR(M);2025-06-10 00:00:00.0
7897076909312;83378;PP GRAVATAÍ I;ACECLOFENACO RANBAXYC/12 CPR REV 100MG GEN;SIN ASIGNAR(M);2025-08-11 00:00:00.0
7896658001680;83378;PP GRAVATAÍ I;VITA E ACHEC/30 CAPS 400MG;SIN ASIGNAR(M);2025-08-05 00:00:00.0
7896523227092;83378;PP GRAVATAÍ I;ACECLOFENACO CIMEDC/12 CPR REV 100MG GEN;SIN ASIGNAR(M);2024-05-04 00:00:00.0
7896241265543;83378;PP GRAVATAÍ I;SUPREMAC/28 CPR REV 2+1MG;SIN ASIGNAR(M);2025-09-06 00:00:00.0
7896165600055;83378;PP GRAVATAÍ I;DDAVPC/30 CPR 0,2MG;SIN ASIGNAR(M);2022-09-23 00:00:00.0
7896165600048;83378;PP GRAVATAÍ I;DDAVPC/30 CPR 0,1MG;SIN ASIGNAR(M);2025-12-26 00:00:00.0
7896112427032;83378;PP GRAVATAÍ I;ENVIDC/30 CAPS 800MCG+20MG;SIN ASIGNAR(M);2022-01-07 00:00:00.0
7896112400554;83378;PP GRAVATAÍ I;DTN-FOLC/90 CAPS 400MCG+10MG;SIN ASIGNAR(M);2024-04-03 00:00:00.0
7896112116929;83378;PP GRAVATAÍ I;TEUTOVIT EC/30 CAPS 400MG;SIN ASIGNAR(M);2024-02-06 00:00:00.0
7896094208506;83378;PP GRAVATAÍ I;NATIFA PRO UBDC/28 CPR REV 0,5+0,1MG;SIN ASIGNAR(M);2025-09-04 00:00:00.0
7896094201477;83378;PP GRAVATAÍ I;NATIFA PROC/28 CPR REV 1+0,5MG;SIN ASIGNAR(M);2025-08-25 00:00:00.0
7896006290667;83378;PP GRAVATAÍ I;STER MD10ML SUSP OFT 1,2MG/ML;SIN ASIGNAR(M);2025-08-21 00:00:00.0
7896006245339;83378;PP GRAVATAÍ I;DIAMOXC/30 CPR 250MG;SIN ASIGNAR(M);2025-09-02 00:00:00.0
7896006245322;83378;PP GRAVATAÍ I;DIAMOXC/25 CPR 250MG;SIN ASIGNAR(M);2023-05-13 00:00:00.0
7896006201731;83378;PP GRAVATAÍ I;PRIMOSISTONC/30 CPR 2+0,01MG;SIN ASIGNAR(M);2025-08-12 00:00:00.0
7896006201717;83378;PP GRAVATAÍ I;PRIMOLUT NOR 10C/30 CPR 10MG;SIN ASIGNAR(M);2025-01-24 00:00:00.0
7896004775043;83378;PP GRAVATAÍ I;ACICLOVIR EMSC/30 CPR 400MG GEN;SIN ASIGNAR(M);2025-08-29 00:00:00.0
7896004722122;83378;PP GRAVATAÍ I;ACECLOFENACO EMSC/12 CPR REV 100MG GEN;SIN ASIGNAR(M);2025-08-26 00:00:00.0
7894916503761;83378;PP GRAVATAÍ I;AGLUCOSEC/30 CPR 100MG;SIN ASIGNAR(M);2023-09-05 00:00:00.0
7894916503754;83378;PP GRAVATAÍ I;AGLUCOSEC/30 CPR 50MG;SIN ASIGNAR(M);2025-08-23 00:00:00.0
7891721202391;83378;PP GRAVATAÍ I;ACICLOVIR MERCKC/30 CPR 400MG GEN;SIN ASIGNAR(M);2025-10-11 00:00:00.0
7891317411923;83378;PP GRAVATAÍ I;PROFLAMC/12 CPR REV 100MG;SIN ASIGNAR(M);2025-08-22 00:00:00.0
7891317020002;83378;PP GRAVATAÍ I;ACECLOFENACO EUROC/12 CPR REV 100MG GEN;SIN ASIGNAR(M);2024-12-06 00:00:00.0
7891317014773;83378;PP GRAVATAÍ I;EMAMAC/30 CAPS 400MG;SIN ASIGNAR(M);2025-06-30 00:00:00.0
7891317001513;83378;PP GRAVATAÍ I;ACICLOVIR EUROC/25 CPR 200MG GEN;SIN ASIGNAR(M);2025-09-06 00:00:00.0
7891268106213;83378;PP GRAVATAÍ I;PROVERAC/14 CPR 10MG;SIN ASIGNAR(M);2025-08-20 00:00:00.0
7891142128638;83378;PP GRAVATAÍ I;CELESTONE SOLUSPAN1ML SUSP INJ 3+3MG/ML;SIN ASIGNAR(M);2022-06-27 00:00:00.0
7891106000956;83378;PP GRAVATAÍ I;BAYCUTEN N40GR CR 10+0,4MG;SIN ASIGNAR(M);2025-04-11 00:00:00.0
7890282800015;83378;PP GRAVATAÍ I;ADEFORTE3ML SOL ORAL;SIN ASIGNAR(M);2023-09-27 00:00:00.0
5060632508508;83378;PP GRAVATAÍ I;SYSTEN CONTIC/8 ADES 50+170MCG/DIA;SIN ASIGNAR(M);2025-08-09 00:00:00.0
5000456057547;83378;PP GRAVATAÍ I;ZZZOLADEX DEPOT3,6MG INJ;SIN ASIGNAR(M);2024-01-30 00:00:00.0
7898149934514;83350;PP PATO BRANCO;CIPROTERONA BERGAMOC/20 CPR 50MG GEN;SIN ASIGNAR(M);2025-08-26 00:00:00.0
7898074617612;83350;PP PATO BRANCO;FLUIMUCILC/16 CPR EFERV 600MG;SIN ASIGNAR(M);2025-07-03 00:00:00.0
7897595635198;83350;PP PATO BRANCO;ACICLOVIR SANDOZC/50 CPR 200MG GEN;SIN ASIGNAR(M);2024-11-18 00:00:00.0
7897595604460;83350;PP PATO BRANCO;LECTRUM1,5ML PO LIOF+SOL DIL 3,75MG;SIN ASIGNAR(M);2021-10-08 00:00:00.0
7897595602503;83350;PP PATO BRANCO;HERPESILC/25 CPR 200MG;SIN ASIGNAR(M);2025-07-08 00:00:00.0
7897316802861;83350;PP PATO BRANCO;PRED MILD10ML COLI 0,12%;SIN ASIGNAR(M);2022-11-03 00:00:00.0
7897076909312;83350;PP PATO BRANCO;ACECLOFENACO RANBAXYC/12 CPR REV 100MG GEN;SIN ASIGNAR(M);2025-08-12 00:00:00.0
7896658001680;83350;PP PATO BRANCO;VITA E ACHEC/30 CAPS 400MG;SIN ASIGNAR(M);2025-07-09 00:00:00.0
7896523227092;83350;PP PATO BRANCO;ACECLOFENACO CIMEDC/12 CPR REV 100MG GEN;SIN ASIGNAR(M);2024-02-12 00:00:00.0
7896241265543;83350;PP PATO BRANCO;SUPREMAC/28 CPR REV 2+1MG;SIN ASIGNAR(M);2025-09-04 00:00:00.0
7896112400554;83350;PP PATO BRANCO;DTN-FOLC/90 CAPS 400MCG+10MG;SIN ASIGNAR(M);2024-04-23 00:00:00.0
7896094208506;83350;PP PATO BRANCO;NATIFA PRO UBDC/28 CPR REV 0,5+0,1MG;SIN ASIGNAR(M);2025-09-06 00:00:00.0
7896094201477;83350;PP PATO BRANCO;NATIFA PROC/28 CPR REV 1+0,5MG;SIN ASIGNAR(M);2025-09-08 00:00:00.0
7896006290667;83350;PP PATO BRANCO;STER MD10ML SUSP OFT 1,2MG/ML;SIN ASIGNAR(M);2025-06-12 00:00:00.0
7896006245339;83350;PP PATO BRANCO;DIAMOXC/30 CPR 250MG;SIN ASIGNAR(M);2025-09-08 00:00:00.0
7896006245322;83350;PP PATO BRANCO;DIAMOXC/25 CPR 250MG;SIN ASIGNAR(M);2024-02-10 00:00:00.0
7896006201731;83350;PP PATO BRANCO;PRIMOSISTONC/30 CPR 2+0,01MG;SIN ASIGNAR(M);2025-09-02 00:00:00.0
7896006201717;83350;PP PATO BRANCO;PRIMOLUT NOR 10C/30 CPR 10MG;SIN ASIGNAR(M);2025-08-29 00:00:00.0
7896004775043;83350;PP PATO BRANCO;ACICLOVIR EMSC/30 CPR 400MG GEN;SIN ASIGNAR(M);2023-05-15 00:00:00.0
7896004722122;83350;PP PATO BRANCO;ACECLOFENACO EMSC/12 CPR REV 100MG GEN;SIN ASIGNAR(M);2025-07-24 00:00:00.0
7891721202391;83350;PP PATO BRANCO;ACICLOVIR MERCKC/30 CPR 400MG GEN;SIN ASIGNAR(M);2025-09-06 00:00:00.0
7891317411923;83350;PP PATO BRANCO;PROFLAMC/12 CPR REV 100MG;SIN ASIGNAR(M);2025-02-24 00:00:00.0
7891317014773;83350;PP PATO BRANCO;EMAMAC/30 CAPS 400MG;SIN ASIGNAR(M);2025-05-29 00:00:00.0
7891317001513;83350;PP PATO BRANCO;ACICLOVIR EUROC/25 CPR 200MG GEN;SIN ASIGNAR(M);2025-07-08 00:00:00.0
7891142128638;83350;PP PATO BRANCO;CELESTONE SOLUSPAN1ML SUSP INJ 3+3MG/ML;SIN ASIGNAR(M);2022-06-25 00:00:00.0
7891106000956;83350;PP PATO BRANCO;BAYCUTEN N40GR CR 10+0,4MG;SIN ASIGNAR(M);2025-08-29 00:00:00.0
7890282800015;83350;PP PATO BRANCO;ADEFORTE3ML SOL ORAL;SIN ASIGNAR(M);2023-09-05 00:00:00.0
5060632508515;83350;PP PATO BRANCO;SYSTEN SEQUIC/8 ADES 50+50+170MCG/DIA;SIN ASIGNAR(M);2025-09-06 00:00:00.0
5060632508508;83350;PP PATO BRANCO;SYSTEN CONTIC/8 ADES 50+170MCG/DIA;SIN ASIGNAR(M);2025-09-02 00:00:00.0
5000456057547;83350;PP PATO BRANCO;ZZZOLADEX DEPOT3,6MG INJ;SIN ASIGNAR(M);2024-09-16 00:00:00.0
7898687732993;83352;PP JLLE JOÃO COLIN I;DAMATERC/30 CAPS;SIN ASIGNAR(M);2023-07-06 00:00:00.0
7898149934514;83352;PP JLLE JOÃO COLIN I;CIPROTERONA BERGAMOC/20 CPR 50MG GEN;SIN ASIGNAR(M);2025-07-18 00:00:00.0
7898074617612;83352;PP JLLE JOÃO COLIN I;FLUIMUCILC/16 CPR EFERV 600MG;SIN ASIGNAR(M);2025-08-19 00:00:00.0
7898074616943;83352;PP JLLE JOÃO COLIN I;FLUIMUCIL20ML SOL NAS 11,5MG/ML;SIN ASIGNAR(M);2022-09-04 00:00:00.0
7898074613430;83352;PP JLLE JOÃO COLIN I;FLUIMUCILC/16 CPR EFERV 200MG;SIN ASIGNAR(M);2024-09-08 00:00:00.0
7898074611276;83352;PP JLLE JOÃO COLIN I;FLUIMUCILC/60 CPR EFERV 600MG;SIN ASIGNAR(M);2025-06-05 00:00:00.0
7897595639134;83352;PP JLLE JOÃO COLIN I;ACICLOVIR SANDOZC/60 CPR 400MG GEN;SIN ASIGNAR(M);2025-11-13 00:00:00.0
7897595639066;83352;PP JLLE JOÃO COLIN I;ACICLOVIR NOVARTISC/30 CPR 400MG GEN;SIN ASIGNAR(M);2025-10-06 00:00:00.0
7897595635198;83352;PP JLLE JOÃO COLIN I;ACICLOVIR SANDOZC/50 CPR 200MG GEN;SIN ASIGNAR(M);2025-09-03 00:00:00.0
7897595604460;83352;PP JLLE JOÃO COLIN I;ZZLECTRUM1,5ML PO LIOF+SOL DIL 3,75MG;SIN ASIGNAR(M);2026-08-03 00:00:00.0
7897595602503;83352;PP JLLE JOÃO COLIN I;HERPESILC/25 CPR 200MG;SIN ASIGNAR(M);2025-08-26 00:00:00.0
7897316802861;83352;PP JLLE JOÃO COLIN I;PRED MILD10ML COLI 0,12%;SIN ASIGNAR(M);2025-06-04 00:00:00.0
7897076909343;83352;PP JLLE JOÃO COLIN I;ACECLOFENACO RANBAXYC/24 CPR REV 100MG GEN;SIN ASIGNAR(M);2026-03-10 00:00:00.0
7897076909312;83352;PP JLLE JOÃO COLIN I;ACECLOFENACO RANBAXYC/12 CPR REV 100MG GEN;SIN ASIGNAR(M);2024-01-31 00:00:00.0
7896658001680;83352;PP JLLE JOÃO COLIN I;VITA E ACHEC/30 CAPS 400MG;SIN ASIGNAR(M);2025-08-07 00:00:00.0
7896523227092;83352;PP JLLE JOÃO COLIN I;ACECLOFENACO CIMEDC/12 CPR REV 100MG GEN;SIN ASIGNAR(M);2023-11-24 00:00:00.0
7896241265543;83352;PP JLLE JOÃO COLIN I;SUPREMAC/28 CPR REV 2+1MG;SIN ASIGNAR(M);2025-09-03 00:00:00.0
7896165600055;83352;PP JLLE JOÃO COLIN I;DDAVPC/30 CPR 0,2MG;SIN ASIGNAR(M);2021-11-16 00:00:00.0
7896165600048;83352;PP JLLE JOÃO COLIN I;DDAVPC/30 CPR 0,1MG;SIN ASIGNAR(M);2023-12-08 00:00:00.0
7896112400554;83352;PP JLLE JOÃO COLIN I;DTN-FOLC/90 CAPS 400MCG+10MG;SIN ASIGNAR(M);2024-04-17 00:00:00.0
7896094208506;83352;PP JLLE JOÃO COLIN I;NATIFA PRO UBDC/28 CPR REV 0,5+0,1MG;SIN ASIGNAR(M);2025-08-26 00:00:00.0
7896094201477;83352;PP JLLE JOÃO COLIN I;NATIFA PROC/28 CPR REV 1+0,5MG;SIN ASIGNAR(M);2025-09-06 00:00:00.0
7896006290667;83352;PP JLLE JOÃO COLIN I;STER MD10ML SUSP OFT 1,2MG/ML;SIN ASIGNAR(M);2025-06-10 00:00:00.0
7896006245339;83352;PP JLLE JOÃO COLIN I;DIAMOXC/30 CPR 250MG;SIN ASIGNAR(M);2025-08-26 00:00:00.0
7896006245322;83352;PP JLLE JOÃO COLIN I;DIAMOXC/25 CPR 250MG;SIN ASIGNAR(M);2023-06-06 00:00:00.0
7896006201731;83352;PP JLLE JOÃO COLIN I;PRIMOSISTONC/30 CPR 2+0,01MG;SIN ASIGNAR(M);2025-09-08 00:00:00.0
7896006201717;83352;PP JLLE JOÃO COLIN I;PRIMOLUT NOR 10C/30 CPR 10MG;SIN ASIGNAR(M);2025-07-25 00:00:00.0
7896004775043;83352;PP JLLE JOÃO COLIN I;ACICLOVIR EMSC/30 CPR 400MG GEN;SIN ASIGNAR(M);2025-08-05 00:00:00.0
7896004722122;83352;PP JLLE JOÃO COLIN I;ACECLOFENACO EMSC/12 CPR REV 100MG GEN;SIN ASIGNAR(M);2025-07-30 00:00:00.0
7895858017002;83352;PP JLLE JOÃO COLIN I;ZZFLORINEFEC/100 CPR 0,1MG;SIN ASIGNAR(M);2025-11-10 00:00:00.0
7894916503761;83352;PP JLLE JOÃO COLIN I;AGLUCOSEC/30 CPR 100MG;SIN ASIGNAR(M);2024-03-16 00:00:00.0
7894916503754;83352;PP JLLE JOÃO COLIN I;AGLUCOSEC/30 CPR 50MG;SIN ASIGNAR(M);2025-08-29 00:00:00.0
7891721202391;83352;PP JLLE JOÃO COLIN I;ACICLOVIR MERCKC/30 CPR 400MG GEN;SIN ASIGNAR(M);2025-09-01 00:00:00.0
7891721023484;83352;PP JLLE JOÃO COLIN I;ACICLOVIR MERCKC/30 CPR 400MG GEN;SIN ASIGNAR(M);2022-04-15 00:00:00.0
7891317411923;83352;PP JLLE JOÃO COLIN I;PROFLAMC/12 CPR REV 100MG;SIN ASIGNAR(M);2025-07-30 00:00:00.0
7891317020002;83352;PP JLLE JOÃO COLIN I;ACECLOFENACO EUROC/12 CPR REV 100MG GEN;SIN ASIGNAR(M);2025-02-27 00:00:00.0
7891317014773;83352;PP JLLE JOÃO COLIN I;EMAMAC/30 CAPS 400MG;SIN ASIGNAR(M);2025-05-24 00:00:00.0
7891317001513;83352;PP JLLE JOÃO COLIN I;ACICLOVIR EUROC/25 CPR 200MG GEN;SIN ASIGNAR(M);2025-08-14 00:00:00.0
7891268106213;83352;PP JLLE JOÃO COLIN I;PROVERAC/14 CPR 10MG;SIN ASIGNAR(M);2025-08-26 00:00:00.0
7891106006149;83352;PP JLLE JOÃO COLIN I;EPHYNALC/30 CAPS 400MG;SIN ASIGNAR(M);2025-03-03 00:00:00.0
7891106000956;83352;PP JLLE JOÃO COLIN I;BAYCUTEN N40GR CR 10+0,4MG;SIN ASIGNAR(M);2025-07-22 00:00:00.0
7890282800015;83352;PP JLLE JOÃO COLIN I;ADEFORTE3ML SOL ORAL;SIN ASIGNAR(M);2023-09-08 00:00:00.0
5060632508515;83352;PP JLLE JOÃO COLIN I;SYSTEN SEQUIC/8 ADES 50+50+170MCG/DIA;SIN ASIGNAR(M);2025-10-10 00:00:00.0
5060632508508;83352;PP JLLE JOÃO COLIN I;SYSTEN CONTIC/8 ADES 50+170MCG/DIA;SIN ASIGNAR(M);2025-09-02 00:00:00.0
7898687732993;83363;PP XAXIM;DAMATERC/30 CAPS;SIN ASIGNAR(M);2023-11-09 00:00:00.0
7898149934514;83363;PP XAXIM;CIPROTERONA BERGAMOC/20 CPR 50MG GEN;SIN ASIGNAR(M);2022-03-18 00:00:00.0
7898074617612;83363;PP XAXIM;FLUIMUCILC/16 CPR EFERV 600MG;SIN ASIGNAR(M);2025-07-16 00:00:00.0
7898074611276;83363;PP XAXIM;FLUIMUCILC/60 CPR EFERV 600MG;SIN ASIGNAR(M);2023-11-16 00:00:00.0
7897595639066;83363;PP XAXIM;ACICLOVIR NOVARTISC/30 CPR 400MG GEN;SIN ASIGNAR(M);2026-06-25 00:00:00.0
7897595635198;83363;PP XAXIM;ACICLOVIR SANDOZC/50 CPR 200MG GEN;SIN ASIGNAR(M);2025-04-30 00:00:00.0
7897595604460;83363;PP XAXIM;ZZLECTRUM1,5ML PO LIOF+SOL DIL 3,75MG;SIN ASIGNAR(M);2026-09-14 00:00:00.0
7897595602503;83363;PP XAXIM;HERPESILC/25 CPR 200MG;SIN ASIGNAR(M);2025-05-19 00:00:00.0
7897316802861;83363;PP XAXIM;PRED MILD10ML COLI 0,12%;SIN ASIGNAR(M);2023-02-09 00:00:00.0
7897076909312;83363;PP XAXIM;ACECLOFENACO RANBAXYC/12 CPR REV 100MG GEN;SIN ASIGNAR(M);2023-08-22 00:00:00.0
7896658001680;83363;PP XAXIM;VITA E ACHEC/30 CAPS 400MG;SIN ASIGNAR(M);2025-08-13 00:00:00.0
7896523227092;83363;PP XAXIM;ACECLOFENACO CIMEDC/12 CPR REV 100MG GEN;SIN ASIGNAR(M);2025-06-18 00:00:00.0
7896241265543;83363;PP XAXIM;SUPREMAC/28 CPR REV 2+1MG;SIN ASIGNAR(M);2025-09-08 00:00:00.0
7896165600055;83363;PP XAXIM;DDAVPC/30 CPR 0,2MG;SIN ASIGNAR(M);2024-05-04 00:00:00.0
7896112400554;83363;PP XAXIM;DTN-FOLC/90 CAPS 400MCG+10MG;SIN ASIGNAR(M);2024-04-02 00:00:00.0
7896112116929;83363;PP XAXIM;TEUTOVIT EC/30 CAPS 400MG;SIN ASIGNAR(M);2023-08-25 00:00:00.0
7896094208506;83363;PP XAXIM;NATIFA PRO UBDC/28 CPR REV 0,5+0,1MG;SIN ASIGNAR(M);2025-08-04 00:00:00.0
7896094201477;83363;PP XAXIM;NATIFA PROC/28 CPR REV 1+0,5MG;SIN ASIGNAR(M);2025-09-05 00:00:00.0
7896006290667;83363;PP XAXIM;STER MD10ML SUSP OFT 1,2MG/ML;SIN ASIGNAR(M);2025-08-21 00:00:00.0
7896006245339;83363;PP XAXIM;DIAMOXC/30 CPR 250MG;SIN ASIGNAR(M);2025-08-27 00:00:00.0
7896006245322;83363;PP XAXIM;DIAMOXC/25 CPR 250MG;SIN ASIGNAR(M);2024-05-21 00:00:00.0
7896006201731;83363;PP XAXIM;PRIMOSISTONC/30 CPR 2+0,01MG;SIN ASIGNAR(M);2025-08-15 00:00:00.0
7896006201717;83363;PP XAXIM;PRIMOLUT NOR 10C/30 CPR 10MG;SIN ASIGNAR(M);2024-02-06 00:00:00.0
7896004775043;83363;PP XAXIM;ACICLOVIR EMSC/30 CPR 400MG GEN;SIN ASIGNAR(M);2025-04-17 00:00:00.0
7896004722122;83363;PP XAXIM;ACECLOFENACO EMSC/12 CPR REV 100MG GEN;SIN ASIGNAR(M);2025-08-27 00:00:00.0
7895858017002;83363;PP XAXIM;ZZFLORINEFEC/100 CPR 0,1MG;SIN ASIGNAR(M);2025-07-14 00:00:00.0
7894916503754;83363;PP XAXIM;AGLUCOSEC/30 CPR 50MG;SIN ASIGNAR(M);2025-07-15 00:00:00.0
7891721202391;83363;PP XAXIM;ACICLOVIR MERCKC/30 CPR 400MG GEN;SIN ASIGNAR(M);2025-08-14 00:00:00.0
7891721023484;83363;PP XAXIM;ACICLOVIR MERCKC/30 CPR 400MG GEN;SIN ASIGNAR(M);2021-11-25 00:00:00.0
7891317411923;83363;PP XAXIM;PROFLAMC/12 CPR REV 100MG;SIN ASIGNAR(M);2025-08-28 00:00:00.0
7891317020002;83363;PP XAXIM;ACECLOFENACO EUROC/12 CPR REV 100MG GEN;SIN ASIGNAR(M);2025-05-13 00:00:00.0
7891317014773;83363;PP XAXIM;EMAMAC/30 CAPS 400MG;SIN ASIGNAR(M);2025-05-28 00:00:00.0
7891317001513;83363;PP XAXIM;ACICLOVIR EUROC/25 CPR 200MG GEN;SIN ASIGNAR(M);2025-09-08 00:00:00.0
7891268106213;83363;PP XAXIM;PROVERAC/14 CPR 10MG;SIN ASIGNAR(M);2025-03-06 00:00:00.0
7891142128638;83363;PP XAXIM;CELESTONE SOLUSPAN1ML SUSP INJ 3+3MG/ML;SIN ASIGNAR(M);2025-06-09 00:00:00.0
7891106000956;83363;PP XAXIM;BAYCUTEN N40GR CR 10+0,4MG;SIN ASIGNAR(M);2025-04-03 00:00:00.0
7890282800015;83363;PP XAXIM;ADEFORTE3ML SOL ORAL;SIN ASIGNAR(M);2023-09-27 00:00:00.0
5060632508515;83363;PP XAXIM;SYSTEN SEQUIC/8 ADES 50+50+170MCG/DIA;SIN ASIGNAR(M);2024-02-28 00:00:00.0
5060632508508;83363;PP XAXIM;SYSTEN CONTIC/8 ADES 50+170MCG/DIA;SIN ASIGNAR(M);2025-05-22 00:00:00.0
7898687732993;83088;PP CTBA BOQUEIRÃO;DAMATERC/30 CAPS;SIN ASIGNAR(M);2023-10-26 00:00:00.0
7898149934514;83088;PP CTBA BOQUEIRÃO;CIPROTERONA BERGAMOC/20 CPR 50MG GEN;SIN ASIGNAR(M);2025-08-27 00:00:00.0
7898074617612;83088;PP CTBA BOQUEIRÃO;FLUIMUCILC/16 CPR EFERV 600MG;SIN ASIGNAR(M);2025-02-11 00:00:00.0
7898074613430;83088;PP CTBA BOQUEIRÃO;FLUIMUCILC/16 CPR EFERV 200MG;SIN ASIGNAR(M);2022-11-02 00:00:00.0
7898049795260;83088;PP CTBA BOQUEIRÃO;ACECLOFENACO VITAMEDICC/12 CPR REV 100MG GEN;SIN ASIGNAR(M);2025-10-03 00:00:00.0
7897595635198;83088;PP CTBA BOQUEIRÃO;ACICLOVIR SANDOZC/50 CPR 200MG GEN;SIN ASIGNAR(M);2024-03-26 00:00:00.0
7897595602503;83088;PP CTBA BOQUEIRÃO;HERPESILC/25 CPR 200MG;SIN ASIGNAR(M);2025-09-01 00:00:00.0
7896658001680;83088;PP CTBA BOQUEIRÃO;VITA E ACHEC/30 CAPS 400MG;SIN ASIGNAR(M);2024-03-20 00:00:00.0
7896241265543;83088;PP CTBA BOQUEIRÃO;SUPREMAC/28 CPR REV 2+1MG;SIN ASIGNAR(M);2025-07-03 00:00:00.0
7896112400554;83088;PP CTBA BOQUEIRÃO;DTN-FOLC/90 CAPS 400MCG+10MG;SIN ASIGNAR(M);2024-02-20 00:00:00.0
7896094208506;83088;PP CTBA BOQUEIRÃO;NATIFA PRO UBDC/28 CPR REV 0,5+0,1MG;SIN ASIGNAR(M);2025-09-04 00:00:00.0
7896094201477;83088;PP CTBA BOQUEIRÃO;NATIFA PROC/28 CPR REV 1+0,5MG;SIN ASIGNAR(M);2025-09-05 00:00:00.0
7896006290667;83088;PP CTBA BOQUEIRÃO;STER MD10ML SUSP OFT 1,2MG/ML;SIN ASIGNAR(M);2025-08-08 00:00:00.0
7896006245339;83088;PP CTBA BOQUEIRÃO;DIAMOXC/30 CPR 250MG;SIN ASIGNAR(M);2025-09-04 00:00:00.0
7896006245322;83088;PP CTBA BOQUEIRÃO;DIAMOXC/25 CPR 250MG;SIN ASIGNAR(M);2023-05-26 00:00:00.0
7896006201731;83088;PP CTBA BOQUEIRÃO;PRIMOSISTONC/30 CPR 2+0,01MG;SIN ASIGNAR(M);2025-08-25 00:00:00.0
7896006201717;83088;PP CTBA BOQUEIRÃO;PRIMOLUT NOR 10C/30 CPR 10MG;SIN ASIGNAR(M);2025-08-15 00:00:00.0
7896004775043;83088;PP CTBA BOQUEIRÃO;ACICLOVIR EMSC/30 CPR 400MG GEN;SIN ASIGNAR(M);2025-08-21 00:00:00.0
7896004722122;83088;PP CTBA BOQUEIRÃO;ACECLOFENACO EMSC/12 CPR REV 100MG GEN;SIN ASIGNAR(M);2025-02-17 00:00:00.0
7894916503761;83088;PP CTBA BOQUEIRÃO;AGLUCOSEC/30 CPR 100MG;SIN ASIGNAR(M);2022-11-29 00:00:00.0
7891721202407;83088;PP CTBA BOQUEIRÃO;ACICLOVIR MERCKC/30 CPR 200MG GEN;SIN ASIGNAR(M);2023-08-30 00:00:00.0
7891721202391;83088;PP CTBA BOQUEIRÃO;ACICLOVIR MERCKC/30 CPR 400MG GEN;SIN ASIGNAR(M);2025-09-06 00:00:00.0
7891317411923;83088;PP CTBA BOQUEIRÃO;PROFLAMC/12 CPR REV 100MG;SIN ASIGNAR(M);2022-12-29 00:00:00.0
7891317020002;83088;PP CTBA BOQUEIRÃO;ACECLOFENACO EUROC/12 CPR REV 100MG GEN;SIN ASIGNAR(M);2025-07-11 00:00:00.0
7891317014773;83088;PP CTBA BOQUEIRÃO;EMAMAC/30 CAPS 400MG;SIN ASIGNAR(M);2025-06-05 00:00:00.0
7891317001513;83088;PP CTBA BOQUEIRÃO;ACICLOVIR EUROC/25 CPR 200MG GEN;SIN ASIGNAR(M);2025-08-27 00:00:00.0
7891268106213;83088;PP CTBA BOQUEIRÃO;PROVERAC/14 CPR 10MG;SIN ASIGNAR(M);2025-02-12 00:00:00.0
7891142128638;83088;PP CTBA BOQUEIRÃO;CELESTONE SOLUSPAN1ML SUSP INJ 3+3MG/ML;SIN ASIGNAR(M);2025-01-08 00:00:00.0
7891106000956;83088;PP CTBA BOQUEIRÃO;BAYCUTEN N40GR CR 10+0,4MG;SIN ASIGNAR(M);2025-09-02 00:00:00.0
7890282800015;83088;PP CTBA BOQUEIRÃO;ADEFORTE3ML SOL ORAL;SIN ASIGNAR(M);2023-09-14 00:00:00.0
5060632508508;83088;PP CTBA BOQUEIRÃO;SYSTEN CONTIC/8 ADES 50+170MCG/DIA;SIN ASIGNAR(M);2025-08-04 00:00:00.0
7898149934514;83098;PP SANTA MARIA;CIPROTERONA BERGAMOC/20 CPR 50MG GEN;SIN ASIGNAR(M);2025-09-08 00:00:00.0
7898074617612;83098;PP SANTA MARIA;FLUIMUCILC/16 CPR EFERV 600MG;SIN ASIGNAR(M);2025-06-07 00:00:00.0
7898049795260;83098;PP SANTA MARIA;ACECLOFENACO VITAMEDICC/12 CPR REV 100MG GEN;SIN ASIGNAR(M);2026-01-21 00:00:00.0
7897595635198;83098;PP SANTA MARIA;ACICLOVIR SANDOZC/50 CPR 200MG GEN;SIN ASIGNAR(M);2025-05-06 00:00:00.0
7897595604460;83098;PP SANTA MARIA;ZZLECTRUM1,5ML PO LIOF+SOL DIL 3,75MG;SIN ASIGNAR(M);2026-07-13 00:00:00.0
7897595602503;83098;PP SANTA MARIA;HERPESILC/25 CPR 200MG;SIN ASIGNAR(M);2022-11-19 00:00:00.0
7896658001680;83098;PP SANTA MARIA;VITA E ACHEC/30 CAPS 400MG;SIN ASIGNAR(M);2023-06-13 00:00:00.0
7896523227092;83098;PP SANTA MARIA;ACECLOFENACO CIMEDC/12 CPR REV 100MG GEN;SIN ASIGNAR(M);2022-11-05 00:00:00.0
7896241265543;83098;PP SANTA MARIA;SUPREMAC/28 CPR REV 2+1MG;SIN ASIGNAR(M);2025-07-05 00:00:00.0
7896112400554;83098;PP SANTA MARIA;DTN-FOLC/90 CAPS 400MCG+10MG;SIN ASIGNAR(M);2024-08-19 00:00:00.0
7896112116929;83098;PP SANTA MARIA;TEUTOVIT EC/30 CAPS 400MG;SIN ASIGNAR(M);2023-08-21 00:00:00.0
7896094208506;83098;PP SANTA MARIA;NATIFA PRO UBDC/28 CPR REV 0,5+0,1MG;SIN ASIGNAR(M);2025-03-19 00:00:00.0
7896094201477;83098;PP SANTA MARIA;NATIFA PROC/28 CPR REV 1+0,5MG;SIN ASIGNAR(M);2025-09-03 00:00:00.0
7896006290667;83098;PP SANTA MARIA;STER MD10ML SUSP OFT 1,2MG/ML;SIN ASIGNAR(M);2025-02-15 00:00:00.0
7896006245339;83098;PP SANTA MARIA;DIAMOXC/30 CPR 250MG;SIN ASIGNAR(M);2025-09-08 00:00:00.0
7896006245322;83098;PP SANTA MARIA;DIAMOXC/25 CPR 250MG;SIN ASIGNAR(M);2023-06-14 00:00:00.0
7896006201731;83098;PP SANTA MARIA;PRIMOSISTONC/30 CPR 2+0,01MG;SIN ASIGNAR(M);2025-08-23 00:00:00.0
7896006201717;83098;PP SANTA MARIA;PRIMOLUT NOR 10C/30 CPR 10MG;SIN ASIGNAR(M);2023-10-04 00:00:00.0
7896004775043;83098;PP SANTA MARIA;ACICLOVIR EMSC/30 CPR 400MG GEN;SIN ASIGNAR(M);2023-05-04 00:00:00.0
7896004722122;83098;PP SANTA MARIA;ACECLOFENACO EMSC/12 CPR REV 100MG GEN;SIN ASIGNAR(M);2025-06-04 00:00:00.0
7894916503754;83098;PP SANTA MARIA;AGLUCOSEC/30 CPR 50MG;SIN ASIGNAR(M);2023-02-09 00:00:00.0
7891721202407;83098;PP SANTA MARIA;ACICLOVIR MERCKC/25 CPR 200MG GEN;SIN ASIGNAR(M);2023-07-05 00:00:00.0
7891721202391;83098;PP SANTA MARIA;ACICLOVIR MERCKC/30 CPR 400MG GEN;SIN ASIGNAR(M);2025-11-07 00:00:00.0
7891317411923;83098;PP SANTA MARIA;PROFLAMC/12 CPR REV 100MG;SIN ASIGNAR(M);2023-12-21 00:00:00.0
7891317001513;83098;PP SANTA MARIA;ACICLOVIR EUROC/25 CPR 200MG GEN;SIN ASIGNAR(M);2023-01-27 00:00:00.0
7891142128638;83098;PP SANTA MARIA;CELESTONE SOLUSPAN1ML SUSP INJ 3+3MG/ML;SIN ASIGNAR(M);2024-04-22 00:00:00.0
7891106000956;83098;PP SANTA MARIA;BAYCUTEN N40GR CR 10+0,4MG;SIN ASIGNAR(M);2025-08-18 00:00:00.0
7890282800015;83098;PP SANTA MARIA;ADEFORTE3ML SOL ORAL;SIN ASIGNAR(M);2023-08-29 00:00:00.0
5060632508508;83098;PP SANTA MARIA;SYSTEN CONTIC/8 ADES 50+170MCG/DIA;SIN ASIGNAR(M);2025-08-07 00:00:00.0
7898687732993;83256;PP TIJUCAS KOMPRÃO;DAMATERC/30 CAPS;SIN ASIGNAR(M);2023-08-24 00:00:00.0
7898074616943;83256;PP TIJUCAS KOMPRÃO;FLUIMUCIL20ML SOL NAS 11,5MG/ML;SIN ASIGNAR(M);2023-06-17 00:00:00.0
7897595635198;83256;PP TIJUCAS KOMPRÃO;ACICLOVIR SANDOZC/50 CPR 200MG GEN;SIN ASIGNAR(M);2025-04-01 00:00:00.0
7897595602503;83256;PP TIJUCAS KOMPRÃO;HERPESILC/25 CPR 200MG;SIN ASIGNAR(M);2025-07-01 00:00:00.0
7896658001680;83256;PP TIJUCAS KOMPRÃO;VITA E ACHEC/30 CAPS 400MG;SIN ASIGNAR(M);2025-08-01 00:00:00.0
7896523227092;83256;PP TIJUCAS KOMPRÃO;ACECLOFENACO CIMEDC/12 CPR REV 100MG GEN;SIN ASIGNAR(M);2023-02-13 00:00:00.0
7896241265543;83256;PP TIJUCAS KOMPRÃO;SUPREMAC/28 CPR REV 2+1MG;SIN ASIGNAR(M);2024-02-11 00:00:00.0
7896112400554;83256;PP TIJUCAS KOMPRÃO;DTN-FOLC/90 CAPS 400MCG+10MG;SIN ASIGNAR(M);2024-07-03 00:00:00.0
7896112116929;83256;PP TIJUCAS KOMPRÃO;TEUTOVIT EC/30 CAPS 400MG;SIN ASIGNAR(M);2024-03-22 00:00:00.0
7896094208506;83256;PP TIJUCAS KOMPRÃO;NATIFA PRO UBDC/28 CPR REV 0,5+0,1MG;SIN ASIGNAR(M);2023-04-07 00:00:00.0
7896094201477;83256;PP TIJUCAS KOMPRÃO;NATIFA PROC/28 CPR REV 1+0,5MG;SIN ASIGNAR(M);2025-09-07 00:00:00.0
7896006290667;83256;PP TIJUCAS KOMPRÃO;STER MD10ML SUSP OFT 1,2MG/ML;SIN ASIGNAR(M);2025-08-07 00:00:00.0
7896006245339;83256;PP TIJUCAS KOMPRÃO;DIAMOXC/30 CPR 250MG;SIN ASIGNAR(M);2025-08-06 00:00:00.0
7896006245322;83256;PP TIJUCAS KOMPRÃO;DIAMOXC/25 CPR 250MG;SIN ASIGNAR(M);2023-06-21 00:00:00.0
7896006201731;83256;PP TIJUCAS KOMPRÃO;PRIMOSISTONC/30 CPR 2+0,01MG;SIN ASIGNAR(M);2025-09-03 00:00:00.0
7896006201717;83256;PP TIJUCAS KOMPRÃO;PRIMOLUT NOR 10C/30 CPR 10MG;SIN ASIGNAR(M);2025-07-28 00:00:00.0
7896004775043;83256;PP TIJUCAS KOMPRÃO;ACICLOVIR EMSC/30 CPR 400MG GEN;SIN ASIGNAR(M);2025-07-21 00:00:00.0
7896004722122;83256;PP TIJUCAS KOMPRÃO;ACECLOFENACO EMSC/12 CPR REV 100MG GEN;SIN ASIGNAR(M);2025-08-26 00:00:00.0
7895858017002;83256;PP TIJUCAS KOMPRÃO;ZZFLORINEFEC/100 CPR 0,1MG;SIN ASIGNAR(M);2023-04-27 00:00:00.0
7894916503754;83256;PP TIJUCAS KOMPRÃO;AGLUCOSEC/30 CPR 50MG;SIN ASIGNAR(M);2025-06-06 00:00:00.0
7891721202391;83256;PP TIJUCAS KOMPRÃO;ACICLOVIR MERCKC/30 CPR 400MG GEN;SIN ASIGNAR(M);2025-08-08 00:00:00.0
7891721023484;83256;PP TIJUCAS KOMPRÃO;ACICLOVIR MERCKC/30 CPR 400MG GEN;SIN ASIGNAR(M);2022-04-28 00:00:00.0
7891317411923;83256;PP TIJUCAS KOMPRÃO;PROFLAMC/12 CPR REV 100MG;SIN ASIGNAR(M);2025-08-02 00:00:00.0
7891317020002;83256;PP TIJUCAS KOMPRÃO;ACECLOFENACO EUROC/12 CPR REV 100MG GEN;SIN ASIGNAR(M);2025-08-26 00:00:00.0
7891317014773;83256;PP TIJUCAS KOMPRÃO;EMAMAC/30 CAPS 400MG;SIN ASIGNAR(M);2025-07-02 00:00:00.0
7891317001513;83256;PP TIJUCAS KOMPRÃO;ACICLOVIR EUROC/25 CPR 200MG GEN;SIN ASIGNAR(M);2025-08-30 00:00:00.0
7891268106213;83256;PP TIJUCAS KOMPRÃO;PROVERAC/14 CPR 10MG;SIN ASIGNAR(M);2025-07-05 00:00:00.0
7891142128638;83256;PP TIJUCAS KOMPRÃO;CELESTONE SOLUSPAN1ML SUSP INJ 3+3MG/ML;SIN ASIGNAR(M);2024-08-12 00:00:00.0
7891106000956;83256;PP TIJUCAS KOMPRÃO;BAYCUTEN N40GR CR 10+0,4MG;SIN ASIGNAR(M);2025-06-25 00:00:00.0
7890282800015;83256;PP TIJUCAS KOMPRÃO;ADEFORTE3ML SOL ORAL;SIN ASIGNAR(M);2023-09-20 00:00:00.0
5060632508508;83256;PP TIJUCAS KOMPRÃO;SYSTEN CONTIC/8 ADES 50+170MCG/DIA;SIN ASIGNAR(M);2025-07-16 00:00:00.0
7898687732993;83101;PP CTBA GUABIROTUBA;DAMATERC/30 CAPS;SIN ASIGNAR(M);2023-10-02 00:00:00.0
7898149934514;83101;PP CTBA GUABIROTUBA;CIPROTERONA BERGAMOC/20 CPR 50MG GEN;SIN ASIGNAR(M);2025-08-26 00:00:00.0
7898149932183;83101;PP CTBA GUABIROTUBA;FEMIGESTROLC/30 CPR 160MG;SIN ASIGNAR(M);2021-10-01 00:00:00.0
7898074617612;83101;PP CTBA GUABIROTUBA;FLUIMUCILC/16 CPR EFERV 600MG;SIN ASIGNAR(M);2025-08-23 00:00:00.0
7898074616943;83101;PP CTBA GUABIROTUBA;FLUIMUCIL20ML SOL NAS 11,5MG/ML;SIN ASIGNAR(M);2023-09-03 00:00:00.0
7898074613430;83101;PP CTBA GUABIROTUBA;FLUIMUCILC/16 CPR EFERV 200MG;SIN ASIGNAR(M);2024-07-17 00:00:00.0
7898074611276;83101;PP CTBA GUABIROTUBA;FLUIMUCILC/60 CPR EFERV 600MG;SIN ASIGNAR(M);2025-06-04 00:00:00.0
7898049795260;83101;PP CTBA GUABIROTUBA;ACECLOFENACO VITAMEDICC/12 CPR REV 100MG GEN;SIN ASIGNAR(M);2025-08-04 00:00:00.0
7897595639134;83101;PP CTBA GUABIROTUBA;ACICLOVIR SANDOZC/60 CPR 400MG GEN;SIN ASIGNAR(M);2025-06-30 00:00:00.0
7897595639066;83101;PP CTBA GUABIROTUBA;ACICLOVIR NOVARTISC/30 CPR 400MG GEN;SIN ASIGNAR(M);2025-08-26 00:00:00.0
7897595635198;83101;PP CTBA GUABIROTUBA;ACICLOVIR SANDOZC/50 CPR 200MG GEN;SIN ASIGNAR(M);2025-08-05 00:00:00.0
7897595604460;83101;PP CTBA GUABIROTUBA;LECTRUM1,5ML PO LIOF+SOL DIL 3,75MG;SIN ASIGNAR(M);2025-09-01 00:00:00.0
7897595602503;83101;PP CTBA GUABIROTUBA;HERPESILC/25 CPR 200MG;SIN ASIGNAR(M);2025-09-03 00:00:00.0
7897316802861;83101;PP CTBA GUABIROTUBA;PRED MILD10ML COLI 0,12%;SIN ASIGNAR(M);2024-12-22 00:00:00.0
7897076909343;83101;PP CTBA GUABIROTUBA;ACECLOFENACO RANBAXYC/24 CPR REV 100MG GEN;SIN ASIGNAR(M);2024-03-14 00:00:00.0
7897076909312;83101;PP CTBA GUABIROTUBA;ACECLOFENACO RANBAXYC/12 CPR REV 100MG GEN;SIN ASIGNAR(M);2025-05-30 00:00:00.0
7896658001680;83101;PP CTBA GUABIROTUBA;VITA E ACHEC/30 CAPS 400MG;SIN ASIGNAR(M);2025-09-07 00:00:00.0
7896241265543;83101;PP CTBA GUABIROTUBA;SUPREMAC/28 CPR REV 2+1MG;SIN ASIGNAR(M);2025-09-05 00:00:00.0
7896165600055;83101;PP CTBA GUABIROTUBA;DDAVPC/30 CPR 0,2MG;SIN ASIGNAR(M);2025-06-11 00:00:00.0
7896165600048;83101;PP CTBA GUABIROTUBA;DDAVPC/30 CPR 0,1MG;SIN ASIGNAR(M);2025-06-20 00:00:00.0
7896112400554;83101;PP CTBA GUABIROTUBA;DTN-FOLC/90 CAPS 400MCG+10MG;SIN ASIGNAR(M);2024-04-17 00:00:00.0
7896112116929;83101;PP CTBA GUABIROTUBA;TEUTOVIT EC/30 CAPS 400MG;SIN ASIGNAR(M);2024-04-23 00:00:00.0
7896094208506;83101;PP CTBA GUABIROTUBA;NATIFA PRO UBDC/28 CPR REV 0,5+0,1MG;SIN ASIGNAR(M);2025-08-05 00:00:00.0
7896094201477;83101;PP CTBA GUABIROTUBA;NATIFA PROC/28 CPR REV 1+0,5MG;SIN ASIGNAR(M);2025-09-02 00:00:00.0
7896006290667;83101;PP CTBA GUABIROTUBA;STER MD10ML SUSP OFT 1,2MG/ML;SIN ASIGNAR(M);2025-07-17 00:00:00.0
7896006245339;83101;PP CTBA GUABIROTUBA;DIAMOXC/30 CPR 250MG;SIN ASIGNAR(M);2025-09-04 00:00:00.0
7896006245322;83101;PP CTBA GUABIROTUBA;DIAMOXC/25 CPR 250MG;SIN ASIGNAR(M);2023-05-16 00:00:00.0
7896006201731;83101;PP CTBA GUABIROTUBA;PRIMOSISTONC/30 CPR 2+0,01MG;SIN ASIGNAR(M);2025-08-29 00:00:00.0
7896006201717;83101;PP CTBA GUABIROTUBA;PRIMOLUT NOR 10C/30 CPR 10MG;SIN ASIGNAR(M);2025-03-25 00:00:00.0
7896004775043;83101;PP CTBA GUABIROTUBA;ACICLOVIR EMSC/30 CPR 400MG GEN;SIN ASIGNAR(M);2025-08-29 00:00:00.0
7896004722122;83101;PP CTBA GUABIROTUBA;ACECLOFENACO EMSC/12 CPR REV 100MG GEN;SIN ASIGNAR(M);2025-06-23 00:00:00.0
7895858017002;83101;PP CTBA GUABIROTUBA;ZZFLORINEFEC/100 CPR 0,1MG;SIN ASIGNAR(M);2024-02-26 00:00:00.0
7894916503761;83101;PP CTBA GUABIROTUBA;AGLUCOSEC/30 CPR 100MG;SIN ASIGNAR(M);2025-03-18 00:00:00.0
7894916503754;83101;PP CTBA GUABIROTUBA;AGLUCOSEC/30 CPR 50MG;SIN ASIGNAR(M);2025-07-22 00:00:00.0
7891721202407;83101;PP CTBA GUABIROTUBA;ACICLOVIR MERCKC/30 CPR 200MG GEN;SIN ASIGNAR(M);2025-01-04 00:00:00.0
7891721202391;83101;PP CTBA GUABIROTUBA;ACICLOVIR MERCKC/30 CPR 400MG GEN;SIN ASIGNAR(M);2025-08-31 00:00:00.0
7891721023484;83101;PP CTBA GUABIROTUBA;ACICLOVIR MERCKC/30 CPR 400MG GEN;SIN ASIGNAR(M);2022-04-26 00:00:00.0
7891317411923;83101;PP CTBA GUABIROTUBA;PROFLAMC/12 CPR REV 100MG;SIN ASIGNAR(M);2025-07-29 00:00:00.0
7891317020002;83101;PP CTBA GUABIROTUBA;ACECLOFENACO EUROC/12 CPR REV 100MG GEN;SIN ASIGNAR(M);2025-08-25 00:00:00.0
7891317014773;83101;PP CTBA GUABIROTUBA;EMAMAC/30 CAPS 400MG;SIN ASIGNAR(M);2025-06-16 00:00:00.0
7891317001513;83101;PP CTBA GUABIROTUBA;ACICLOVIR EUROC/25 CPR 200MG GEN;SIN ASIGNAR(M);2025-09-06 00:00:00.0
7891268106213;83101;PP CTBA GUABIROTUBA;PROVERAC/14 CPR 10MG;SIN ASIGNAR(M);2024-02-03 00:00:00.0
7891142128638;83101;PP CTBA GUABIROTUBA;CELESTONE SOLUSPAN1ML SUSP INJ 3+3MG/ML;SIN ASIGNAR(M);2025-06-10 00:00:00.0
7891106006149;83101;PP CTBA GUABIROTUBA;EPHYNALC/30 CAPS 400MG;SIN ASIGNAR(M);2025-03-10 00:00:00.0
7891106000956;83101;PP CTBA GUABIROTUBA;BAYCUTEN N40GR CR 10+0,4MG;SIN ASIGNAR(M);2025-08-05 00:00:00.0
7890282800015;83101;PP CTBA GUABIROTUBA;ADEFORTE3ML SOL ORAL;SIN ASIGNAR(M);2023-09-16 00:00:00.0
5060632508515;83101;PP CTBA GUABIROTUBA;SYSTEN SEQUIC/8 ADES 50+50+170MCG/DIA;SIN ASIGNAR(M);2025-07-14 00:00:00.0
5060632508508;83101;PP CTBA GUABIROTUBA;SYSTEN CONTIC/8 ADES 50+170MCG/DIA;SIN ASIGNAR(M);2025-09-06 00:00:00.0
7898687732993;83264;PP FPOLIS SACO DOS LIMÕES;DAMATERC/30 CAPS;SIN ASIGNAR(M);2023-01-26 00:00:00.0
7898149934514;83264;PP FPOLIS SACO DOS LIMÕES;CIPROTERONA BERGAMOC/20 CPR 50MG GEN;SIN ASIGNAR(M);2025-08-29 00:00:00.0
7898074617612;83264;PP FPOLIS SACO DOS LIMÕES;FLUIMUCILC/16 CPR EFERV 600MG;SIN ASIGNAR(M);2025-05-02 00:00:00.0
7898074613430;83264;PP FPOLIS SACO DOS LIMÕES;FLUIMUCILC/16 CPR EFERV 200MG;SIN ASIGNAR(M);2023-05-30 00:00:00.0
7898074611276;83264;PP FPOLIS SACO DOS LIMÕES;FLUIMUCILC/60 CPR EFERV 600MG;SIN ASIGNAR(M);2024-02-01 00:00:00.0
7898049795260;83264;PP FPOLIS SACO DOS LIMÕES;ACECLOFENACO VITAMEDICC/12 CPR REV 100MG GEN;SIN ASIGNAR(M);2026-01-07 00:00:00.0
7897595635198;83264;PP FPOLIS SACO DOS LIMÕES;ACICLOVIR SANDOZC/50 CPR 200MG GEN;SIN ASIGNAR(M);2025-04-28 00:00:00.0
7897595604460;83264;PP FPOLIS SACO DOS LIMÕES;ZZLECTRUM1,5ML PO LIOF+SOL DIL 3,75MG;SIN ASIGNAR(M);2026-07-15 00:00:00.0
7897595602503;83264;PP FPOLIS SACO DOS LIMÕES;HERPESILC/25 CPR 200MG;SIN ASIGNAR(M);2025-06-19 00:00:00.0
7897316802861;83264;PP FPOLIS SACO DOS LIMÕES;PRED MILD10ML COLI 0,12%;SIN ASIGNAR(M);2022-12-21 00:00:00.0
7897076909312;83264;PP FPOLIS SACO DOS LIMÕES;ACECLOFENACO RANBAXYC/12 CPR REV 100MG GEN;SIN ASIGNAR(M);2022-04-23 00:00:00.0
7896658001680;83264;PP FPOLIS SACO DOS LIMÕES;VITA E ACHEC/30 CAPS 400MG;SIN ASIGNAR(M);2025-08-08 00:00:00.0
7896523227092;83264;PP FPOLIS SACO DOS LIMÕES;ACECLOFENACO CIMEDC/12 CPR REV 100MG GEN;SIN ASIGNAR(M);2023-07-24 00:00:00.0
7896269901348;83264;PP FPOLIS SACO DOS LIMÕES;ZOVIRAXC/25 CPR 200MG;SIN ASIGNAR(M);2021-12-13 00:00:00.0
7896241265543;83264;PP FPOLIS SACO DOS LIMÕES;SUPREMAC/28 CPR REV 2+1MG;SIN ASIGNAR(M);2025-07-07 00:00:00.0
7896112400554;83264;PP FPOLIS SACO DOS LIMÕES;DTN-FOLC/90 CAPS 400MCG+10MG;SIN ASIGNAR(M);2024-08-16 00:00:00.0
7896112116929;83264;PP FPOLIS SACO DOS LIMÕES;TEUTOVIT EC/30 CAPS 400MG;SIN ASIGNAR(M);2022-12-26 00:00:00.0
7896094208506;83264;PP FPOLIS SACO DOS LIMÕES;NATIFA PRO UBDC/28 CPR REV 0,5+0,1MG;SIN ASIGNAR(M);2025-08-28 00:00:00.0
7896094201477;83264;PP FPOLIS SACO DOS LIMÕES;NATIFA PROC/28 CPR REV 1+0,5MG;SIN ASIGNAR(M);2025-08-30 00:00:00.0
7896006290667;83264;PP FPOLIS SACO DOS LIMÕES;STER MD10ML SUSP OFT 1,2MG/ML;SIN ASIGNAR(M);2025-05-03 00:00:00.0
7896006245339;83264;PP FPOLIS SACO DOS LIMÕES;DIAMOXC/30 CPR 250MG;SIN ASIGNAR(M);2025-08-20 00:00:00.0
7896006245322;83264;PP FPOLIS SACO DOS LIMÕES;DIAMOXC/25 CPR 250MG;SIN ASIGNAR(M);2023-08-03 00:00:00.0
7896006201731;83264;PP FPOLIS SACO DOS LIMÕES;PRIMOSISTONC/30 CPR 2+0,01MG;SIN ASIGNAR(M);2025-09-08 00:00:00.0
7896006201717;83264;PP FPOLIS SACO DOS LIMÕES;PRIMOLUT NOR 10C/30 CPR 10MG;SIN ASIGNAR(M);2025-07-30 00:00:00.0
7896004775043;83264;PP FPOLIS SACO DOS LIMÕES;ACICLOVIR EMSC/30 CPR 400MG GEN;SIN ASIGNAR(M);2025-08-02 00:00:00.0
7896004722122;83264;PP FPOLIS SACO DOS LIMÕES;ACECLOFENACO EMSC/12 CPR REV 100MG GEN;SIN ASIGNAR(M);2025-08-21 00:00:00.0
7895858017002;83264;PP FPOLIS SACO DOS LIMÕES;ZZFLORINEFEC/100 CPR 0,1MG;SIN ASIGNAR(M);2026-02-17 00:00:00.0
7891721202407;83264;PP FPOLIS SACO DOS LIMÕES;ACICLOVIR MERCKC/30 CPR 200MG GEN;SIN ASIGNAR(M);2024-12-09 00:00:00.0
7891721202391;83264;PP FPOLIS SACO DOS LIMÕES;ACICLOVIR MERCKC/30 CPR 400MG GEN;SIN ASIGNAR(M);2024-07-25 00:00:00.0
7891721023484;83264;PP FPOLIS SACO DOS LIMÕES;ACICLOVIR MERCKC/30 CPR 400MG GEN;SIN ASIGNAR(M);2022-04-19 00:00:00.0
7891721023477;83264;PP FPOLIS SACO DOS LIMÕES;ACICLOVIR MERCKC/25 CPR 200MG GEN;SIN ASIGNAR(M);2021-12-29 00:00:00.0
7891317411923;83264;PP FPOLIS SACO DOS LIMÕES;PROFLAMC/12 CPR REV 100MG;SIN ASIGNAR(M);2025-08-13 00:00:00.0
7891317020002;83264;PP FPOLIS SACO DOS LIMÕES;ACECLOFENACO EUROC/12 CPR REV 100MG GEN;SIN ASIGNAR(M);2025-06-18 00:00:00.0
7891317014773;83264;PP FPOLIS SACO DOS LIMÕES;EMAMAC/30 CAPS 400MG;SIN ASIGNAR(M);2025-05-30 00:00:00.0
7891317001513;83264;PP FPOLIS SACO DOS LIMÕES;ACICLOVIR EUROC/25 CPR 200MG GEN;SIN ASIGNAR(M);2025-08-16 00:00:00.0
7891106006149;83264;PP FPOLIS SACO DOS LIMÕES;EPHYNALC/30 CAPS 400MG;SIN ASIGNAR(M);2023-02-20 00:00:00.0
7891106000956;83264;PP FPOLIS SACO DOS LIMÕES;BAYCUTEN N40GR CR 10+0,4MG;SIN ASIGNAR(M);2024-12-19 00:00:00.0
7890282800015;83264;PP FPOLIS SACO DOS LIMÕES;ADEFORTE3ML SOL ORAL;SIN ASIGNAR(M);2023-09-09 00:00:00.0
5060632508515;83264;PP FPOLIS SACO DOS LIMÕES;SYSTEN SEQUIC/8 ADES 50+50+170MCG/DIA;SIN ASIGNAR(M);2023-04-14 00:00:00.0
5060632508508;83264;PP FPOLIS SACO DOS LIMÕES;SYSTEN CONTIC/8 ADES 50+170MCG/DIA;SIN ASIGNAR(M);2025-08-27 00:00:00.0
7898687732993;83273;DC JLLE COSTA E SILVA;DAMATERC/30 CAPS;SIN ASIGNAR(M);2023-10-10 00:00:00.0
7898149934514;83273;DC JLLE COSTA E SILVA;CIPROTERONA BERGAMOC/20 CPR 50MG GEN;SIN ASIGNAR(M);2025-06-15 00:00:00.0
7898149932183;83273;DC JLLE COSTA E SILVA;FEMIGESTROLC/30 CPR 160MG;SIN ASIGNAR(M);2022-05-16 00:00:00.0
7898074617612;83273;DC JLLE COSTA E SILVA;FLUIMUCILC/16 CPR EFERV 600MG;SIN ASIGNAR(M);2025-08-07 00:00:00.0
7898074613430;83273;DC JLLE COSTA E SILVA;FLUIMUCILC/16 CPR EFERV 200MG;SIN ASIGNAR(M);2024-02-20 00:00:00.0
7898074611276;83273;DC JLLE COSTA E SILVA;FLUIMUCILC/60 CPR EFERV 600MG;SIN ASIGNAR(M);2025-08-29 00:00:00.0
7897595639066;83273;DC JLLE COSTA E SILVA;ACICLOVIR NOVARTISC/30 CPR 400MG GEN;SIN ASIGNAR(M);2025-09-06 00:00:00.0
7897595635198;83273;DC JLLE COSTA E SILVA;ACICLOVIR SANDOZC/50 CPR 200MG GEN;SIN ASIGNAR(M);2023-05-09 00:00:00.0
7897595604460;83273;DC JLLE COSTA E SILVA;ZZLECTRUM1,5ML PO LIOF+SOL DIL 3,75MG;SIN ASIGNAR(M);2026-08-15 00:00:00.0
7897595602503;83273;DC JLLE COSTA E SILVA;HERPESILC/25 CPR 200MG;SIN ASIGNAR(M);2025-07-01 00:00:00.0
7897316802861;83273;DC JLLE COSTA E SILVA;PRED MILD10ML COLI 0,12%;SIN ASIGNAR(M);2025-07-18 00:00:00.0
7897076909312;83273;DC JLLE COSTA E SILVA;ACECLOFENACO RANBAXYC/12 CPR REV 100MG GEN;SIN ASIGNAR(M);2024-02-24 00:00:00.0
7896658001680;83273;DC JLLE COSTA E SILVA;VITA E ACHEC/30 CAPS 400MG;SIN ASIGNAR(M);2025-07-09 00:00:00.0
7896523227092;83273;DC JLLE COSTA E SILVA;ACECLOFENACO CIMEDC/12 CPR REV 100MG GEN;SIN ASIGNAR(M);2024-07-31 00:00:00.0
7896241265543;83273;DC JLLE COSTA E SILVA;SUPREMAC/28 CPR REV 2+1MG;SIN ASIGNAR(M);2025-06-20 00:00:00.0
7896165600055;83273;DC JLLE COSTA E SILVA;DDAVPC/30 CPR 0,2MG;SIN ASIGNAR(M);2026-09-01 00:00:00.0
7896165600048;83273;DC JLLE COSTA E SILVA;DDAVPC/30 CPR 0,1MG;SIN ASIGNAR(M);2022-11-30 00:00:00.0
7896112400554;83273;DC JLLE COSTA E SILVA;DTN-FOLC/90 CAPS 400MCG+10MG;SIN ASIGNAR(M);2024-06-18 00:00:00.0
7896094208506;83273;DC JLLE COSTA E SILVA;NATIFA PRO UBDC/28 CPR REV 0,5+0,1MG;SIN ASIGNAR(M);2025-09-08 00:00:00.0
7896094201477;83273;DC JLLE COSTA E SILVA;NATIFA PROC/28 CPR REV 1+0,5MG;SIN ASIGNAR(M);2025-09-06 00:00:00.0
7896006290667;83273;DC JLLE COSTA E SILVA;STER MD10ML SUSP OFT 1,2MG/ML;SIN ASIGNAR(M);2025-09-06 00:00:00.0
7896006245339;83273;DC JLLE COSTA E SILVA;DIAMOXC/30 CPR 250MG;SIN ASIGNAR(M);2025-08-29 00:00:00.0
7896006245322;83273;DC JLLE COSTA E SILVA;DIAMOXC/25 CPR 250MG;SIN ASIGNAR(M);2023-05-09 00:00:00.0
7896006201731;83273;DC JLLE COSTA E SILVA;PRIMOSISTONC/30 CPR 2+0,01MG;SIN ASIGNAR(M);2025-09-07 00:00:00.0
7896006201717;83273;DC JLLE COSTA E SILVA;PRIMOLUT NOR 10C/30 CPR 10MG;SIN ASIGNAR(M);2025-07-25 00:00:00.0
7896004775043;83273;DC JLLE COSTA E SILVA;ACICLOVIR EMSC/30 CPR 400MG GEN;SIN ASIGNAR(M);2025-07-30 00:00:00.0
7896004722122;83273;DC JLLE COSTA E SILVA;ACECLOFENACO EMSC/12 CPR REV 100MG GEN;SIN ASIGNAR(M);2025-07-29 00:00:00.0
7895858017002;83273;DC JLLE COSTA E SILVA;ZZFLORINEFEC/100 CPR 0,1MG;SIN ASIGNAR(M);2025-08-27 00:00:00.0
7891721202391;83273;DC JLLE COSTA E SILVA;ACICLOVIR MERCKC/30 CPR 400MG GEN;SIN ASIGNAR(M);2025-08-21 00:00:00.0
7891317411923;83273;DC JLLE COSTA E SILVA;PROFLAMC/12 CPR REV 100MG;SIN ASIGNAR(M);2025-08-22 00:00:00.0
7891317020002;83273;DC JLLE COSTA E SILVA;ACECLOFENACO EUROC/12 CPR REV 100MG GEN;SIN ASIGNAR(M);2025-05-16 00:00:00.0
7891317014773;83273;DC JLLE COSTA E SILVA;EMAMAC/30 CAPS 400MG;SIN ASIGNAR(M);2025-07-02 00:00:00.0
7891317001513;83273;DC JLLE COSTA E SILVA;ACICLOVIR EUROC/25 CPR 200MG GEN;SIN ASIGNAR(M);2025-09-08 00:00:00.0
7891268106213;83273;DC JLLE COSTA E SILVA;PROVERAC/14 CPR 10MG;SIN ASIGNAR(M);2025-08-09 00:00:00.0
7891142128638;83273;DC JLLE COSTA E SILVA;CELESTONE SOLUSPAN1ML SUSP INJ 3+3MG/ML;SIN ASIGNAR(M);2025-08-09 00:00:00.0
7891106000956;83273;DC JLLE COSTA E SILVA;BAYCUTEN N40GR CR 10+0,4MG;SIN ASIGNAR(M);2025-07-31 00:00:00.0
7890282800015;83273;DC JLLE COSTA E SILVA;ADEFORTE3ML SOL ORAL;SIN ASIGNAR(M);2023-09-25 00:00:00.0
5060632508515;83273;DC JLLE COSTA E SILVA;SYSTEN SEQUIC/8 ADES 50+50+170MCG/DIA;SIN ASIGNAR(M);2026-09-23 00:00:00.0
5060632508508;83273;DC JLLE COSTA E SILVA;SYSTEN CONTIC/8 ADES 50+170MCG/DIA;SIN ASIGNAR(M);2025-09-06 00:00:00.0
7898687732993;83074;PP CAMPINA GRANDE DO SUL;DAMATERC/30 CAPS;SIN ASIGNAR(M);2023-10-20 00:00:00.0
7898149934514;83074;PP CAMPINA GRANDE DO SUL;CIPROTERONA BERGAMOC/20 CPR 50MG GEN;SIN ASIGNAR(M);2025-08-13 00:00:00.0
7898074617612;83074;PP CAMPINA GRANDE DO SUL;FLUIMUCILC/16 CPR EFERV 600MG;SIN ASIGNAR(M);2025-06-05 00:00:00.0
7898074611276;83074;PP CAMPINA GRANDE DO SUL;FLUIMUCILC/60 CPR EFERV 600MG;SIN ASIGNAR(M);2023-06-24 00:00:00.0
7897595639066;83074;PP CAMPINA GRANDE DO SUL;ACICLOVIR NOVARTISC/30 CPR 400MG GEN;SIN ASIGNAR(M);2025-09-17 00:00:00.0
7897595635198;83074;PP CAMPINA GRANDE DO SUL;ACICLOVIR SANDOZC/50 CPR 200MG GEN;SIN ASIGNAR(M);2025-01-13 00:00:00.0
7897595604460;83074;PP CAMPINA GRANDE DO SUL;ZZLECTRUM1,5ML PO LIOF+SOL DIL 3,75MG;SIN ASIGNAR(M);2026-09-16 00:00:00.0
7897595602503;83074;PP CAMPINA GRANDE DO SUL;HERPESILC/25 CPR 200MG;SIN ASIGNAR(M);2025-07-30 00:00:00.0
7897316802861;83074;PP CAMPINA GRANDE DO SUL;PRED MILD10ML COLI 0,12%;SIN ASIGNAR(M);2023-07-19 00:00:00.0
7896658001680;83074;PP CAMPINA GRANDE DO SUL;VITA E ACHEC/30 CAPS 400MG;SIN ASIGNAR(M);2025-05-03 00:00:00.0
7896523227092;83074;PP CAMPINA GRANDE DO SUL;ACECLOFENACO CIMEDC/12 CPR REV 100MG GEN;SIN ASIGNAR(M);2024-05-29 00:00:00.0
7896241265543;83074;PP CAMPINA GRANDE DO SUL;SUPREMAC/28 CPR REV 2+1MG;SIN ASIGNAR(M);2025-08-05 00:00:00.0
7896165600048;83074;PP CAMPINA GRANDE DO SUL;DDAVPC/30 CPR 0,1MG;SIN ASIGNAR(M);2022-08-09 00:00:00.0
7896112400554;83074;PP CAMPINA GRANDE DO SUL;DTN-FOLC/90 CAPS 400MCG+10MG;SIN ASIGNAR(M);2024-05-08 00:00:00.0
7896094208506;83074;PP CAMPINA GRANDE DO SUL;NATIFA PRO UBDC/28 CPR REV 0,5+0,1MG;SIN ASIGNAR(M);2025-07-17 00:00:00.0
7896094201477;83074;PP CAMPINA GRANDE DO SUL;NATIFA PROC/28 CPR REV 1+0,5MG;SIN ASIGNAR(M);2025-08-07 00:00:00.0
7896006290667;83074;PP CAMPINA GRANDE DO SUL;STER MD10ML SUSP OFT 1,2MG/ML;SIN ASIGNAR(M);2025-05-13 00:00:00.0
7896006245339;83074;PP CAMPINA GRANDE DO SUL;DIAMOXC/30 CPR 250MG;SIN ASIGNAR(M);2025-07-07 00:00:00.0
7896006245322;83074;PP CAMPINA GRANDE DO SUL;DIAMOXC/25 CPR 250MG;SIN ASIGNAR(M);2023-05-12 00:00:00.0
7896006201731;83074;PP CAMPINA GRANDE DO SUL;PRIMOSISTONC/30 CPR 2+0,01MG;SIN ASIGNAR(M);2025-09-01 00:00:00.0
7896006201717;83074;PP CAMPINA GRANDE DO SUL;PRIMOLUT NOR 10C/30 CPR 10MG;SIN ASIGNAR(M);2025-05-29 00:00:00.0
7896004775043;83074;PP CAMPINA GRANDE DO SUL;ACICLOVIR EMSC/30 CPR 400MG GEN;SIN ASIGNAR(M);2025-09-02 00:00:00.0
7896004722122;83074;PP CAMPINA GRANDE DO SUL;ACECLOFENACO EMSC/12 CPR REV 100MG GEN;SIN ASIGNAR(M);2025-09-08 00:00:00.0
7891317411923;83074;PP CAMPINA GRANDE DO SUL;PROFLAMC/12 CPR REV 100MG;SIN ASIGNAR(M);2023-01-10 00:00:00.0
7891317014773;83074;PP CAMPINA GRANDE DO SUL;EMAMAC/30 CAPS 400MG;SIN ASIGNAR(M);2025-01-23 00:00:00.0
7891268106213;83074;PP CAMPINA GRANDE DO SUL;PROVERAC/14 CPR 10MG;SIN ASIGNAR(M);2025-09-06 00:00:00.0
7891142128638;83074;PP CAMPINA GRANDE DO SUL;CELESTONE SOLUSPAN1ML SUSP INJ 3+3MG/ML;SIN ASIGNAR(M);2025-04-24 00:00:00.0
7891106000956;83074;PP CAMPINA GRANDE DO SUL;BAYCUTEN N40GR CR 10+0,4MG;SIN ASIGNAR(M);2025-09-08 00:00:00.0
7890282800015;83074;PP CAMPINA GRANDE DO SUL;ADEFORTE3ML SOL ORAL;SIN ASIGNAR(M);2023-09-06 00:00:00.0
5060632508508;83074;PP CAMPINA GRANDE DO SUL;SYSTEN CONTIC/8 ADES 50+170MCG/DIA;SIN ASIGNAR(M);2024-09-25 00:00:00.0
7898687732993;83342;DC JLLE BENJAMIN CONSTANT;DAMATERC/30 CAPS;SIN ASIGNAR(M);2023-07-20 00:00:00.0
7898149934514;83342;DC JLLE BENJAMIN CONSTANT;CIPROTERONA BERGAMOC/20 CPR 50MG GEN;SIN ASIGNAR(M);2025-09-08 00:00:00.0
7898074617612;83342;DC JLLE BENJAMIN CONSTANT;FLUIMUCILC/16 CPR EFERV 600MG;SIN ASIGNAR(M);2025-08-11 00:00:00.0
7898074616943;83342;DC JLLE BENJAMIN CONSTANT;FLUIMUCIL20ML SOL NAS 11,5MG/ML;SIN ASIGNAR(M);2023-06-13 00:00:00.0
7898074613430;83342;DC JLLE BENJAMIN CONSTANT;FLUIMUCILC/16 CPR EFERV 200MG;SIN ASIGNAR(M);2024-05-01 00:00:00.0
7898074611276;83342;DC JLLE BENJAMIN CONSTANT;FLUIMUCILC/60 CPR EFERV 600MG;SIN ASIGNAR(M);2025-06-25 00:00:00.0
7898049795260;83342;DC JLLE BENJAMIN CONSTANT;ACECLOFENACO VITAMEDICC/12 CPR REV 100MG GEN;SIN ASIGNAR(M);2026-05-25 00:00:00.0
7897595639134;83342;DC JLLE BENJAMIN CONSTANT;ACICLOVIR SANDOZC/60 CPR 400MG GEN;SIN ASIGNAR(M);2025-08-13 00:00:00.0
7897595639066;83342;DC JLLE BENJAMIN CONSTANT;ACICLOVIR NOVARTISC/30 CPR 400MG GEN;SIN ASIGNAR(M);2025-09-04 00:00:00.0
7897595635198;83342;DC JLLE BENJAMIN CONSTANT;ACICLOVIR SANDOZC/50 CPR 200MG GEN;SIN ASIGNAR(M);2025-04-30 00:00:00.0
7897595604460;83342;DC JLLE BENJAMIN CONSTANT;ZZLECTRUM1,5ML PO LIOF+SOL DIL 3,75MG;SIN ASIGNAR(M);2026-06-16 00:00:00.0
7897595602503;83342;DC JLLE BENJAMIN CONSTANT;HERPESILC/25 CPR 200MG;SIN ASIGNAR(M);2025-08-29 00:00:00.0
7897076909343;83342;DC JLLE BENJAMIN CONSTANT;ACECLOFENACO RANBAXYC/24 CPR REV 100MG GEN;SIN ASIGNAR(M);2025-03-26 00:00:00.0
7897076909312;83342;DC JLLE BENJAMIN CONSTANT;ACECLOFENACO RANBAXYC/12 CPR REV 100MG GEN;SIN ASIGNAR(M);2025-08-30 00:00:00.0
7896658001680;83342;DC JLLE BENJAMIN CONSTANT;VITA E ACHEC/30 CAPS 400MG;SIN ASIGNAR(M);2025-09-03 00:00:00.0
7896523227092;83342;DC JLLE BENJAMIN CONSTANT;ACECLOFENACO CIMEDC/12 CPR REV 100MG GEN;SIN ASIGNAR(M);2023-12-15 00:00:00.0
7896241265543;83342;DC JLLE BENJAMIN CONSTANT;SUPREMAC/28 CPR REV 2+1MG;SIN ASIGNAR(M);2025-07-29 00:00:00.0
7896165600055;83342;DC JLLE BENJAMIN CONSTANT;DDAVPC/30 CPR 0,2MG;SIN ASIGNAR(M);2023-05-03 00:00:00.0
7896165600048;83342;DC JLLE BENJAMIN CONSTANT;DDAVPC/30 CPR 0,1MG;SIN ASIGNAR(M);2023-11-13 00:00:00.0
7896112400554;83342;DC JLLE BENJAMIN CONSTANT;DTN-FOLC/90 CAPS 400MCG+10MG;SIN ASIGNAR(M);2024-05-03 00:00:00.0
7896094208506;83342;DC JLLE BENJAMIN CONSTANT;NATIFA PRO UBDC/28 CPR REV 0,5+0,1MG;SIN ASIGNAR(M);2025-09-08 00:00:00.0
7896094201477;83342;DC JLLE BENJAMIN CONSTANT;NATIFA PROC/28 CPR REV 1+0,5MG;SIN ASIGNAR(M);2025-09-08 00:00:00.0
7896006290667;83342;DC JLLE BENJAMIN CONSTANT;STER MD10ML SUSP OFT 1,2MG/ML;SIN ASIGNAR(M);2025-09-05 00:00:00.0
7896006245339;83342;DC JLLE BENJAMIN CONSTANT;DIAMOXC/30 CPR 250MG;SIN ASIGNAR(M);2025-09-08 00:00:00.0
7896006245322;83342;DC JLLE BENJAMIN CONSTANT;DIAMOXC/25 CPR 250MG;SIN ASIGNAR(M);2023-05-12 00:00:00.0
7896006201731;83342;DC JLLE BENJAMIN CONSTANT;PRIMOSISTONC/30 CPR 2+0,01MG;SIN ASIGNAR(M);2025-09-03 00:00:00.0
7896006201717;83342;DC JLLE BENJAMIN CONSTANT;PRIMOLUT NOR 10C/30 CPR 10MG;SIN ASIGNAR(M);2025-09-01 00:00:00.0
7896004775043;83342;DC JLLE BENJAMIN CONSTANT;ACICLOVIR EMSC/30 CPR 400MG GEN;SIN ASIGNAR(M);2025-09-04 00:00:00.0
7896004722122;83342;DC JLLE BENJAMIN CONSTANT;ACECLOFENACO EMSC/12 CPR REV 100MG GEN;SIN ASIGNAR(M);2025-08-21 00:00:00.0
7895858017002;83342;DC JLLE BENJAMIN CONSTANT;ZZFLORINEFEC/100 CPR 0,1MG;SIN ASIGNAR(M);2025-05-22 00:00:00.0
7894916503754;83342;DC JLLE BENJAMIN CONSTANT;AGLUCOSEC/30 CPR 50MG;SIN ASIGNAR(M);2025-08-31 00:00:00.0
7891721202407;83342;DC JLLE BENJAMIN CONSTANT;ACICLOVIR MERCKC/30 CPR 200MG GEN;SIN ASIGNAR(M);2025-03-27 00:00:00.0
7891721202391;83342;DC JLLE BENJAMIN CONSTANT;ACICLOVIR MERCKC/30 CPR 400MG GEN;SIN ASIGNAR(M);2025-08-08 00:00:00.0
7891721023484;83342;DC JLLE BENJAMIN CONSTANT;ACICLOVIR MERCKC/30 CPR 400MG GEN;SIN ASIGNAR(M);2022-03-04 00:00:00.0
7891721023477;83342;DC JLLE BENJAMIN CONSTANT;ACICLOVIR MERCKC/25 CPR 200MG GEN;SIN ASIGNAR(M);2022-02-08 00:00:00.0
7891317411923;83342;DC JLLE BENJAMIN CONSTANT;PROFLAMC/12 CPR REV 100MG;SIN ASIGNAR(M);2025-08-14 00:00:00.0
7891317020002;83342;DC JLLE BENJAMIN CONSTANT;ACECLOFENACO EUROC/12 CPR REV 100MG GEN;SIN ASIGNAR(M);2025-02-08 00:00:00.0
7891317014773;83342;DC JLLE BENJAMIN CONSTANT;EMAMAC/30 CAPS 400MG;SIN ASIGNAR(M);2025-06-21 00:00:00.0
7891317001513;83342;DC JLLE BENJAMIN CONSTANT;ACICLOVIR EUROC/25 CPR 200MG GEN;SIN ASIGNAR(M);2025-06-16 00:00:00.0
7891268106213;83342;DC JLLE BENJAMIN CONSTANT;PROVERAC/14 CPR 10MG;SIN ASIGNAR(M);2024-09-03 00:00:00.0
7891142128638;83342;DC JLLE BENJAMIN CONSTANT;CELESTONE SOLUSPAN1ML SUSP INJ 3+3MG/ML;SIN ASIGNAR(M);2025-09-04 00:00:00.0
7891106006149;83342;DC JLLE BENJAMIN CONSTANT;EPHYNALC/30 CAPS 400MG;SIN ASIGNAR(M);2025-03-07 00:00:00.0
7891106000956;83342;DC JLLE BENJAMIN CONSTANT;BAYCUTEN N40GR CR 10+0,4MG;SIN ASIGNAR(M);2025-07-18 00:00:00.0
7890282800015;83342;DC JLLE BENJAMIN CONSTANT;ADEFORTE3ML SOL ORAL;SIN ASIGNAR(M);2023-09-19 00:00:00.0
5060632508515;83342;DC JLLE BENJAMIN CONSTANT;SYSTEN SEQUIC/8 ADES 50+50+170MCG/DIA;SIN ASIGNAR(M);2025-08-17 00:00:00.0
5060632508508;83342;DC JLLE BENJAMIN CONSTANT;SYSTEN CONTIC/8 ADES 50+170MCG/DIA;SIN ASIGNAR(M);2025-09-05 00:00:00.0
7898687732993;83469;PP CTBA MATEUS LEME;DAMATERC/30 CAPS;SIN ASIGNAR(M);2023-10-12 00:00:00.0
7898149934514;83469;PP CTBA MATEUS LEME;CIPROTERONA BERGAMOC/20 CPR 50MG GEN;SIN ASIGNAR(M);2025-09-02 00:00:00.0
7898074617612;83469;PP CTBA MATEUS LEME;FLUIMUCILC/16 CPR EFERV 600MG;SIN ASIGNAR(M);2025-07-16 00:00:00.0
7898074613430;83469;PP CTBA MATEUS LEME;FLUIMUCILC/16 CPR EFERV 200MG;SIN ASIGNAR(M);2024-11-22 00:00:00.0
7897595639066;83469;PP CTBA MATEUS LEME;ACICLOVIR NOVARTISC/30 CPR 400MG GEN;SIN ASIGNAR(M);2025-09-01 00:00:00.0
7897595635198;83469;PP CTBA MATEUS LEME;ACICLOVIR SANDOZC/50 CPR 200MG GEN;SIN ASIGNAR(M);2025-05-26 00:00:00.0
7897595602503;83469;PP CTBA MATEUS LEME;HERPESILC/25 CPR 200MG;SIN ASIGNAR(M);2025-09-02 00:00:00.0
7897316802861;83469;PP CTBA MATEUS LEME;PRED MILD10ML COLI 0,12%;SIN ASIGNAR(M);2025-06-13 00:00:00.0
7896658001680;83469;PP CTBA MATEUS LEME;VITA E ACHEC/30 CAPS 400MG;SIN ASIGNAR(M);2025-07-16 00:00:00.0
7896269901348;83469;PP CTBA MATEUS LEME;ZOVIRAXC/25 CPR 200MG;SIN ASIGNAR(M);2022-09-16 00:00:00.0
7896241265543;83469;PP CTBA MATEUS LEME;SUPREMAC/28 CPR REV 2+1MG;SIN ASIGNAR(M);2025-08-13 00:00:00.0
7896112400554;83469;PP CTBA MATEUS LEME;DTN-FOLC/90 CAPS 400MCG+10MG;SIN ASIGNAR(M);2024-03-19 00:00:00.0
7896112116929;83469;PP CTBA MATEUS LEME;TEUTOVIT EC/30 CAPS 400MG;SIN ASIGNAR(M);2023-07-13 00:00:00.0
7896094208506;83469;PP CTBA MATEUS LEME;NATIFA PRO UBDC/28 CPR REV 0,5+0,1MG;SIN ASIGNAR(M);2025-09-07 00:00:00.0
7896094201477;83469;PP CTBA MATEUS LEME;NATIFA PROC/28 CPR REV 1+0,5MG;SIN ASIGNAR(M);2025-09-04 00:00:00.0
7896006290667;83469;PP CTBA MATEUS LEME;STER MD10ML SUSP OFT 1,2MG/ML;SIN ASIGNAR(M);2025-09-03 00:00:00.0
7896006245339;83469;PP CTBA MATEUS LEME;DIAMOXC/30 CPR 250MG;SIN ASIGNAR(M);2025-09-02 00:00:00.0
7896006245322;83469;PP CTBA MATEUS LEME;DIAMOXC/25 CPR 250MG;SIN ASIGNAR(M);2023-05-16 00:00:00.0
7896006201731;83469;PP CTBA MATEUS LEME;PRIMOSISTONC/30 CPR 2+0,01MG;SIN ASIGNAR(M);2025-07-18 00:00:00.0
7896006201717;83469;PP CTBA MATEUS LEME;PRIMOLUT NOR 10C/30 CPR 10MG;SIN ASIGNAR(M);2025-05-30 00:00:00.0
7896004775043;83469;PP CTBA MATEUS LEME;ACICLOVIR EMSC/30 CPR 400MG GEN;SIN ASIGNAR(M);2025-08-01 00:00:00.0
7896004722122;83469;PP CTBA MATEUS LEME;ACECLOFENACO EMSC/12 CPR REV 100MG GEN;SIN ASIGNAR(M);2025-06-24 00:00:00.0
7895858017002;83469;PP CTBA MATEUS LEME;ZZFLORINEFEC/100 CPR 0,1MG;SIN ASIGNAR(M);2025-09-17 00:00:00.0
7894916503754;83469;PP CTBA MATEUS LEME;AGLUCOSEC/30 CPR 50MG;SIN ASIGNAR(M);2023-12-05 00:00:00.0
7891721202391;83469;PP CTBA MATEUS LEME;ACICLOVIR MERCKC/30 CPR 400MG GEN;SIN ASIGNAR(M);2025-07-14 00:00:00.0
7891317411923;83469;PP CTBA MATEUS LEME;PROFLAMC/12 CPR REV 100MG;SIN ASIGNAR(M);2023-06-21 00:00:00.0
7891317014773;83469;PP CTBA MATEUS LEME;EMAMAC/30 CAPS 400MG;SIN ASIGNAR(M);2025-07-02 00:00:00.0
7891317001513;83469;PP CTBA MATEUS LEME;ACICLOVIR EUROC/25 CPR 200MG GEN;SIN ASIGNAR(M);2025-08-30 00:00:00.0
7891142128638;83469;PP CTBA MATEUS LEME;CELESTONE SOLUSPAN1ML SUSP INJ 3+3MG/ML;SIN ASIGNAR(M);2022-07-21 00:00:00.0
7891106006149;83469;PP CTBA MATEUS LEME;EPHYNALC/30 CAPS 400MG;SIN ASIGNAR(M);2023-11-05 00:00:00.0
7891106000956;83469;PP CTBA MATEUS LEME;BAYCUTEN N40GR CR 10+0,4MG;SIN ASIGNAR(M);2025-02-27 00:00:00.0
7890282800015;83469;PP CTBA MATEUS LEME;ADEFORTE3ML SOL ORAL;SIN ASIGNAR(M);2023-09-30 00:00:00.0
5060632508508;83469;PP CTBA MATEUS LEME;SYSTEN CONTIC/8 ADES 50+170MCG/DIA;SIN ASIGNAR(M);2025-08-29 00:00:00.0
7898687732993;83465;PP CTBA VICENTE MACHADO;DAMATERC/30 CAPS;SIN ASIGNAR(M);2023-11-11 00:00:00.0
7898149934514;83465;PP CTBA VICENTE MACHADO;CIPROTERONA BERGAMOC/20 CPR 50MG GEN;SIN ASIGNAR(M);2025-08-19 00:00:00.0
7898074617612;83465;PP CTBA VICENTE MACHADO;FLUIMUCILC/16 CPR EFERV 600MG;SIN ASIGNAR(M);2025-08-28 00:00:00.0
7898074613430;83465;PP CTBA VICENTE MACHADO;FLUIMUCILC/16 CPR EFERV 200MG;SIN ASIGNAR(M);2024-11-04 00:00:00.0
7897595639134;83465;PP CTBA VICENTE MACHADO;ACICLOVIR SANDOZC/60 CPR 400MG GEN;SIN ASIGNAR(M);2025-08-13 00:00:00.0
7897595639066;83465;PP CTBA VICENTE MACHADO;ACICLOVIR NOVARTISC/30 CPR 400MG GEN;SIN ASIGNAR(M);2025-11-25 00:00:00.0
7897595635198;83465;PP CTBA VICENTE MACHADO;ACICLOVIR SANDOZC/50 CPR 200MG GEN;SIN ASIGNAR(M);2025-07-11 00:00:00.0
7897595604460;83465;PP CTBA VICENTE MACHADO;LECTRUM1,5ML PO LIOF+SOL DIL 3,75MG;SIN ASIGNAR(M);2021-10-11 00:00:00.0
7897595602503;83465;PP CTBA VICENTE MACHADO;HERPESILC/25 CPR 200MG;SIN ASIGNAR(M);2025-08-27 00:00:00.0
7897316802861;83465;PP CTBA VICENTE MACHADO;PRED MILD10ML COLI 0,12%;SIN ASIGNAR(M);2023-12-26 00:00:00.0
7897076909312;83465;PP CTBA VICENTE MACHADO;ACECLOFENACO RANBAXYC/12 CPR REV 100MG GEN;SIN ASIGNAR(M);2021-11-16 00:00:00.0
7896658001680;83465;PP CTBA VICENTE MACHADO;VITA E ACHEC/30 CAPS 400MG;SIN ASIGNAR(M);2025-07-05 00:00:00.0
7896523227092;83465;PP CTBA VICENTE MACHADO;ACECLOFENACO CIMEDC/12 CPR REV 100MG GEN;SIN ASIGNAR(M);2023-11-14 00:00:00.0
7896241265543;83465;PP CTBA VICENTE MACHADO;SUPREMAC/28 CPR REV 2+1MG;SIN ASIGNAR(M);2024-03-18 00:00:00.0
7896165600055;83465;PP CTBA VICENTE MACHADO;DDAVPC/30 CPR 0,2MG;SIN ASIGNAR(M);2025-12-16 00:00:00.0
7896165600048;83465;PP CTBA VICENTE MACHADO;DDAVPC/30 CPR 0,1MG;SIN ASIGNAR(M);2021-11-23 00:00:00.0
7896112400554;83465;PP CTBA VICENTE MACHADO;DTN-FOLC/90 CAPS 400MCG+10MG;SIN ASIGNAR(M);2023-09-30 00:00:00.0
7896112116929;83465;PP CTBA VICENTE MACHADO;TEUTOVIT EC/30 CAPS 400MG;SIN ASIGNAR(M);2024-02-27 00:00:00.0
7896094208506;83465;PP CTBA VICENTE MACHADO;NATIFA PRO UBDC/28 CPR REV 0,5+0,1MG;SIN ASIGNAR(M);2025-08-05 00:00:00.0
7896094201477;83465;PP CTBA VICENTE MACHADO;NATIFA PROC/28 CPR REV 1+0,5MG;SIN ASIGNAR(M);2025-08-16 00:00:00.0
7896006290667;83465;PP CTBA VICENTE MACHADO;STER MD10ML SUSP OFT 1,2MG/ML;SIN ASIGNAR(M);2025-07-18 00:00:00.0
7896006245339;83465;PP CTBA VICENTE MACHADO;DIAMOXC/30 CPR 250MG;SIN ASIGNAR(M);2025-08-22 00:00:00.0
7896006245322;83465;PP CTBA VICENTE MACHADO;DIAMOXC/25 CPR 250MG;SIN ASIGNAR(M);2023-05-16 00:00:00.0
7896006201731;83465;PP CTBA VICENTE MACHADO;PRIMOSISTONC/30 CPR 2+0,01MG;SIN ASIGNAR(M);2025-08-29 00:00:00.0
7896006201717;83465;PP CTBA VICENTE MACHADO;PRIMOLUT NOR 10C/30 CPR 10MG;SIN ASIGNAR(M);2025-06-10 00:00:00.0
7896004775043;83465;PP CTBA VICENTE MACHADO;ACICLOVIR EMSC/30 CPR 400MG GEN;SIN ASIGNAR(M);2025-08-05 00:00:00.0
7896004722122;83465;PP CTBA VICENTE MACHADO;ACECLOFENACO EMSC/12 CPR REV 100MG GEN;SIN ASIGNAR(M);2025-02-11 00:00:00.0
7895858017002;83465;PP CTBA VICENTE MACHADO;ZZFLORINEFEC/100 CPR 0,1MG;SIN ASIGNAR(M);2025-03-13 00:00:00.0
7894916503754;83465;PP CTBA VICENTE MACHADO;AGLUCOSEC/30 CPR 50MG;SIN ASIGNAR(M);2025-06-16 00:00:00.0
7891721202391;83465;PP CTBA VICENTE MACHADO;ACICLOVIR MERCKC/30 CPR 400MG GEN;SIN ASIGNAR(M);2025-09-02 00:00:00.0
7891721023484;83465;PP CTBA VICENTE MACHADO;ACICLOVIR MERCKC/30 CPR 400MG GEN;SIN ASIGNAR(M);2022-04-01 00:00:00.0
7891317411923;83465;PP CTBA VICENTE MACHADO;PROFLAMC/12 CPR REV 100MG;SIN ASIGNAR(M);2025-07-10 00:00:00.0
7891317014773;83465;PP CTBA VICENTE MACHADO;EMAMAC/30 CAPS 400MG;SIN ASIGNAR(M);2025-01-07 00:00:00.0
7891317001513;83465;PP CTBA VICENTE MACHADO;ACICLOVIR EUROC/25 CPR 200MG GEN;SIN ASIGNAR(M);2025-04-28 00:00:00.0
7891268106213;83465;PP CTBA VICENTE MACHADO;PROVERAC/14 CPR 10MG;SIN ASIGNAR(M);2025-07-23 00:00:00.0
7891106006149;83465;PP CTBA VICENTE MACHADO;EPHYNALC/30 CAPS 400MG;SIN ASIGNAR(M);2025-01-07 00:00:00.0
7891106000956;83465;PP CTBA VICENTE MACHADO;BAYCUTEN N40GR CR 10+0,4MG;SIN ASIGNAR(M);2025-06-26 00:00:00.0
7890282800015;83465;PP CTBA VICENTE MACHADO;ADEFORTE3ML SOL ORAL;SIN ASIGNAR(M);2023-09-28 00:00:00.0
5060632508515;83465;PP CTBA VICENTE MACHADO;SYSTEN SEQUIC/8 ADES 50+50+170MCG/DIA;SIN ASIGNAR(M);2024-02-21 00:00:00.0
5060632508508;83465;PP CTBA VICENTE MACHADO;SYSTEN CONTIC/8 ADES 50+170MCG/DIA;SIN ASIGNAR(M);2025-08-21 00:00:00.0
7898687732993;83461;PP CTBA PINHEIRINHO II;DAMATERC/30 CAPS;SIN ASIGNAR(M);2023-03-18 00:00:00.0
7898149934514;83461;PP CTBA PINHEIRINHO II;CIPROTERONA BERGAMOC/20 CPR 50MG GEN;SIN ASIGNAR(M);2025-08-09 00:00:00.0
7898074617612;83461;PP CTBA PINHEIRINHO II;FLUIMUCILC/16 CPR EFERV 600MG;SIN ASIGNAR(M);2024-08-08 00:00:00.0
7897595635198;83461;PP CTBA PINHEIRINHO II;ACICLOVIR SANDOZC/50 CPR 200MG GEN;SIN ASIGNAR(M);2023-08-26 00:00:00.0
7897595602503;83461;PP CTBA PINHEIRINHO II;HERPESILC/25 CPR 200MG;SIN ASIGNAR(M);2025-08-29 00:00:00.0
7896658001680;83461;PP CTBA PINHEIRINHO II;VITA E ACHEC/30 CAPS 400MG;SIN ASIGNAR(M);2024-10-21 00:00:00.0
7896241265543;83461;PP CTBA PINHEIRINHO II;SUPREMAC/28 CPR REV 2+1MG;SIN ASIGNAR(M);2025-09-01 00:00:00.0
7896112400554;83461;PP CTBA PINHEIRINHO II;DTN-FOLC/90 CAPS 400MCG+10MG;SIN ASIGNAR(M);2024-03-15 00:00:00.0
7896094208506;83461;PP CTBA PINHEIRINHO II;NATIFA PRO UBDC/28 CPR REV 0,5+0,1MG;SIN ASIGNAR(M);2025-05-23 00:00:00.0
7896094201477;83461;PP CTBA PINHEIRINHO II;NATIFA PROC/28 CPR REV 1+0,5MG;SIN ASIGNAR(M);2025-09-08 00:00:00.0
7896006290667;83461;PP CTBA PINHEIRINHO II;STER MD10ML SUSP OFT 1,2MG/ML;SIN ASIGNAR(M);2025-08-30 00:00:00.0
7896006245339;83461;PP CTBA PINHEIRINHO II;DIAMOXC/30 CPR 250MG;SIN ASIGNAR(M);2025-08-21 00:00:00.0
7896006245322;83461;PP CTBA PINHEIRINHO II;DIAMOXC/25 CPR 250MG;SIN ASIGNAR(M);2023-05-22 00:00:00.0
7896006201731;83461;PP CTBA PINHEIRINHO II;PRIMOSISTONC/30 CPR 2+0,01MG;SIN ASIGNAR(M);2025-08-28 00:00:00.0
7896006201717;83461;PP CTBA PINHEIRINHO II;PRIMOLUT NOR 10C/30 CPR 10MG;SIN ASIGNAR(M);2025-09-01 00:00:00.0
7896004775043;83461;PP CTBA PINHEIRINHO II;ACICLOVIR EMSC/30 CPR 400MG GEN;SIN ASIGNAR(M);2025-08-01 00:00:00.0
7896004722122;83461;PP CTBA PINHEIRINHO II;ACECLOFENACO EMSC/12 CPR REV 100MG GEN;SIN ASIGNAR(M);2025-05-28 00:00:00.0
7891317411923;83461;PP CTBA PINHEIRINHO II;PROFLAMC/12 CPR REV 100MG;SIN ASIGNAR(M);2022-10-14 00:00:00.0
7891317020002;83461;PP CTBA PINHEIRINHO II;ACECLOFENACO EUROC/12 CPR REV 100MG GEN;SIN ASIGNAR(M);2025-04-29 00:00:00.0
7891317014773;83461;PP CTBA PINHEIRINHO II;EMAMAC/30 CAPS 400MG;SIN ASIGNAR(M);2025-05-27 00:00:00.0
7891317001513;83461;PP CTBA PINHEIRINHO II;ACICLOVIR EUROC/25 CPR 200MG GEN;SIN ASIGNAR(M);2024-09-07 00:00:00.0
7891268106213;83461;PP CTBA PINHEIRINHO II;PROVERAC/14 CPR 10MG;SIN ASIGNAR(M);2025-07-05 00:00:00.0
7891106000956;83461;PP CTBA PINHEIRINHO II;BAYCUTEN N40GR CR 10+0,4MG;SIN ASIGNAR(M);2025-04-30 00:00:00.0
7890282800015;83461;PP CTBA PINHEIRINHO II;ADEFORTE3ML SOL ORAL;SIN ASIGNAR(M);2023-09-27 00:00:00.0
5060632508508;83461;PP CTBA PINHEIRINHO II;SYSTEN CONTIC/8 ADES 50+170MCG/DIA;SIN ASIGNAR(M);2025-03-20 00:00:00.0
7898687732993;83144;PP JLLE PROCOPIO GOMES;DAMATERC/30 CAPS;SIN ASIGNAR(M);2023-11-09 00:00:00.0
7898074617612;83144;PP JLLE PROCOPIO GOMES;FLUIMUCILC/16 CPR EFERV 600MG;SIN ASIGNAR(M);2025-09-05 00:00:00.0
7898074613430;83144;PP JLLE PROCOPIO GOMES;FLUIMUCILC/16 CPR EFERV 200MG;SIN ASIGNAR(M);2022-06-20 00:00:00.0
7898074611276;83144;PP JLLE PROCOPIO GOMES;FLUIMUCILC/60 CPR EFERV 600MG;SIN ASIGNAR(M);2024-04-17 00:00:00.0
7897595635198;83144;PP JLLE PROCOPIO GOMES;ACICLOVIR SANDOZC/50 CPR 200MG GEN;SIN ASIGNAR(M);2025-01-25 00:00:00.0
7897595602503;83144;PP JLLE PROCOPIO GOMES;HERPESILC/25 CPR 200MG;SIN ASIGNAR(M);2025-08-03 00:00:00.0
7897316802861;83144;PP JLLE PROCOPIO GOMES;PRED MILD10ML COLI 0,12%;SIN ASIGNAR(M);2026-05-11 00:00:00.0
7896658001680;83144;PP JLLE PROCOPIO GOMES;VITA E ACHEC/30 CAPS 400MG;SIN ASIGNAR(M);2025-07-06 00:00:00.0
7896523227092;83144;PP JLLE PROCOPIO GOMES;ACECLOFENACO CIMEDC/12 CPR REV 100MG GEN;SIN ASIGNAR(M);2024-10-24 00:00:00.0
7896241265543;83144;PP JLLE PROCOPIO GOMES;SUPREMAC/28 CPR REV 2+1MG;SIN ASIGNAR(M);2025-07-25 00:00:00.0
7896112400554;83144;PP JLLE PROCOPIO GOMES;DTN-FOLC/90 CAPS 400MCG+10MG;SIN ASIGNAR(M);2024-03-13 00:00:00.0
7896112116929;83144;PP JLLE PROCOPIO GOMES;TEUTOVIT EC/30 CAPS 400MG;SIN ASIGNAR(M);2022-03-25 00:00:00.0
7896094208506;83144;PP JLLE PROCOPIO GOMES;NATIFA PRO UBDC/28 CPR REV 0,5+0,1MG;SIN ASIGNAR(M);2025-02-15 00:00:00.0
7896094201477;83144;PP JLLE PROCOPIO GOMES;NATIFA PROC/28 CPR REV 1+0,5MG;SIN ASIGNAR(M);2025-09-08 00:00:00.0
7896006290667;83144;PP JLLE PROCOPIO GOMES;STER MD10ML SUSP OFT 1,2MG/ML;SIN ASIGNAR(M);2025-05-21 00:00:00.0
7896006245339;83144;PP JLLE PROCOPIO GOMES;DIAMOXC/30 CPR 250MG;SIN ASIGNAR(M);2025-09-08 00:00:00.0
7896006245322;83144;PP JLLE PROCOPIO GOMES;DIAMOXC/25 CPR 250MG;SIN ASIGNAR(M);2023-08-08 00:00:00.0
7896006201731;83144;PP JLLE PROCOPIO GOMES;PRIMOSISTONC/30 CPR 2+0,01MG;SIN ASIGNAR(M);2025-09-04 00:00:00.0
7896006201717;83144;PP JLLE PROCOPIO GOMES;PRIMOLUT NOR 10C/30 CPR 10MG;SIN ASIGNAR(M);2025-04-19 00:00:00.0
7896004775043;83144;PP JLLE PROCOPIO GOMES;ACICLOVIR EMSC/30 CPR 400MG GEN;SIN ASIGNAR(M);2025-07-29 00:00:00.0
7896004722122;83144;PP JLLE PROCOPIO GOMES;ACECLOFENACO EMSC/12 CPR REV 100MG GEN;SIN ASIGNAR(M);2025-07-08 00:00:00.0
7891721202391;83144;PP JLLE PROCOPIO GOMES;ACICLOVIR MERCKC/30 CPR 400MG GEN;SIN ASIGNAR(M);2025-08-11 00:00:00.0
7891721023484;83144;PP JLLE PROCOPIO GOMES;ACICLOVIR MERCKC/30 CPR 400MG GEN;SIN ASIGNAR(M);2022-04-07 00:00:00.0
7891317411923;83144;PP JLLE PROCOPIO GOMES;PROFLAMC/12 CPR REV 100MG;SIN ASIGNAR(M);2025-08-26 00:00:00.0
7891317014773;83144;PP JLLE PROCOPIO GOMES;EMAMAC/30 CAPS 400MG;SIN ASIGNAR(M);2025-05-19 00:00:00.0
7891317001513;83144;PP JLLE PROCOPIO GOMES;ACICLOVIR EUROC/25 CPR 200MG GEN;SIN ASIGNAR(M);2025-07-22 00:00:00.0
7891268106213;83144;PP JLLE PROCOPIO GOMES;PROVERAC/14 CPR 10MG;SIN ASIGNAR(M);2025-09-01 00:00:00.0
7891106006149;83144;PP JLLE PROCOPIO GOMES;EPHYNALC/30 CAPS 400MG;SIN ASIGNAR(M);2024-10-02 00:00:00.0
7891106000956;83144;PP JLLE PROCOPIO GOMES;BAYCUTEN N40GR CR 10+0,4MG;SIN ASIGNAR(M);2025-07-17 00:00:00.0
7890282800015;83144;PP JLLE PROCOPIO GOMES;ADEFORTE3ML SOL ORAL;SIN ASIGNAR(M);2023-09-22 00:00:00.0
5060632508508;83144;PP JLLE PROCOPIO GOMES;SYSTEN CONTIC/8 ADES 50+170MCG/DIA;SIN ASIGNAR(M);2025-08-10 00:00:00.0
7898687732993;83152;PP JLLE RODRIGUES;DAMATERC/30 CAPS;SIN ASIGNAR(M);2023-12-09 00:00:00.0
7898149934514;83152;PP JLLE RODRIGUES;CIPROTERONA BERGAMOC/20 CPR 50MG GEN;SIN ASIGNAR(M);2024-10-01 00:00:00.0
7898074617612;83152;PP JLLE RODRIGUES;FLUIMUCILC/16 CPR EFERV 600MG;SIN ASIGNAR(M);2025-03-20 00:00:00.0
7898074611276;83152;PP JLLE RODRIGUES;FLUIMUCILC/60 CPR EFERV 600MG;SIN ASIGNAR(M);2024-07-17 00:00:00.0
7898049795260;83152;PP JLLE RODRIGUES;ACECLOFENACO VITAMEDICC/12 CPR REV 100MG GEN;SIN ASIGNAR(M);2026-05-17 00:00:00.0
7897595635198;83152;PP JLLE RODRIGUES;ACICLOVIR SANDOZC/50 CPR 200MG GEN;SIN ASIGNAR(M);2025-09-01 00:00:00.0
7897595604460;83152;PP JLLE RODRIGUES;LECTRUM1,5ML PO LIOF+SOL DIL 3,75MG;SIN ASIGNAR(M);2022-02-08 00:00:00.0
7897595602503;83152;PP JLLE RODRIGUES;HERPESILC/25 CPR 200MG;SIN ASIGNAR(M);2025-08-19 00:00:00.0
7897076909312;83152;PP JLLE RODRIGUES;ACECLOFENACO RANBAXYC/12 CPR REV 100MG GEN;SIN ASIGNAR(M);2024-02-15 00:00:00.0
7896658001680;83152;PP JLLE RODRIGUES;VITA E ACHEC/30 CAPS 400MG;SIN ASIGNAR(M);2025-07-11 00:00:00.0
7896523227092;83152;PP JLLE RODRIGUES;ACECLOFENACO CIMEDC/12 CPR REV 100MG GEN;SIN ASIGNAR(M);2023-12-22 00:00:00.0
7896241265543;83152;PP JLLE RODRIGUES;SUPREMAC/28 CPR REV 2+1MG;SIN ASIGNAR(M);2025-09-06 00:00:00.0
7896165600055;83152;PP JLLE RODRIGUES;DDAVPC/30 CPR 0,2MG;SIN ASIGNAR(M);2024-06-18 00:00:00.0
7896165600048;83152;PP JLLE RODRIGUES;DDAVPC/30 CPR 0,1MG;SIN ASIGNAR(M);2026-09-09 00:00:00.0
7896112400554;83152;PP JLLE RODRIGUES;DTN-FOLC/90 CAPS 400MCG+10MG;SIN ASIGNAR(M);2024-05-10 00:00:00.0
7896112116929;83152;PP JLLE RODRIGUES;TEUTOVIT EC/30 CAPS 400MG;SIN ASIGNAR(M);2023-05-09 00:00:00.0
7896094208506;83152;PP JLLE RODRIGUES;NATIFA PRO UBDC/28 CPR REV 0,5+0,1MG;SIN ASIGNAR(M);2025-09-05 00:00:00.0
7896094201477;83152;PP JLLE RODRIGUES;NATIFA PROC/28 CPR REV 1+0,5MG;SIN ASIGNAR(M);2025-09-07 00:00:00.0
7896006290667;83152;PP JLLE RODRIGUES;STER MD10ML SUSP OFT 1,2MG/ML;SIN ASIGNAR(M);2025-05-12 00:00:00.0
7896006245339;83152;PP JLLE RODRIGUES;DIAMOXC/30 CPR 250MG;SIN ASIGNAR(M);2025-08-21 00:00:00.0
7896006245322;83152;PP JLLE RODRIGUES;DIAMOXC/25 CPR 250MG;SIN ASIGNAR(M);2023-06-08 00:00:00.0
7896006201731;83152;PP JLLE RODRIGUES;PRIMOSISTONC/30 CPR 2+0,01MG;SIN ASIGNAR(M);2025-09-05 00:00:00.0
7896006201717;83152;PP JLLE RODRIGUES;PRIMOLUT NOR 10C/30 CPR 10MG;SIN ASIGNAR(M);2025-06-16 00:00:00.0
7896004775043;83152;PP JLLE RODRIGUES;ACICLOVIR EMSC/30 CPR 400MG GEN;SIN ASIGNAR(M);2025-07-31 00:00:00.0
7896004722122;83152;PP JLLE RODRIGUES;ACECLOFENACO EMSC/12 CPR REV 100MG GEN;SIN ASIGNAR(M);2025-09-08 00:00:00.0
7891721202391;83152;PP JLLE RODRIGUES;ACICLOVIR MERCKC/30 CPR 400MG GEN;SIN ASIGNAR(M);2025-08-25 00:00:00.0
7891721023484;83152;PP JLLE RODRIGUES;ACICLOVIR MERCKC/30 CPR 400MG GEN;SIN ASIGNAR(M);2022-03-17 00:00:00.0
7891317411923;83152;PP JLLE RODRIGUES;PROFLAMC/12 CPR REV 100MG;SIN ASIGNAR(M);2023-02-17 00:00:00.0
7891317020002;83152;PP JLLE RODRIGUES;ACECLOFENACO EUROC/12 CPR REV 100MG GEN;SIN ASIGNAR(M);2025-04-06 00:00:00.0
7891317014773;83152;PP JLLE RODRIGUES;EMAMAC/30 CAPS 400MG;SIN ASIGNAR(M);2025-05-31 00:00:00.0
7891317001513;83152;PP JLLE RODRIGUES;ACICLOVIR EUROC/25 CPR 200MG GEN;SIN ASIGNAR(M);2025-07-07 00:00:00.0
7891268106213;83152;PP JLLE RODRIGUES;PROVERAC/14 CPR 10MG;SIN ASIGNAR(M);2025-07-18 00:00:00.0
7891142128638;83152;PP JLLE RODRIGUES;CELESTONE SOLUSPAN1ML SUSP INJ 3+3MG/ML;SIN ASIGNAR(M);2022-08-11 00:00:00.0
7891106000956;83152;PP JLLE RODRIGUES;BAYCUTEN N40GR CR 10+0,4MG;SIN ASIGNAR(M);2025-08-24 00:00:00.0
7890282800015;83152;PP JLLE RODRIGUES;ADEFORTE3ML SOL ORAL;SIN ASIGNAR(M);2023-09-27 00:00:00.0
5060632508515;83152;PP JLLE RODRIGUES;SYSTEN SEQUIC/8 ADES 50+50+170MCG/DIA;SIN ASIGNAR(M);2025-02-17 00:00:00.0
5060632508508;83152;PP JLLE RODRIGUES;SYSTEN CONTIC/8 ADES 50+170MCG/DIA;SIN ASIGNAR(M);2025-08-28 00:00:00.0
7898687732993;83220;PP JLLE JARDIM PARAÍSO;DAMATERC/30 CAPS;SIN ASIGNAR(M);2023-01-14 00:00:00.0
7898149934514;83220;PP JLLE JARDIM PARAÍSO;CIPROTERONA BERGAMOC/20 CPR 50MG GEN;SIN ASIGNAR(M);2025-09-05 00:00:00.0
7898074617612;83220;PP JLLE JARDIM PARAÍSO;FLUIMUCILC/16 CPR EFERV 600MG;SIN ASIGNAR(M);2023-08-14 00:00:00.0
7898074611276;83220;PP JLLE JARDIM PARAÍSO;FLUIMUCILC/60 CPR EFERV 600MG;SIN ASIGNAR(M);2025-05-07 00:00:00.0
7898049795260;83220;PP JLLE JARDIM PARAÍSO;ACECLOFENACO VITAMEDICC/12 CPR REV 100MG GEN;SIN ASIGNAR(M);2026-08-19 00:00:00.0
7897595639066;83220;PP JLLE JARDIM PARAÍSO;ACICLOVIR NOVARTISC/30 CPR 400MG GEN;SIN ASIGNAR(M);2025-08-29 00:00:00.0
7897595635198;83220;PP JLLE JARDIM PARAÍSO;ACICLOVIR SANDOZC/50 CPR 200MG GEN;SIN ASIGNAR(M);2023-02-02 00:00:00.0
7897595602503;83220;PP JLLE JARDIM PARAÍSO;HERPESILC/25 CPR 200MG;SIN ASIGNAR(M);2025-05-04 00:00:00.0
7897076909343;83220;PP JLLE JARDIM PARAÍSO;ACECLOFENACO RANBAXYC/24 CPR REV 100MG GEN;SIN ASIGNAR(M);2023-04-13 00:00:00.0
7896658001680;83220;PP JLLE JARDIM PARAÍSO;VITA E ACHEC/30 CAPS 400MG;SIN ASIGNAR(M);2023-10-14 00:00:00.0
7896523227092;83220;PP JLLE JARDIM PARAÍSO;ACECLOFENACO CIMEDC/12 CPR REV 100MG GEN;SIN ASIGNAR(M);2024-04-05 00:00:00.0
7896241265543;83220;PP JLLE JARDIM PARAÍSO;SUPREMAC/28 CPR REV 2+1MG;SIN ASIGNAR(M);2025-08-09 00:00:00.0
7896112400554;83220;PP JLLE JARDIM PARAÍSO;DTN-FOLC/90 CAPS 400MCG+10MG;SIN ASIGNAR(M);2024-03-13 00:00:00.0
7896094208506;83220;PP JLLE JARDIM PARAÍSO;NATIFA PRO UBDC/28 CPR REV 0,5+0,1MG;SIN ASIGNAR(M);2025-08-20 00:00:00.0
7896094201477;83220;PP JLLE JARDIM PARAÍSO;NATIFA PROC/28 CPR REV 1+0,5MG;SIN ASIGNAR(M);2025-08-31 00:00:00.0
7896006290667;83220;PP JLLE JARDIM PARAÍSO;STER MD10ML SUSP OFT 1,2MG/ML;SIN ASIGNAR(M);2025-08-30 00:00:00.0
7896006245339;83220;PP JLLE JARDIM PARAÍSO;DIAMOXC/30 CPR 250MG;SIN ASIGNAR(M);2025-09-05 00:00:00.0
7896006245322;83220;PP JLLE JARDIM PARAÍSO;DIAMOXC/25 CPR 250MG;SIN ASIGNAR(M);2023-06-01 00:00:00.0
7896006201731;83220;PP JLLE JARDIM PARAÍSO;PRIMOSISTONC/30 CPR 2+0,01MG;SIN ASIGNAR(M);2025-08-23 00:00:00.0
7896006201717;83220;PP JLLE JARDIM PARAÍSO;PRIMOLUT NOR 10C/30 CPR 10MG;SIN ASIGNAR(M);2025-09-01 00:00:00.0
7896004775043;83220;PP JLLE JARDIM PARAÍSO;ACICLOVIR EMSC/30 CPR 400MG GEN;SIN ASIGNAR(M);2023-07-05 00:00:00.0
7896004722122;83220;PP JLLE JARDIM PARAÍSO;ACECLOFENACO EMSC/12 CPR REV 100MG GEN;SIN ASIGNAR(M);2025-08-08 00:00:00.0
7894916503754;83220;PP JLLE JARDIM PARAÍSO;AGLUCOSEC/30 CPR 50MG;SIN ASIGNAR(M);2026-06-03 00:00:00.0
7891721202391;83220;PP JLLE JARDIM PARAÍSO;ACICLOVIR MERCKC/30 CPR 400MG GEN;SIN ASIGNAR(M);2025-07-31 00:00:00.0
7891317411923;83220;PP JLLE JARDIM PARAÍSO;PROFLAMC/12 CPR REV 100MG;SIN ASIGNAR(M);2025-08-20 00:00:00.0
7891317014773;83220;PP JLLE JARDIM PARAÍSO;EMAMAC/30 CAPS 400MG;SIN ASIGNAR(M);2025-04-12 00:00:00.0
7891317001513;83220;PP JLLE JARDIM PARAÍSO;ACICLOVIR EUROC/25 CPR 200MG GEN;SIN ASIGNAR(M);2023-05-03 00:00:00.0
7891268106213;83220;PP JLLE JARDIM PARAÍSO;PROVERAC/14 CPR 10MG;SIN ASIGNAR(M);2025-08-18 00:00:00.0
7891106000956;83220;PP JLLE JARDIM PARAÍSO;BAYCUTEN N40GR CR 10+0,4MG;SIN ASIGNAR(M);2025-08-29 00:00:00.0
7890282800015;83220;PP JLLE JARDIM PARAÍSO;ADEFORTE3ML SOL ORAL;SIN ASIGNAR(M);2023-09-12 00:00:00.0
5060632508508;83220;PP JLLE JARDIM PARAÍSO;SYSTEN CONTIC/8 ADES 50+170MCG/DIA;SIN ASIGNAR(M);2025-07-24 00:00:00.0
7898687732993;83511;PP JLLE COSTA E SILVA;DAMATERC/30 CAPS;SIN ASIGNAR(M);2023-11-24 00:00:00.0
7898149934514;83511;PP JLLE COSTA E SILVA;CIPROTERONA BERGAMOC/20 CPR 50MG GEN;SIN ASIGNAR(M);2025-07-28 00:00:00.0
7898074617612;83511;PP JLLE COSTA E SILVA;FLUIMUCILC/16 CPR EFERV 600MG;SIN ASIGNAR(M);2025-07-18 00:00:00.0
7898074613430;83511;PP JLLE COSTA E SILVA;FLUIMUCILC/16 CPR EFERV 200MG;SIN ASIGNAR(M);2022-05-07 00:00:00.0
7897595639134;83511;PP JLLE COSTA E SILVA;ACICLOVIR SANDOZC/60 CPR 400MG GEN;SIN ASIGNAR(M);2026-06-05 00:00:00.0
7897595639066;83511;PP JLLE COSTA E SILVA;ACICLOVIR NOVARTISC/30 CPR 400MG GEN;SIN ASIGNAR(M);2025-09-03 00:00:00.0
7897595635198;83511;PP JLLE COSTA E SILVA;ACICLOVIR SANDOZC/50 CPR 200MG GEN;SIN ASIGNAR(M);2025-06-10 00:00:00.0
7897595604460;83511;PP JLLE COSTA E SILVA;LECTRUM1,5ML PO LIOF+SOL DIL 3,75MG;SIN ASIGNAR(M);2023-05-10 00:00:00.0
7897595602503;83511;PP JLLE COSTA E SILVA;HERPESILC/25 CPR 200MG;SIN ASIGNAR(M);2025-03-06 00:00:00.0
7897316802861;83511;PP JLLE COSTA E SILVA;PRED MILD10ML COLI 0,12%;SIN ASIGNAR(M);2025-05-29 00:00:00.0
7896658001680;83511;PP JLLE COSTA E SILVA;VITA E ACHEC/30 CAPS 400MG;SIN ASIGNAR(M);2025-07-15 00:00:00.0
7896523227092;83511;PP JLLE COSTA E SILVA;ACECLOFENACO CIMEDC/12 CPR REV 100MG GEN;SIN ASIGNAR(M);2023-03-08 00:00:00.0
7896241265543;83511;PP JLLE COSTA E SILVA;SUPREMAC/28 CPR REV 2+1MG;SIN ASIGNAR(M);2025-09-04 00:00:00.0
7896165600055;83511;PP JLLE COSTA E SILVA;DDAVPC/30 CPR 0,2MG;SIN ASIGNAR(M);2021-10-07 00:00:00.0
7896112400554;83511;PP JLLE COSTA E SILVA;DTN-FOLC/90 CAPS 400MCG+10MG;SIN ASIGNAR(M);2024-04-27 00:00:00.0
7896094208506;83511;PP JLLE COSTA E SILVA;NATIFA PRO UBDC/28 CPR REV 0,5+0,1MG;SIN ASIGNAR(M);2025-09-08 00:00:00.0
7896094201477;83511;PP JLLE COSTA E SILVA;NATIFA PROC/28 CPR REV 1+0,5MG;SIN ASIGNAR(M);2025-09-02 00:00:00.0
7896006290667;83511;PP JLLE COSTA E SILVA;STER MD10ML SUSP OFT 1,2MG/ML;SIN ASIGNAR(M);2025-05-23 00:00:00.0
7896006245339;83511;PP JLLE COSTA E SILVA;DIAMOXC/30 CPR 250MG;SIN ASIGNAR(M);2025-08-15 00:00:00.0
7896006245322;83511;PP JLLE COSTA E SILVA;DIAMOXC/25 CPR 250MG;SIN ASIGNAR(M);2023-05-23 00:00:00.0
7896006201731;83511;PP JLLE COSTA E SILVA;PRIMOSISTONC/30 CPR 2+0,01MG;SIN ASIGNAR(M);2025-08-25 00:00:00.0
7896006201717;83511;PP JLLE COSTA E SILVA;PRIMOLUT NOR 10C/30 CPR 10MG;SIN ASIGNAR(M);2025-08-24 00:00:00.0
7896004775043;83511;PP JLLE COSTA E SILVA;ACICLOVIR EMSC/30 CPR 400MG GEN;SIN ASIGNAR(M);2025-05-29 00:00:00.0
7896004722122;83511;PP JLLE COSTA E SILVA;ACECLOFENACO EMSC/12 CPR REV 100MG GEN;SIN ASIGNAR(M);2025-06-25 00:00:00.0
7894916503754;83511;PP JLLE COSTA E SILVA;AGLUCOSEC/30 CPR 50MG;SIN ASIGNAR(M);2025-05-08 00:00:00.0
7891721202407;83511;PP JLLE COSTA E SILVA;ACICLOVIR MERCKC/25 CPR 200MG GEN;SIN ASIGNAR(M);2023-06-15 00:00:00.0
7891721202391;83511;PP JLLE COSTA E SILVA;ACICLOVIR MERCKC/30 CPR 400MG GEN;SIN ASIGNAR(M);2025-08-09 00:00:00.0
7891721023484;83511;PP JLLE COSTA E SILVA;ACICLOVIR MERCKC/30 CPR 400MG GEN;SIN ASIGNAR(M);2022-04-19 00:00:00.0
7891721023477;83511;PP JLLE COSTA E SILVA;ACICLOVIR MERCKC/25 CPR 200MG GEN;SIN ASIGNAR(M);2022-04-20 00:00:00.0
7891317411923;83511;PP JLLE COSTA E SILVA;PROFLAMC/12 CPR REV 100MG;SIN ASIGNAR(M);2025-08-30 00:00:00.0
7891317020002;83511;PP JLLE COSTA E SILVA;ACECLOFENACO EUROC/12 CPR REV 100MG GEN;SIN ASIGNAR(M);2025-07-28 00:00:00.0
7891317014773;83511;PP JLLE COSTA E SILVA;EMAMAC/30 CAPS 400MG;SIN ASIGNAR(M);2025-06-23 00:00:00.0
7891317001513;83511;PP JLLE COSTA E SILVA;ACICLOVIR EUROC/25 CPR 200MG GEN;SIN ASIGNAR(M);2025-09-06 00:00:00.0
7891268106213;83511;PP JLLE COSTA E SILVA;PROVERAC/14 CPR 10MG;SIN ASIGNAR(M);2025-06-26 00:00:00.0
7891142128638;83511;PP JLLE COSTA E SILVA;CELESTONE SOLUSPAN1ML SUSP INJ 3+3MG/ML;SIN ASIGNAR(M);2025-01-29 00:00:00.0
7891106006149;83511;PP JLLE COSTA E SILVA;EPHYNALC/30 CAPS 400MG;SIN ASIGNAR(M);2024-08-07 00:00:00.0
7891106000956;83511;PP JLLE COSTA E SILVA;BAYCUTEN N40GR CR 10+0,4MG;SIN ASIGNAR(M);2025-08-19 00:00:00.0
7890282800015;83511;PP JLLE COSTA E SILVA;ADEFORTE3ML SOL ORAL;SIN ASIGNAR(M);2023-09-23 00:00:00.0
5060632508515;83511;PP JLLE COSTA E SILVA;SYSTEN SEQUIC/8 ADES 50+50+170MCG/DIA;SIN ASIGNAR(M);2023-11-09 00:00:00.0
5060632508508;83511;PP JLLE COSTA E SILVA;SYSTEN CONTIC/8 ADES 50+170MCG/DIA;SIN ASIGNAR(M);2025-09-06 00:00:00.0
7898687732993;83075;PP INDAIAL NAÇÕES;DAMATERC/30 CAPS;SIN ASIGNAR(M);2023-09-27 00:00:00.0
7898149934514;83075;PP INDAIAL NAÇÕES;CIPROTERONA BERGAMOC/20 CPR 50MG GEN;SIN ASIGNAR(M);2025-07-15 00:00:00.0
7898074617612;83075;PP INDAIAL NAÇÕES;FLUIMUCILC/16 CPR EFERV 600MG;SIN ASIGNAR(M);2024-06-29 00:00:00.0
7898074616943;83075;PP INDAIAL NAÇÕES;FLUIMUCIL20ML SOL NAS 11,5MG/ML;SIN ASIGNAR(M);2021-10-08 00:00:00.0
7897595635198;83075;PP INDAIAL NAÇÕES;ACICLOVIR SANDOZC/50 CPR 200MG GEN;SIN ASIGNAR(M);2023-01-04 00:00:00.0
7897595604460;83075;PP INDAIAL NAÇÕES;ZZLECTRUM1,5ML PO LIOF+SOL DIL 3,75MG;SIN ASIGNAR(M);2026-08-31 00:00:00.0
7897595602503;83075;PP INDAIAL NAÇÕES;HERPESILC/25 CPR 200MG;SIN ASIGNAR(M);2023-02-16 00:00:00.0
7897076909343;83075;PP INDAIAL NAÇÕES;ACECLOFENACO RANBAXYC/24 CPR REV 100MG GEN;SIN ASIGNAR(M);2025-08-28 00:00:00.0
7897076909312;83075;PP INDAIAL NAÇÕES;ACECLOFENACO RANBAXYC/12 CPR REV 100MG GEN;SIN ASIGNAR(M);2024-05-23 00:00:00.0
7896658001680;83075;PP INDAIAL NAÇÕES;VITA E ACHEC/30 CAPS 400MG;SIN ASIGNAR(M);2025-04-10 00:00:00.0
7896523227092;83075;PP INDAIAL NAÇÕES;ACECLOFENACO CIMEDC/12 CPR REV 100MG GEN;SIN ASIGNAR(M);2024-05-22 00:00:00.0
7896241265543;83075;PP INDAIAL NAÇÕES;SUPREMAC/28 CPR REV 2+1MG;SIN ASIGNAR(M);2025-09-05 00:00:00.0
7896112427032;83075;PP INDAIAL NAÇÕES;ENVIDC/30 CAPS 800MCG+20MG;SIN ASIGNAR(M);2022-10-03 00:00:00.0
7896112400554;83075;PP INDAIAL NAÇÕES;DTN-FOLC/90 CAPS 400MCG+10MG;SIN ASIGNAR(M);2023-05-05 00:00:00.0
7896112116929;83075;PP INDAIAL NAÇÕES;TEUTOVIT EC/30 CAPS 400MG;SIN ASIGNAR(M);2024-02-28 00:00:00.0
7896094208506;83075;PP INDAIAL NAÇÕES;NATIFA PRO UBDC/28 CPR REV 0,5+0,1MG;SIN ASIGNAR(M);2025-06-07 00:00:00.0
7896094201477;83075;PP INDAIAL NAÇÕES;NATIFA PROC/28 CPR REV 1+0,5MG;SIN ASIGNAR(M);2025-09-01 00:00:00.0
7896006290667;83075;PP INDAIAL NAÇÕES;STER MD10ML SUSP OFT 1,2MG/ML;SIN ASIGNAR(M);2023-05-04 00:00:00.0
7896006245339;83075;PP INDAIAL NAÇÕES;DIAMOXC/30 CPR 250MG;SIN ASIGNAR(M);2025-06-30 00:00:00.0
7896006245322;83075;PP INDAIAL NAÇÕES;DIAMOXC/25 CPR 250MG;SIN ASIGNAR(M);2023-03-08 00:00:00.0
7896006201731;83075;PP INDAIAL NAÇÕES;PRIMOSISTONC/30 CPR 2+0,01MG;SIN ASIGNAR(M);2025-08-14 00:00:00.0
7896006201717;83075;PP INDAIAL NAÇÕES;PRIMOLUT NOR 10C/30 CPR 10MG;SIN ASIGNAR(M);2025-05-05 00:00:00.0
7896004775043;83075;PP INDAIAL NAÇÕES;ACICLOVIR EMSC/30 CPR 400MG GEN;SIN ASIGNAR(M);2025-05-28 00:00:00.0
7896004722153;83075;PP INDAIAL NAÇÕES;ACECLOFENACO GERMEDC/24 CPR REV 100MG GEN;SIN ASIGNAR(M);2023-07-11 00:00:00.0
7896004722122;83075;PP INDAIAL NAÇÕES;ACECLOFENACO EMSC/12 CPR REV 100MG GEN;SIN ASIGNAR(M);2024-10-19 00:00:00.0
7891721202407;83075;PP INDAIAL NAÇÕES;ACICLOVIR MERCKC/30 CPR 200MG GEN;SIN ASIGNAR(M);2025-01-28 00:00:00.0
7891721202391;83075;PP INDAIAL NAÇÕES;ACICLOVIR MERCKC/30 CPR 400MG GEN;SIN ASIGNAR(M);2025-08-08 00:00:00.0
7891721023477;83075;PP INDAIAL NAÇÕES;ACICLOVIR MERCKC/25 CPR 200MG GEN;SIN ASIGNAR(M);2024-01-17 00:00:00.0
7891317411923;83075;PP INDAIAL NAÇÕES;PROFLAMC/12 CPR REV 100MG;SIN ASIGNAR(M);2025-08-27 00:00:00.0
7891317020002;83075;PP INDAIAL NAÇÕES;ACECLOFENACO EUROC/12 CPR REV 100MG GEN;SIN ASIGNAR(M);2025-04-09 00:00:00.0
7891317014773;83075;PP INDAIAL NAÇÕES;EMAMAC/30 CAPS 400MG;SIN ASIGNAR(M);2024-11-05 00:00:00.0
7891317001513;83075;PP INDAIAL NAÇÕES;ACICLOVIR EUROC/25 CPR 200MG GEN;SIN ASIGNAR(M);2025-07-24 00:00:00.0
7891268106213;83075;PP INDAIAL NAÇÕES;PROVERAC/14 CPR 10MG;SIN ASIGNAR(M);2025-08-16 00:00:00.0
7891142128638;83075;PP INDAIAL NAÇÕES;CELESTONE SOLUSPAN1ML SUSP INJ 3+3MG/ML;SIN ASIGNAR(M);2022-05-30 00:00:00.0
7891106000956;83075;PP INDAIAL NAÇÕES;BAYCUTEN N40GR CR 10+0,4MG;SIN ASIGNAR(M);2025-07-15 00:00:00.0
7890282800015;83075;PP INDAIAL NAÇÕES;ADEFORTE3ML SOL ORAL;SIN ASIGNAR(M);2023-09-16 00:00:00.0
5060632508508;83075;PP INDAIAL NAÇÕES;SYSTEN CONTIC/8 ADES 50+170MCG/DIA;SIN ASIGNAR(M);2024-11-18 00:00:00.0
7898687732993;83064;PP POA OTTO NIEMEYER;DAMATERC/30 CAPS;SIN ASIGNAR(M);2023-07-10 00:00:00.0
7898149934514;83064;PP POA OTTO NIEMEYER;CIPROTERONA BERGAMOC/20 CPR 50MG GEN;SIN ASIGNAR(M);2025-09-06 00:00:00.0
7898074617612;83064;PP POA OTTO NIEMEYER;FLUIMUCILC/16 CPR EFERV 600MG;SIN ASIGNAR(M);2024-04-17 00:00:00.0
7897595639066;83064;PP POA OTTO NIEMEYER;ACICLOVIR NOVARTISC/30 CPR 400MG GEN;SIN ASIGNAR(M);2026-07-07 00:00:00.0
7897595635198;83064;PP POA OTTO NIEMEYER;ACICLOVIR SANDOZC/50 CPR 200MG GEN;SIN ASIGNAR(M);2025-05-05 00:00:00.0
7897595602503;83064;PP POA OTTO NIEMEYER;HERPESILC/25 CPR 200MG;SIN ASIGNAR(M);2023-09-22 00:00:00.0
7896658001680;83064;PP POA OTTO NIEMEYER;VITA E ACHEC/30 CAPS 400MG;SIN ASIGNAR(M);2025-07-15 00:00:00.0
7896241265543;83064;PP POA OTTO NIEMEYER;SUPREMAC/28 CPR REV 2+1MG;SIN ASIGNAR(M);2023-01-11 00:00:00.0
7896165600055;83064;PP POA OTTO NIEMEYER;DDAVPC/30 CPR 0,2MG;SIN ASIGNAR(M);2024-04-04 00:00:00.0
7896165600048;83064;PP POA OTTO NIEMEYER;DDAVPC/30 CPR 0,1MG;SIN ASIGNAR(M);2025-12-18 00:00:00.0
7896112400554;83064;PP POA OTTO NIEMEYER;DTN-FOLC/90 CAPS 400MCG+10MG;SIN ASIGNAR(M);2024-07-01 00:00:00.0
7896112116929;83064;PP POA OTTO NIEMEYER;TEUTOVIT EC/30 CAPS 400MG;SIN ASIGNAR(M);2022-10-10 00:00:00.0
7896094208506;83064;PP POA OTTO NIEMEYER;NATIFA PRO UBDC/28 CPR REV 0,5+0,1MG;SIN ASIGNAR(M);2025-07-04 00:00:00.0
7896094201477;83064;PP POA OTTO NIEMEYER;NATIFA PROC/28 CPR REV 1+0,5MG;SIN ASIGNAR(M);2025-07-05 00:00:00.0
7896006290667;83064;PP POA OTTO NIEMEYER;STER MD10ML SUSP OFT 1,2MG/ML;SIN ASIGNAR(M);2023-03-17 00:00:00.0
7896006245339;83064;PP POA OTTO NIEMEYER;DIAMOXC/30 CPR 250MG;SIN ASIGNAR(M);2024-11-14 00:00:00.0
7896006245322;83064;PP POA OTTO NIEMEYER;DIAMOXC/25 CPR 250MG;SIN ASIGNAR(M);2023-04-28 00:00:00.0
7896006201731;83064;PP POA OTTO NIEMEYER;PRIMOSISTONC/30 CPR 2+0,01MG;SIN ASIGNAR(M);2025-07-03 00:00:00.0
7896006201717;83064;PP POA OTTO NIEMEYER;PRIMOLUT NOR 10C/30 CPR 10MG;SIN ASIGNAR(M);2025-02-07 00:00:00.0
7896004775043;83064;PP POA OTTO NIEMEYER;ACICLOVIR EMSC/30 CPR 400MG GEN;SIN ASIGNAR(M);2025-09-08 00:00:00.0
7896004722122;83064;PP POA OTTO NIEMEYER;ACECLOFENACO EMSC/12 CPR REV 100MG GEN;SIN ASIGNAR(M);2022-06-10 00:00:00.0
7894916503754;83064;PP POA OTTO NIEMEYER;AGLUCOSEC/30 CPR 50MG;SIN ASIGNAR(M);2025-09-04 00:00:00.0
7891317411923;83064;PP POA OTTO NIEMEYER;PROFLAMC/12 CPR REV 100MG;SIN ASIGNAR(M);2025-03-28 00:00:00.0
7891317020002;83064;PP POA OTTO NIEMEYER;ACECLOFENACO EUROC/12 CPR REV 100MG GEN;SIN ASIGNAR(M);2025-08-05 00:00:00.0
7891317014773;83064;PP POA OTTO NIEMEYER;EMAMAC/30 CAPS 400MG;SIN ASIGNAR(M);2022-10-20 00:00:00.0
7891317001513;83064;PP POA OTTO NIEMEYER;ACICLOVIR EUROC/25 CPR 200MG GEN;SIN ASIGNAR(M);2024-04-04 00:00:00.0
7891268106213;83064;PP POA OTTO NIEMEYER;PROVERAC/14 CPR 10MG;SIN ASIGNAR(M);2024-01-31 00:00:00.0
7891142128638;83064;PP POA OTTO NIEMEYER;CELESTONE SOLUSPAN1ML SUSP INJ 3+3MG/ML;SIN ASIGNAR(M);2025-08-28 00:00:00.0
7891106000956;83064;PP POA OTTO NIEMEYER;BAYCUTEN N40GR CR 10+0,4MG;SIN ASIGNAR(M);2025-08-18 00:00:00.0
7890282800015;83064;PP POA OTTO NIEMEYER;ADEFORTE3ML SOL ORAL;SIN ASIGNAR(M);2023-09-07 00:00:00.0
5060632508508;83064;PP POA OTTO NIEMEYER;SYSTEN CONTIC/8 ADES 50+170MCG/DIA;SIN ASIGNAR(M);2024-02-01 00:00:00.0
7898687732993;83509;PP S JOAQUIM I;DAMATERC/30 CAPS;SIN ASIGNAR(M);2023-10-11 00:00:00.0
7898074617612;83509;PP S JOAQUIM I;FLUIMUCILC/16 CPR EFERV 600MG;SIN ASIGNAR(M);2022-12-01 00:00:00.0
7898074613430;83509;PP S JOAQUIM I;FLUIMUCILC/16 CPR EFERV 200MG;SIN ASIGNAR(M);2023-06-16 00:00:00.0
7898074611276;83509;PP S JOAQUIM I;FLUIMUCILC/60 CPR EFERV 600MG;SIN ASIGNAR(M);2023-07-21 00:00:00.0
7897595639066;83509;PP S JOAQUIM I;ACICLOVIR NOVARTISC/30 CPR 400MG GEN;SIN ASIGNAR(M);2026-02-17 00:00:00.0
7897595635198;83509;PP S JOAQUIM I;ACICLOVIR SANDOZC/50 CPR 200MG GEN;SIN ASIGNAR(M);2023-12-05 00:00:00.0
7897595604460;83509;PP S JOAQUIM I;LECTRUM1,5ML PO LIOF+SOL DIL 3,75MG;SIN ASIGNAR(M);2022-10-07 00:00:00.0
7897595602503;83509;PP S JOAQUIM I;HERPESILC/25 CPR 200MG;SIN ASIGNAR(M);2022-09-21 00:00:00.0
7897316802861;83509;PP S JOAQUIM I;PRED MILD10ML COLI 0,12%;SIN ASIGNAR(M);2023-10-12 00:00:00.0
7897076909312;83509;PP S JOAQUIM I;ACECLOFENACO RANBAXYC/12 CPR REV 100MG GEN;SIN ASIGNAR(M);2025-06-18 00:00:00.0
7896658001680;83509;PP S JOAQUIM I;VITA E ACHEC/30 CAPS 400MG;SIN ASIGNAR(M);2025-08-01 00:00:00.0
7896523227092;83509;PP S JOAQUIM I;ACECLOFENACO CIMEDC/12 CPR REV 100MG GEN;SIN ASIGNAR(M);2024-06-21 00:00:00.0
7896269901348;83509;PP S JOAQUIM I;ZOVIRAXC/25 CPR 200MG;SIN ASIGNAR(M);2022-11-01 00:00:00.0
7896241265543;83509;PP S JOAQUIM I;SUPREMAC/28 CPR REV 2+1MG;SIN ASIGNAR(M);2022-12-20 00:00:00.0
7896112427032;83509;PP S JOAQUIM I;ENVIDC/30 CAPS 800MCG+20MG;SIN ASIGNAR(M);2023-01-18 00:00:00.0
7896112400554;83509;PP S JOAQUIM I;DTN-FOLC/90 CAPS 400MCG+10MG;SIN ASIGNAR(M);2024-08-01 00:00:00.0
7896094208506;83509;PP S JOAQUIM I;NATIFA PRO UBDC/28 CPR REV 0,5+0,1MG;SIN ASIGNAR(M);2025-08-21 00:00:00.0
7896094201477;83509;PP S JOAQUIM I;NATIFA PROC/28 CPR REV 1+0,5MG;SIN ASIGNAR(M);2025-08-22 00:00:00.0
7896006290667;83509;PP S JOAQUIM I;STER MD10ML SUSP OFT 1,2MG/ML;SIN ASIGNAR(M);2024-08-07 00:00:00.0
7896006245339;83509;PP S JOAQUIM I;DIAMOXC/30 CPR 250MG;SIN ASIGNAR(M);2024-11-04 00:00:00.0
7896006245322;83509;PP S JOAQUIM I;DIAMOXC/25 CPR 250MG;SIN ASIGNAR(M);2023-05-15 00:00:00.0
7896006201731;83509;PP S JOAQUIM I;PRIMOSISTONC/30 CPR 2+0,01MG;SIN ASIGNAR(M);2025-06-26 00:00:00.0
7896004775043;83509;PP S JOAQUIM I;ACICLOVIR EMSC/30 CPR 400MG GEN;SIN ASIGNAR(M);2025-08-15 00:00:00.0
7896004722122;83509;PP S JOAQUIM I;ACECLOFENACO EMSC/12 CPR REV 100MG GEN;SIN ASIGNAR(M);2024-12-24 00:00:00.0
7895858017002;83509;PP S JOAQUIM I;ZZFLORINEFEC/100 CPR 0,1MG;SIN ASIGNAR(M);2023-07-11 00:00:00.0
7894916503761;83509;PP S JOAQUIM I;AGLUCOSEC/30 CPR 100MG;SIN ASIGNAR(M);2024-08-07 00:00:00.0
7891721202391;83509;PP S JOAQUIM I;ACICLOVIR MERCKC/30 CPR 400MG GEN;SIN ASIGNAR(M);2023-01-09 00:00:00.0
7891317411923;83509;PP S JOAQUIM I;PROFLAMC/12 CPR REV 100MG;SIN ASIGNAR(M);2025-05-21 00:00:00.0
7891317020002;83509;PP S JOAQUIM I;ACECLOFENACO EUROC/12 CPR REV 100MG GEN;SIN ASIGNAR(M);2025-03-03 00:00:00.0
7891317014773;83509;PP S JOAQUIM I;EMAMAC/30 CAPS 400MG;SIN ASIGNAR(M);2025-03-20 00:00:00.0
7891317001513;83509;PP S JOAQUIM I;ACICLOVIR EUROC/25 CPR 200MG GEN;SIN ASIGNAR(M);2025-08-23 00:00:00.0
7891268106213;83509;PP S JOAQUIM I;PROVERAC/14 CPR 10MG;SIN ASIGNAR(M);2024-11-19 00:00:00.0
7891142128638;83509;PP S JOAQUIM I;CELESTONE SOLUSPAN1ML SUSP INJ 3+3MG/ML;SIN ASIGNAR(M);2025-07-31 00:00:00.0
7890282800015;83509;PP S JOAQUIM I;ADEFORTE3ML SOL ORAL;SIN ASIGNAR(M);2023-09-11 00:00:00.0
5060632508508;83509;PP S JOAQUIM I;SYSTEN CONTIC/8 ADES 50+170MCG/DIA;SIN ASIGNAR(M);2025-08-09 00:00:00.0
5000456057547;83509;PP S JOAQUIM I;ZZZOLADEX DEPOT3,6MG INJ;SIN ASIGNAR(M);2023-09-18 00:00:00.0
7898687732993;83221;PP CORUPÁ;DAMATERC/30 CAPS;SIN ASIGNAR(M);2023-12-06 00:00:00.0
7898149934514;83221;PP CORUPÁ;CIPROTERONA BERGAMOC/20 CPR 50MG GEN;SIN ASIGNAR(M);2024-08-21 00:00:00.0
7898074617612;83221;PP CORUPÁ;FLUIMUCILC/16 CPR EFERV 600MG;SIN ASIGNAR(M);2023-02-13 00:00:00.0
7898074611276;83221;PP CORUPÁ;FLUIMUCILC/60 CPR EFERV 600MG;SIN ASIGNAR(M);2023-08-17 00:00:00.0
7897595635198;83221;PP CORUPÁ;ACICLOVIR SANDOZC/50 CPR 200MG GEN;SIN ASIGNAR(M);2024-05-03 00:00:00.0
7897595602503;83221;PP CORUPÁ;HERPESILC/25 CPR 200MG;SIN ASIGNAR(M);2022-04-07 00:00:00.0
7897076909312;83221;PP CORUPÁ;ACECLOFENACO RANBAXYC/12 CPR REV 100MG GEN;SIN ASIGNAR(M);2023-02-14 00:00:00.0
7896658001680;83221;PP CORUPÁ;VITA E ACHEC/30 CAPS 400MG;SIN ASIGNAR(M);2025-01-25 00:00:00.0
7896523227092;83221;PP CORUPÁ;ACECLOFENACO CIMEDC/12 CPR REV 100MG GEN;SIN ASIGNAR(M);2023-11-13 00:00:00.0
7896241265543;83221;PP CORUPÁ;SUPREMAC/28 CPR REV 2+1MG;SIN ASIGNAR(M);2024-12-09 00:00:00.0
7896112400554;83221;PP CORUPÁ;DTN-FOLC/90 CAPS 400MCG+10MG;SIN ASIGNAR(M);2024-08-15 00:00:00.0
7896112116929;83221;PP CORUPÁ;TEUTOVIT EC/30 CAPS 400MG;SIN ASIGNAR(M);2023-08-26 00:00:00.0
7896094208506;83221;PP CORUPÁ;NATIFA PRO UBDC/28 CPR REV 0,5+0,1MG;SIN ASIGNAR(M);2024-12-12 00:00:00.0
7896094201477;83221;PP CORUPÁ;NATIFA PROC/28 CPR REV 1+0,5MG;SIN ASIGNAR(M);2025-08-22 00:00:00.0
7896006290667;83221;PP CORUPÁ;STER MD10ML SUSP OFT 1,2MG/ML;SIN ASIGNAR(M);2024-11-18 00:00:00.0
7896006245339;83221;PP CORUPÁ;DIAMOXC/30 CPR 250MG;SIN ASIGNAR(M);2025-06-28 00:00:00.0
7896006245322;83221;PP CORUPÁ;DIAMOXC/25 CPR 250MG;SIN ASIGNAR(M);2023-09-19 00:00:00.0
7896006201731;83221;PP CORUPÁ;PRIMOSISTONC/30 CPR 2+0,01MG;SIN ASIGNAR(M);2025-07-30 00:00:00.0
7896006201717;83221;PP CORUPÁ;PRIMOLUT NOR 10C/30 CPR 10MG;SIN ASIGNAR(M);2025-02-10 00:00:00.0
7896004775043;83221;PP CORUPÁ;ACICLOVIR EMSC/30 CPR 400MG GEN;SIN ASIGNAR(M);2025-01-06 00:00:00.0
7896004722122;83221;PP CORUPÁ;ACECLOFENACO EMSC/12 CPR REV 100MG GEN;SIN ASIGNAR(M);2025-04-08 00:00:00.0
7891721202391;83221;PP CORUPÁ;ACICLOVIR MERCKC/30 CPR 400MG GEN;SIN ASIGNAR(M);2025-09-04 00:00:00.0
7891721023484;83221;PP CORUPÁ;ACICLOVIR MERCKC/30 CPR 400MG GEN;SIN ASIGNAR(M);2021-11-25 00:00:00.0
7891317411923;83221;PP CORUPÁ;PROFLAMC/12 CPR REV 100MG;SIN ASIGNAR(M);2024-02-19 00:00:00.0
7891317014773;83221;PP CORUPÁ;EMAMAC/30 CAPS 400MG;SIN ASIGNAR(M);2025-05-05 00:00:00.0
7891317001513;83221;PP CORUPÁ;ACICLOVIR EUROC/25 CPR 200MG GEN;SIN ASIGNAR(M);2022-08-02 00:00:00.0
7891268106213;83221;PP CORUPÁ;PROVERAC/14 CPR 10MG;SIN ASIGNAR(M);2025-04-03 00:00:00.0
7891142128638;83221;PP CORUPÁ;CELESTONE SOLUSPAN1ML SUSP INJ 3+3MG/ML;SIN ASIGNAR(M);2025-05-19 00:00:00.0
7891106000956;83221;PP CORUPÁ;BAYCUTEN N40GR CR 10+0,4MG;SIN ASIGNAR(M);2025-06-27 00:00:00.0
7890282800015;83221;PP CORUPÁ;ADEFORTE3ML SOL ORAL;SIN ASIGNAR(M);2023-09-13 00:00:00.0
5060632508508;83221;PP CORUPÁ;SYSTEN CONTIC/8 ADES 50+170MCG/DIA;SIN ASIGNAR(M);2025-06-02 00:00:00.0
7898687732993;83066;PP ASTORGA;DAMATERC/30 CAPS;SIN ASIGNAR(M);2023-10-30 00:00:00.0
7898149934514;83066;PP ASTORGA;CIPROTERONA BERGAMOC/20 CPR 50MG GEN;SIN ASIGNAR(M);2025-08-14 00:00:00.0
7898074617612;83066;PP ASTORGA;FLUIMUCILC/16 CPR EFERV 600MG;SIN ASIGNAR(M);2023-11-01 00:00:00.0
7898074613430;83066;PP ASTORGA;FLUIMUCILC/16 CPR EFERV 200MG;SIN ASIGNAR(M);2023-05-16 00:00:00.0
7897595635198;83066;PP ASTORGA;ACICLOVIR SANDOZC/50 CPR 200MG GEN;SIN ASIGNAR(M);2024-03-19 00:00:00.0
7897595604460;83066;PP ASTORGA;LECTRUM1,5ML PO LIOF+SOL DIL 3,75MG;SIN ASIGNAR(M);2023-10-28 00:00:00.0
7897595602503;83066;PP ASTORGA;HERPESILC/25 CPR 200MG;SIN ASIGNAR(M);2022-12-05 00:00:00.0
7897316802861;83066;PP ASTORGA;PRED MILD10ML COLI 0,12%;SIN ASIGNAR(M);2023-01-23 00:00:00.0
7897076909343;83066;PP ASTORGA;ACECLOFENACO RANBAXYC/24 CPR REV 100MG GEN;SIN ASIGNAR(M);2025-08-07 00:00:00.0
7897076909312;83066;PP ASTORGA;ACECLOFENACO RANBAXYC/12 CPR REV 100MG GEN;SIN ASIGNAR(M);2025-02-06 00:00:00.0
7896658001680;83066;PP ASTORGA;VITA E ACHEC/30 CAPS 400MG;SIN ASIGNAR(M);2024-07-24 00:00:00.0
7896523227092;83066;PP ASTORGA;ACECLOFENACO CIMEDC/12 CPR REV 100MG GEN;SIN ASIGNAR(M);2023-11-14 00:00:00.0
7896241265543;83066;PP ASTORGA;SUPREMAC/28 CPR REV 2+1MG;SIN ASIGNAR(M);2025-06-10 00:00:00.0
7896112400554;83066;PP ASTORGA;DTN-FOLC/90 CAPS 400MCG+10MG;SIN ASIGNAR(M);2023-10-30 00:00:00.0
7896094208506;83066;PP ASTORGA;NATIFA PRO UBDC/28 CPR REV 0,5+0,1MG;SIN ASIGNAR(M);2025-08-25 00:00:00.0
7896094201477;83066;PP ASTORGA;NATIFA PROC/28 CPR REV 1+0,5MG;SIN ASIGNAR(M);2025-05-19 00:00:00.0
7896006290667;83066;PP ASTORGA;STER MD10ML SUSP OFT 1,2MG/ML;SIN ASIGNAR(M);2025-05-30 00:00:00.0
7896006245339;83066;PP ASTORGA;DIAMOXC/30 CPR 250MG;SIN ASIGNAR(M);2025-08-26 00:00:00.0
7896006245322;83066;PP ASTORGA;DIAMOXC/25 CPR 250MG;SIN ASIGNAR(M);2023-04-26 00:00:00.0
7896006201731;83066;PP ASTORGA;PRIMOSISTONC/30 CPR 2+0,01MG;SIN ASIGNAR(M);2025-07-29 00:00:00.0
7896006201717;83066;PP ASTORGA;PRIMOLUT NOR 10C/30 CPR 10MG;SIN ASIGNAR(M);2025-08-13 00:00:00.0
7896004775043;83066;PP ASTORGA;ACICLOVIR EMSC/30 CPR 400MG GEN;SIN ASIGNAR(M);2025-05-14 00:00:00.0
7896004722122;83066;PP ASTORGA;ACECLOFENACO EMSC/12 CPR REV 100MG GEN;SIN ASIGNAR(M);2025-07-18 00:00:00.0
7891721202391;83066;PP ASTORGA;ACICLOVIR MERCKC/30 CPR 400MG GEN;SIN ASIGNAR(M);2025-10-04 00:00:00.0
7891317411923;83066;PP ASTORGA;PROFLAMC/12 CPR REV 100MG;SIN ASIGNAR(M);2025-09-02 00:00:00.0
7891317014773;83066;PP ASTORGA;EMAMAC/30 CAPS 400MG;SIN ASIGNAR(M);2025-05-20 00:00:00.0
7891268106213;83066;PP ASTORGA;PROVERAC/14 CPR 10MG;SIN ASIGNAR(M);2023-09-15 00:00:00.0
7891142128638;83066;PP ASTORGA;CELESTONE SOLUSPAN1ML SUSP INJ 3+3MG/ML;SIN ASIGNAR(M);2022-07-27 00:00:00.0
7891106006149;83066;PP ASTORGA;EPHYNALC/30 CAPS 400MG;SIN ASIGNAR(M);2025-05-02 00:00:00.0
7890282800015;83066;PP ASTORGA;ADEFORTE3ML SOL ORAL;SIN ASIGNAR(M);2023-09-27 00:00:00.0
5060632508508;83066;PP ASTORGA;SYSTEN CONTIC/8 ADES 50+170MCG/DIA;SIN ASIGNAR(M);2024-04-25 00:00:00.0
7898687732993;83491;PP BARRA VELHA;DAMATERC/30 CAPS;SIN ASIGNAR(M);2023-11-06 00:00:00.0
7898149934514;83491;PP BARRA VELHA;CIPROTERONA BERGAMOC/20 CPR 50MG GEN;SIN ASIGNAR(M);2025-07-28 00:00:00.0
7898149932183;83491;PP BARRA VELHA;FEMIGESTROLC/30 CPR 160MG;SIN ASIGNAR(M);2025-10-31 00:00:00.0
7898074617612;83491;PP BARRA VELHA;FLUIMUCILC/16 CPR EFERV 600MG;SIN ASIGNAR(M);2025-05-14 00:00:00.0
7898074613430;83491;PP BARRA VELHA;FLUIMUCILC/16 CPR EFERV 200MG;SIN ASIGNAR(M);2024-07-26 00:00:00.0
7897595639066;83491;PP BARRA VELHA;ACICLOVIR NOVARTISC/30 CPR 400MG GEN;SIN ASIGNAR(M);2026-03-05 00:00:00.0
7897595635198;83491;PP BARRA VELHA;ACICLOVIR SANDOZC/50 CPR 200MG GEN;SIN ASIGNAR(M);2025-04-25 00:00:00.0
7897595604460;83491;PP BARRA VELHA;ZZLECTRUM1,5ML PO LIOF+SOL DIL 3,75MG;SIN ASIGNAR(M);2026-09-09 00:00:00.0
7897595602503;83491;PP BARRA VELHA;HERPESILC/25 CPR 200MG;SIN ASIGNAR(M);2025-07-21 00:00:00.0
7897316802861;83491;PP BARRA VELHA;PRED MILD10ML COLI 0,12%;SIN ASIGNAR(M);2021-10-13 00:00:00.0
7897076909343;83491;PP BARRA VELHA;ACECLOFENACO RANBAXYC/24 CPR REV 100MG GEN;SIN ASIGNAR(M);2025-09-04 00:00:00.0
7897076909312;83491;PP BARRA VELHA;ACECLOFENACO RANBAXYC/12 CPR REV 100MG GEN;SIN ASIGNAR(M);2022-03-01 00:00:00.0
7896658001680;83491;PP BARRA VELHA;VITA E ACHEC/30 CAPS 400MG;SIN ASIGNAR(M);2025-04-02 00:00:00.0
7896523227092;83491;PP BARRA VELHA;ACECLOFENACO CIMEDC/12 CPR REV 100MG GEN;SIN ASIGNAR(M);2023-04-12 00:00:00.0
7896241265543;83491;PP BARRA VELHA;SUPREMAC/28 CPR REV 2+1MG;SIN ASIGNAR(M);2025-09-05 00:00:00.0
7896165600055;83491;PP BARRA VELHA;DDAVPC/30 CPR 0,2MG;SIN ASIGNAR(M);2025-04-09 00:00:00.0
7896112400554;83491;PP BARRA VELHA;DTN-FOLC/90 CAPS 400MCG+10MG;SIN ASIGNAR(M);2024-06-06 00:00:00.0
7896112116929;83491;PP BARRA VELHA;TEUTOVIT EC/30 CAPS 400MG;SIN ASIGNAR(M);2024-01-21 00:00:00.0
7896094208506;83491;PP BARRA VELHA;NATIFA PRO UBDC/28 CPR REV 0,5+0,1MG;SIN ASIGNAR(M);2025-08-01 00:00:00.0
7896094201477;83491;PP BARRA VELHA;NATIFA PROC/28 CPR REV 1+0,5MG;SIN ASIGNAR(M);2025-09-06 00:00:00.0
7896006290667;83491;PP BARRA VELHA;STER MD10ML SUSP OFT 1,2MG/ML;SIN ASIGNAR(M);2025-07-05 00:00:00.0
7896006245339;83491;PP BARRA VELHA;DIAMOXC/30 CPR 250MG;SIN ASIGNAR(M);2025-09-08 00:00:00.0
7896006245322;83491;PP BARRA VELHA;DIAMOXC/25 CPR 250MG;SIN ASIGNAR(M);2023-07-02 00:00:00.0
7896006201731;83491;PP BARRA VELHA;PRIMOSISTONC/30 CPR 2+0,01MG;SIN ASIGNAR(M);2025-09-06 00:00:00.0
7896006201717;83491;PP BARRA VELHA;PRIMOLUT NOR 10C/30 CPR 10MG;SIN ASIGNAR(M);2025-05-17 00:00:00.0
7896004775043;83491;PP BARRA VELHA;ACICLOVIR EMSC/30 CPR 400MG GEN;SIN ASIGNAR(M);2022-03-01 00:00:00.0
7896004722122;83491;PP BARRA VELHA;ACECLOFENACO EMSC/12 CPR REV 100MG GEN;SIN ASIGNAR(M);2024-12-25 00:00:00.0
7894916503761;83491;PP BARRA VELHA;AGLUCOSEC/30 CPR 100MG;SIN ASIGNAR(M);2025-08-06 00:00:00.0
7891721202391;83491;PP BARRA VELHA;ACICLOVIR MERCKC/30 CPR 400MG GEN;SIN ASIGNAR(M);2025-08-04 00:00:00.0
7891721023484;83491;PP BARRA VELHA;ACICLOVIR MERCKC/30 CPR 400MG GEN;SIN ASIGNAR(M);2022-01-30 00:00:00.0
7891317411923;83491;PP BARRA VELHA;PROFLAMC/12 CPR REV 100MG;SIN ASIGNAR(M);2024-10-06 00:00:00.0
7891317014773;83491;PP BARRA VELHA;EMAMAC/30 CAPS 400MG;SIN ASIGNAR(M);2025-05-09 00:00:00.0
7891317001513;83491;PP BARRA VELHA;ACICLOVIR EUROC/25 CPR 200MG GEN;SIN ASIGNAR(M);2023-01-27 00:00:00.0
7891268106213;83491;PP BARRA VELHA;PROVERAC/14 CPR 10MG;SIN ASIGNAR(M);2025-05-30 00:00:00.0
7891142128638;83491;PP BARRA VELHA;CELESTONE SOLUSPAN1ML SUSP INJ 3+3MG/ML;SIN ASIGNAR(M);2025-07-23 00:00:00.0
7891106000956;83491;PP BARRA VELHA;BAYCUTEN N40GR CR 10+0,4MG;SIN ASIGNAR(M);2025-08-03 00:00:00.0
7890282800015;83491;PP BARRA VELHA;ADEFORTE3ML SOL ORAL;SIN ASIGNAR(M);2023-09-10 00:00:00.0
5060632508515;83491;PP BARRA VELHA;SYSTEN SEQUIC/8 ADES 50+50+170MCG/DIA;SIN ASIGNAR(M);2025-11-07 00:00:00.0
5060632508508;83491;PP BARRA VELHA;SYSTEN CONTIC/8 ADES 50+170MCG/DIA;SIN ASIGNAR(M);2025-06-20 00:00:00.0
5000456057547;83491;PP BARRA VELHA;ZZZOLADEX DEPOT3,6MG INJ;SIN ASIGNAR(M);2023-05-02 00:00:00.0
7898687732993;83451;PP PARANAGUÁ II;DAMATERC/30 CAPS;SIN ASIGNAR(M);2023-09-08 00:00:00.0
7898149934514;83451;PP PARANAGUÁ II;CIPROTERONA BERGAMOC/20 CPR 50MG GEN;SIN ASIGNAR(M);2025-08-01 00:00:00.0
7898074617612;83451;PP PARANAGUÁ II;FLUIMUCILC/16 CPR EFERV 600MG;SIN ASIGNAR(M);2023-04-29 00:00:00.0
7898074613430;83451;PP PARANAGUÁ II;FLUIMUCILC/16 CPR EFERV 200MG;SIN ASIGNAR(M);2021-11-17 00:00:00.0
7898074611276;83451;PP PARANAGUÁ II;FLUIMUCILC/60 CPR EFERV 600MG;SIN ASIGNAR(M);2024-02-01 00:00:00.0
7897595639066;83451;PP PARANAGUÁ II;ACICLOVIR NOVARTISC/30 CPR 400MG GEN;SIN ASIGNAR(M);2026-09-02 00:00:00.0
7897595635198;83451;PP PARANAGUÁ II;ACICLOVIR SANDOZC/50 CPR 200MG GEN;SIN ASIGNAR(M);2026-01-13 00:00:00.0
7897595602503;83451;PP PARANAGUÁ II;HERPESILC/25 CPR 200MG;SIN ASIGNAR(M);2025-07-24 00:00:00.0
7897316802861;83451;PP PARANAGUÁ II;PRED MILD10ML COLI 0,12%;SIN ASIGNAR(M);2021-12-02 00:00:00.0
7897076909312;83451;PP PARANAGUÁ II;ACECLOFENACO RANBAXYC/12 CPR REV 100MG GEN;SIN ASIGNAR(M);2025-08-15 00:00:00.0
7896658001680;83451;PP PARANAGUÁ II;VITA E ACHEC/30 CAPS 400MG;SIN ASIGNAR(M);2025-08-11 00:00:00.0
7896523227092;83451;PP PARANAGUÁ II;ACECLOFENACO CIMEDC/12 CPR REV 100MG GEN;SIN ASIGNAR(M);2023-02-01 00:00:00.0
